<?xml version="1.0" encoding="UTF-8" standalone="no"?>
<raConfiguration version="9">
  <generalSettings>
    <option key="#Board#" value="board.ra4e1_aik"/>
    <option key="CPU" value="RA4E1"/>
    <option key="Core" value="CM33"/>
    <option key="#TargetName#" value="R7FA4E10D2CFM"/>
    <option key="#TargetARCHITECTURE#" value="cortex-m33"/>
    <option key="#DeviceCommand#" value="R7FA4E10D"/>
    <option key="#RTOS#" value="_none"/>
    <option key="#pinconfiguration#" value="R7FA4E10D2CFM.pincfg"/>
    <option key="#FSPVersion#" value="5.2.0"/>
    <option key="#ConfigurationFragments#" value="Renesas##BSP##Board##aik_ra4e1##|Renesas##BSP##Board##ra4e1_aik##"/>
    <option key="#SELECTED_TOOLCHAIN#" value="gcc-arm-embedded"/>
    <option key="#ToolchainVersion#" value="12.2.1.arm-12-mpacbti-34"/>
  </generalSettings>
  <raBspConfiguration>
    <config id="config.bsp.ra4e1.R7FA4E10D2CFM">
      <property id="config.bsp.part_number" value="config.bsp.part_number.value"/>
      <property id="config.bsp.rom_size_bytes" value="config.bsp.rom_size_bytes.value"/>
      <property id="config.bsp.rom_size_bytes_hidden" value="524288"/>
      <property id="config.bsp.ram_size_bytes" value="config.bsp.ram_size_bytes.value"/>
      <property id="config.bsp.data_flash_size_bytes" value="config.bsp.data_flash_size_bytes.value"/>
      <property id="config.bsp.package_style" value="config.bsp.package_style.value"/>
      <property id="config.bsp.package_pins" value="config.bsp.package_pins.value"/>
      <property id="config.bsp.irq_count_hidden" value="96"/>
    </config>
    <config id="config.bsp.ra4e1">
      <property id="config.bsp.series" value="config.bsp.series.value"/>
    </config>
    <config id="config.bsp.ra4e1.fsp">
      <property id="config.bsp.fsp.inline_irq_functions" value="config.bsp.common.inline_irq_functions.enabled"/>
      <property id="config.bsp.fsp.tz.exception_response" value="config.bsp.fsp.tz.exception_response.nmi"/>
      <property id="config.bsp.fsp.tz.cmsis.bfhfnmins" value="config.bsp.fsp.tz.cmsis.bfhfnmins.secure"/>
      <property id="config.bsp.fsp.tz.cmsis.sysresetreqs" value="config.bsp.fsp.tz.cmsis.sysresetreqs.secure_only"/>
      <property id="config.bsp.fsp.tz.cmsis.s_priority_boost" value="config.bsp.fsp.tz.cmsis.s_priority_boost.disabled"/>
      <property id="config.bsp.fsp.tz.rstsar" value="config.bsp.fsp.tz.rstsar.both"/>
      <property id="config.bsp.fsp.tz.bbfsar" value="config.bsp.fsp.tz.bbfsar.both"/>
      <property id="config.bsp.fsp.tz.sramsar.sramprcr" value="config.bsp.fsp.tz.sramsar.sramprcr.both"/>
      <property id="config.bsp.fsp.tz.sramsar.sramecc" value="config.bsp.fsp.tz.sramsar.sramecc.both"/>
      <property id="config.bsp.fsp.tz.stbramsar" value="config.bsp.fsp.tz.stbramsar.both"/>
      <property id="config.bsp.fsp.tz.bussara" value="config.bsp.fsp.tz.bussara.both"/>
      <property id="config.bsp.fsp.tz.bussarb" value="config.bsp.fsp.tz.bussarb.both"/>
      <property id="config.bsp.fsp.tz.uninitialized_ns_application_fallback" value="config.bsp.fsp.tz.uninitialized_ns_application_fallback.enabled"/>
      <property id="config.bsp.fsp.OFS0.iwdt_start_mode" value="config.bsp.fsp.OFS0.iwdt_start_mode.disabled"/>
      <property id="config.bsp.fsp.OFS0.iwdt_timeout" value="config.bsp.fsp.OFS0.iwdt_timeout.2048"/>
      <property id="config.bsp.fsp.OFS0.iwdt_divisor" value="config.bsp.fsp.OFS0.iwdt_divisor.128"/>
      <property id="config.bsp.fsp.OFS0.iwdt_window_end" value="config.bsp.fsp.OFS0.iwdt_window_end.0"/>
      <property id="config.bsp.fsp.OFS0.iwdt_window_start" value="config.bsp.fsp.OFS0.iwdt_window_start.100"/>
      <property id="config.bsp.fsp.OFS0.iwdt_reset_interrupt" value="config.bsp.fsp.OFS0.iwdt_reset_interrupt.Reset"/>
      <property id="config.bsp.fsp.OFS0.iwdt_stop_control" value="config.bsp.fsp.OFS0.iwdt_stop_control.stops"/>
      <property id="config.bsp.fsp.OFS0.wdt_start_mode" value="config.bsp.fsp.OFS0.wdt_start_mode.register"/>
      <property id="config.bsp.fsp.OFS0.wdt_timeout" value="config.bsp.fsp.OFS0.wdt_timeout.16384"/>
      <property id="config.bsp.fsp.OFS0.wdt_divisor" value="config.bsp.fsp.OFS0.wdt_divisor.128"/>
      <property id="config.bsp.fsp.OFS0.wdt_window_end" value="config.bsp.fsp.OFS0.wdt_window_end.0"/>
      <property id="config.bsp.fsp.OFS0.wdt_window_start" value="config.bsp.fsp.OFS0.wdt_window_start.100"/>
      <property id="config.bsp.fsp.OFS0.wdt_reset_interrupt" value="config.bsp.fsp.OFS0.wdt_reset_interrupt.Reset"/>
      <property id="config.bsp.fsp.OFS0.wdt_stop_control" value="config.bsp.fsp.OFS0.wdt_stop_control.stops"/>
      <property id="config.bsp.fsp.OFS1_SEL.voltage_detection0_level" value="config.bsp.fsp.OFS1_SEL.voltage_detection0_level.secure"/>
      <property id="config.bsp.fsp.OFS1_SEL.voltage_detection0.start" value="config.bsp.fsp.OFS1_SEL.voltage_detection0.start.secure"/>
      <property id="config.bsp.fsp.OFS1.voltage_detection0.start" value="config.bsp.fsp.OFS1.voltage_detection0.start.disabled"/>
      <property id="config.bsp.fsp.OFS1.voltage_detection0_level" value="config.bsp.fsp.OFS1.voltage_detection0_level.280"/>
      <property id="config.bsp.fsp.OFS1.hoco_osc" value="config.bsp.fsp.OFS1.hoco_osc.enabled"/>
      <property id="config.bsp.fsp.BPS.BPS0" value=""/>
      <property id="config.bsp.fsp.PBPS.PBPS0" value=""/>
      <property id="config.bsp.fsp.hoco_fll" value="config.bsp.fsp.hoco_fll.disabled"/>
      <property id="config.bsp.common.main_osc_wait" value="config.bsp.common.main_osc_wait.wait_8163"/>
      <property id="config.bsp.fsp.mcu.adc.max_freq_hz" value="50000000"/>
      <property id="config.bsp.fsp.mcu.sci_uart.max_baud" value="16666667"/>
      <property id="config.bsp.fsp.mcu.sci_spi.max_bitrate" value="25000000"/>
      <property id="config.bsp.fsp.mcu.spi.max_bitrate" value="50000000"/>
      <property id="config.bsp.fsp.mcu.iic_master.rate.rate_fastplus" value="1"/>
      <property id="config.bsp.fsp.mcu.iic_master.fastplus_channels" value="0x1"/>
      <property id="config.bsp.fsp.mcu.iic_slave.rate.rate_fastplus" value="1"/>
      <property id="config.bsp.fsp.mcu.iic_slave.fastplus_channels" value="0x1"/>
      <property id="config.bsp.fsp.mcu.sci_uart.cstpen_channels" value="0x0219"/>
      <property id="config.bsp.fsp.mcu.gpt.pin_count_source_channels" value="0xFFFF"/>
      <property id="config.bsp.fsp.mcu.adc_dmac.samples_per_channel" value="32767"/>
    </config>
    <config id="config.bsp.ra">
      <property id="config.bsp.common.main" value="0x1000"/>
      <property id="config.bsp.common.heap" value="0x5000"/>
      <property id="config.bsp.common.vcc" value="3300"/>
      <property id="config.bsp.common.checking" value="config.bsp.common.checking.enabled"/>
      <property id="config.bsp.common.assert" value="config.bsp.common.assert.none"/>
      <property id="config.bsp.common.error_log" value="config.bsp.common.error_log.none"/>
      <property id="config.bsp.common.soft_reset" value="config.bsp.common.soft_reset.disabled"/>
      <property id="config.bsp.common.main_osc_populated" value="config.bsp.common.main_osc_populated.enabled"/>
      <property id="config.bsp.common.pfs_protect" value="config.bsp.common.pfs_protect.enabled"/>
      <property id="config.bsp.common.c_runtime_init" value="config.bsp.common.c_runtime_init.enabled"/>
      <property id="config.bsp.common.early_init" value="config.bsp.common.early_init.disabled"/>
      <property id="config.bsp.common.main_osc_clock_source" value="config.bsp.common.main_osc_clock_source.crystal"/>
      <property id="config.bsp.common.subclock_populated" value="config.bsp.common.subclock_populated.disabled"/>
      <property id="config.bsp.common.subclock_drive" value="config.bsp.common.subclock_drive.standard"/>
      <property id="config.bsp.common.subclock_stabilization_ms" value="1000"/>
    </config>
  </raBspConfiguration>
  <raClockConfiguration>
    <node id="board.clock.xtal.freq" mul="24000000" option="_edit"/>
    <node id="board.clock.hoco.freq" option="board.clock.hoco.freq.20m"/>
    <node id="board.clock.loco.freq" option="board.clock.loco.freq.32768"/>
    <node id="board.clock.moco.freq" option="board.clock.moco.freq.8m"/>
    <node id="board.clock.subclk.freq" option="board.clock.subclk.freq.32768"/>
    <node id="board.clock.pll.source" option="board.clock.pll.source.xtal"/>
    <node id="board.clock.pll.div" option="board.clock.pll.div.3"/>
    <node id="board.clock.pll.mul" option="board.clock.pll.mul.250"/>
    <node id="board.clock.pll.display" option="board.clock.pll.display.value"/>
    <node id="board.clock.pll2.source" option="board.clock.pll2.source.disabled"/>
    <node id="board.clock.pll2.div" option="board.clock.pll2.div.2"/>
    <node id="board.clock.pll2.mul" option="board.clock.pll2.mul.200"/>
    <node id="board.clock.pll2.display" option="board.clock.pll2.display.value"/>
    <node id="board.clock.clock.source" option="board.clock.clock.source.pll"/>
    <node id="board.clock.clkout.source" option="board.clock.clkout.source.disabled"/>
    <node id="board.clock.uclk.source" option="board.clock.uclk.source.disabled"/>
    <node id="board.clock.iclk.div" option="board.clock.iclk.div.2"/>
    <node id="board.clock.pclka.div" option="board.clock.pclka.div.2"/>
    <node id="board.clock.pclkb.div" option="board.clock.pclkb.div.4"/>
    <node id="board.clock.pclkc.div" option="board.clock.pclkc.div.4"/>
    <node id="board.clock.pclkd.div" option="board.clock.pclkd.div.2"/>
    <node id="board.clock.fclk.div" option="board.clock.fclk.div.4"/>
    <node id="board.clock.clkout.div" option="board.clock.clkout.div.1"/>
    <node id="board.clock.uclk.div" option="board.clock.uclk.div.5"/>
    <node id="board.clock.iclk.display" option="board.clock.iclk.display.value"/>
    <node id="board.clock.pclka.display" option="board.clock.pclka.display.value"/>
    <node id="board.clock.pclkb.display" option="board.clock.pclkb.display.value"/>
    <node id="board.clock.pclkc.display" option="board.clock.pclkc.display.value"/>
    <node id="board.clock.pclkd.display" option="board.clock.pclkd.display.value"/>
    <node id="board.clock.fclk.display" option="board.clock.fclk.display.value"/>
    <node id="board.clock.clkout.display" option="board.clock.clkout.display.value"/>
    <node id="board.clock.uclk.display" option="board.clock.uclk.display.value"/>
  </raClockConfiguration>
  <raComponentSelection>
    <component apiversion="" class="CMSIS" condition="" group="CMSIS5" subgroup="CoreM" variant="" vendor="Arm" version="5.9.0+renesas.1.fsp.5.2.0">
      <description>Arm CMSIS Version 5 - Core (M)</description>
      <originalPack>Arm.CMSIS5.5.9.0+renesas.1.fsp.5.2.0.pack</originalPack>
    </component>
    <component apiversion="" class="BSP" condition="" group="Board" subgroup="ra4e1_aik" variant="" vendor="Renesas" version="5.2.0">
      <description>RA4E1-AIK Board Support Files</description>
      <originalPack>Renesas.RA_board_ra4e1_aik.5.2.0.pack</originalPack>
    </component>
    <component apiversion="" class="BSP" condition="" group="ra4e1" subgroup="device" variant="R7FA4E10D2CFM" vendor="Renesas" version="5.2.0">
      <description>Board support package for R7FA4E10D2CFM</description>
      <originalPack>Renesas.RA_mcu_ra4e1.5.2.0.pack</originalPack>
    </component>
    <component apiversion="" class="BSP" condition="" group="ra4e1" subgroup="device" variant="" vendor="Renesas" version="5.2.0">
      <description>Board support package for RA4E1</description>
      <originalPack>Renesas.RA_mcu_ra4e1.5.2.0.pack</originalPack>
    </component>
    <component apiversion="" class="BSP" condition="" group="ra4e1" subgroup="fsp" variant="" vendor="Renesas" version="5.2.0">
      <description>Board support package for RA4E1 - FSP Data</description>
      <originalPack>Renesas.RA_mcu_ra4e1.5.2.0.pack</originalPack>
    </component>
    <component apiversion="" class="BSP" condition="" group="ra4e1" subgroup="events" variant="" vendor="Renesas" version="5.2.0">
      <description>Board support package for RA4E1 - Events</description>
      <originalPack>Renesas.RA_mcu_ra4e1.5.2.0.pack</originalPack>
    </component>
    <component apiversion="" class="Common" condition="" group="all" subgroup="fsp_common" variant="" vendor="Renesas" version="5.2.0">
      <description>Board Support Package Common Files</description>
      <originalPack>Renesas.RA.5.2.0.pack</originalPack>
    </component>
    <component apiversion="" class="HAL Drivers" condition="" group="all" subgroup="r_dtc" variant="" vendor="Renesas" version="5.2.0">
      <description>Data Transfer Controller</description>
      <originalPack>Renesas.RA.5.2.0.pack</originalPack>
    </component>
    <component apiversion="" class="HAL Drivers" condition="" group="all" subgroup="r_icu" variant="" vendor="Renesas" version="5.2.0">
      <description>External Interrupt</description>
      <originalPack>Renesas.RA.5.2.0.pack</originalPack>
    </component>
    <component apiversion="" class="HAL Drivers" condition="" group="all" subgroup="r_ioport" variant="" vendor="Renesas" version="5.2.0">
      <description>I/O Port</description>
      <originalPack>Renesas.RA.5.2.0.pack</originalPack>
    </component>
    <component apiversion="" class="HAL Drivers" condition="" group="all" subgroup="r_sci_i2c" variant="" vendor="Renesas" version="5.2.0">
      <description>SCI I2C Master Interface</description>
      <originalPack>Renesas.RA.5.2.0.pack</originalPack>
    </component>
    <component apiversion="" class="HAL Drivers" condition="" group="all" subgroup="r_sci_uart" variant="" vendor="Renesas" version="5.2.0">
      <description>SCI UART</description>
      <originalPack>Renesas.RA.5.2.0.pack</originalPack>
    </component>
    <component apiversion="" class="Middleware" condition="" group="all" subgroup="rm_comms_i2c" variant="" vendor="Renesas" version="5.2.0">
      <description>I2C Communications Implementation</description>
      <originalPack>Renesas.RA.5.2.0.pack</originalPack>
    </component>
  </raComponentSelection>
  <raElcConfiguration/>
  <raIcuConfiguration/>
  <raModuleConfiguration>
    <module id="module.driver.ioport_on_ioport.0">
      <property id="module.driver.ioport.name" value="g_ioport"/>
      <property id="module.driver.ioport.elc_trigger_ioport1" value="_disabled"/>
      <property id="module.driver.ioport.elc_trigger_ioport2" value="_disabled"/>
      <property id="module.driver.ioport.elc_trigger_ioport3" value="_disabled"/>
      <property id="module.driver.ioport.elc_trigger_ioport4" value="_disabled"/>
      <property id="module.driver.ioport.pincfg" value="g_bsp_pin_cfg"/>
    </module>
    <module id="module.driver.comms_i2c_on_comms_i2c_device.1968125144">
      <property id="module.driver.comms_i2c_device.name" value="g_comms_i2c_device1"/>
      <property id="module.driver.comms_i2c_device.semaphore_timeout" value="0xFFFFFFFF"/>
      <property id="module.driver.comms_i2c_device.slave_address" value="0x68"/>
      <property id="module.driver.comms_i2c_device.address_mode" value="module.driver.comms_i2c_device.address_mode.address_mode_7bit"/>
      <property id="module.driver.comms_i2c_device.p_callback" value="rm_icm42670_comms_i2c_callback"/>
    </module>
    <module id="module.driver.comms_i2c_on_comms_i2c_bus.1735560187">
      <property id="module.driver.comms_i2c_bus.name" value="g_comms_i2c_bus1"/>
      <property id="module.driver.comms_i2c_bus.bus_timeout" value="0xFFFFFFFF"/>
      <property id="module.driver.comms_i2c_bus.blocking_semaphore" value="module.driver.comms_i2c_bus.blocking_semaphore.use"/>
      <property id="module.driver.comms_i2c_bus.bus_recursive_mutex" value="module.driver.comms_i2c_bus.bus_recursive_mutex.use"/>
    </module>
    <module id="module.driver.external_irq_on_icu.147045117">
      <property id="module.driver.external_irq.name" value="g_external_irq6_pmod1"/>
      <property id="module.driver.external_irq.channel" value="1"/>
      <property id="module.driver.external_irq.trigger" value="module.driver.external_irq.trigger.trig_rising"/>
      <property id="module.driver.external_irq.filter_enable" value="module.driver.external_irq.filter_enable.false"/>
      <property id="module.driver.external_irq.clock_source_div" value="module.driver.external_irq.clock_source_div.clock_source_div_by_64"/>
      <property id="module.driver.external_irq.p_callback" value="NULL"/>
      <property id="module.driver.external_irq.ipl" value="board.icu.common.irq.priority12"/>
    </module>
    <module id="module.driver.uart_on_sci_uart.1640151266">
      <property id="module.driver.uart.name" value="g_uart3_pmod2"/>
      <property id="module.driver.uart.channel" value="3"/>
      <property id="module.driver.uart.data_bits" value="module.driver.uart.data_bits.data_bits_8"/>
      <property id="module.driver.uart.parity" value="module.driver.uart.parity.parity_off"/>
      <property id="module.driver.uart.stop_bits" value="module.driver.uart.stop_bits.stop_bits_1"/>
      <property id="module.driver.uart.baud" value="115200"/>
      <property id="module.driver.uart.baudrate_modulation" value="module.driver.uart.baudrate_modulation.disabled"/>
      <property id="module.driver.uart.baudrate_max_err" value="5"/>
      <property id="module.driver.uart.flow_control" value="module.driver.uart.flow_control.rts"/>
      <property id="module.driver.uart.pin_control_port" value="module.driver.uart.pin_control_port.PORT_DISABLE"/>
      <property id="module.driver.uart.pin_control_pin" value="module.driver.uart.pin_control_pin.PIN_DISABLE"/>
      <property id="module.driver.uart.clk_src" value="module.driver.uart.clk_src.int_clk"/>
      <property id="module.driver.uart.rx_edge_start" value="module.driver.uart.rx_edge_start.falling_edge"/>
      <property id="module.driver.uart.noisecancel_en" value="module.driver.uart.noisecancel_en.disabled"/>
      <property id="module.driver.uart.rx_fifo_trigger" value="module.driver.uart.rx_fifo_trigger.max"/>
      <property id="module.driver.uart.rs485.de_enable" value="module.driver.uart.rs485.de_enable.disabled"/>
      <property id="module.driver.uart.rs485.de_polarity" value="module.driver.uart.rs485.de_polarity.high"/>
      <property id="module.driver.uart.rs485.de_port_number" value="module.driver.uart.rs485.de_port_number.PORT_DISABLE"/>
      <property id="module.driver.uart.rs485.de_pin_number" value="module.driver.uart.rs485.de_pin_number.PIN_DISABLE"/>
      <property id="module.driver.uart.callback" value="rm_uart_callback"/>
      <property id="module.driver.uart.rxi_ipl" value="board.icu.common.irq.priority12"/>
      <property id="module.driver.uart.txi_ipl" value="board.icu.common.irq.priority12"/>
      <property id="module.driver.uart.tei_ipl" value="board.icu.common.irq.priority12"/>
      <property id="module.driver.uart.eri_ipl" value="board.icu.common.irq.priority12"/>
    </module>
    <module id="module.driver.transfer_on_dtc.2104153196">
      <property id="module.driver.transfer.name" value="g_transfer1"/>
      <property id="module.driver.transfer.mode" value="module.driver.transfer.mode.mode_normal"/>
      <property id="module.driver.transfer.size" value="module.driver.transfer.size.size_2_byte"/>
      <property id="module.driver.transfer.dest_addr_mode" value="module.driver.transfer.dest_addr_mode.addr_mode_fixed"/>
      <property id="module.driver.transfer.src_addr_mode" value="module.driver.transfer.src_addr_mode.addr_mode_fixed"/>
      <property id="module.driver.transfer.repeat_area" value="module.driver.transfer.repeat_area.repeat_area_source"/>
      <property id="module.driver.transfer.interrupt" value="module.driver.transfer.interrupt.interrupt_end"/>
      <property id="module.driver.transfer.length" value="0"/>
      <property id="module.driver.transfer.num_blocks" value="0"/>
      <property id="module.driver.transfer.number_of_descriptors" value="1"/>
      <property id="module.driver.transfer.activation_source" value="_disabled"/>
    </module>
    <module id="module.driver.i2c_on_sci_i2c.1137928013">
      <property id="module.driver.i2c.name" value="g_i2c_master1"/>
      <property id="module.driver.i2c.channel" value="4"/>
      <property id="module.driver.i2c.slave" value="0x68"/>
      <property id="module.driver.i2c.addr_mode" value="module.driver.i2c.addr_mode.addr_mode_7bit"/>
      <property id="module.driver.i2c.rate" value="module.driver.i2c.rate.rate_standard"/>
      <property id="module.driver.i2c.sda_delay" value="300"/>
      <property id="module.driver.i2c.snfr" value="module.driver.i2c.snfr.div_one"/>
      <property id="module.driver.i2c.bitrate_modulation" value="module.driver.i2c.bitrate_modulation.true"/>
      <property id="module.driver.i2c.p_callback" value="sci_i2c_master_callback"/>
      <property id="module.driver.i2c.ipl" value="board.icu.common.irq.priority12"/>
      <property id="module.driver.i2c.rx_ipl" value="_disabled"/>
    </module>
    <module id="module.driver.transfer_on_dtc.539420615">
      <property id="module.driver.transfer.name" value="g_transfer0"/>
      <property id="module.driver.transfer.mode" value="module.driver.transfer.mode.mode_normal"/>
      <property id="module.driver.transfer.size" value="module.driver.transfer.size.size_2_byte"/>
      <property id="module.driver.transfer.dest_addr_mode" value="module.driver.transfer.dest_addr_mode.addr_mode_fixed"/>
      <property id="module.driver.transfer.src_addr_mode" value="module.driver.transfer.src_addr_mode.addr_mode_fixed"/>
      <property id="module.driver.transfer.repeat_area" value="module.driver.transfer.repeat_area.repeat_area_source"/>
      <property id="module.driver.transfer.interrupt" value="module.driver.transfer.interrupt.interrupt_end"/>
      <property id="module.driver.transfer.length" value="0"/>
      <property id="module.driver.transfer.num_blocks" value="0"/>
      <property id="module.driver.transfer.number_of_descriptors" value="1"/>
      <property id="module.driver.transfer.activation_source" value="_disabled"/>
    </module>
    <context id="_hal.0">
      <stack module="module.driver.ioport_on_ioport.0"/>
      <stack module="module.driver.comms_i2c_on_comms_i2c_device.1968125144">
        <stack module="module.driver.comms_i2c_on_comms_i2c_bus.1735560187" requires="module.driver.comms_i2c_device.requires.comms_i2c_bus">
          <stack module="module.driver.i2c_on_sci_i2c.1137928013" requires="module.driver.comms_i2c_bus.requires.i2c">
            <stack module="module.driver.transfer_on_dtc.539420615" requires="module.driver.i2c_on_sci_i2c.requires.transfer_tx"/>
          </stack>
        </stack>
      </stack>
      <stack module="module.driver.external_irq_on_icu.147045117"/>
      <stack module="module.driver.uart_on_sci_uart.1640151266">
        <stack module="module.driver.transfer_on_dtc.2104153196" requires="module.driver.uart_on_sci_uart.requires.transfer_tx"/>
      </stack>
    </context>
    <config id="config.driver.comms_i2c">
      <property id="config.driver.comms_i2c.param_checking_enable" value="config.driver.comms_i2c.param_checking_enable.bsp"/>
    </config>
    <config id="config.driver.sci_uart">
      <property id="config.driver.sci_uart.param_checking_enable" value="config.driver.sci_uart.param_checking_enable.bsp"/>
      <property id="config.driver.sci_uart.fifo_support" value="config.driver.sci_uart.fifo_support.disabled"/>
      <property id="config.driver.sci_uart.dtc_support" value="config.driver.sci_uart.dtc_support.enabled"/>
      <property id="config.driver.sci_uart.flow_control" value="config.driver.sci_uart.flow_control.disabled"/>
      <property id="config.driver.sci_uart.rs485" value="config.driver.sci_uart.rs485.disabled"/>
    </config>
    <config id="config.driver.ioport">
      <property id="config.driver.ioport.checking" value="config.driver.ioport.checking.system"/>
    </config>
    <config id="config.driver.sci_i2c">
      <property id="config.driver.sci_i2c.param_checking_enable" value="config.driver.sci_i2c.param_checking_enable.bsp"/>
      <property id="config.driver.sci_i2c.dtc_enable" value="config.driver.sci_i2c.dtc_enable.enabled"/>
      <property id="config.driver.sci_i2c.addr_mode_10_bit_enable" value="config.driver.sci_i2c.addr_mode_10_bit_enable.disabled"/>
    </config>
    <config id="config.driver.icu">
      <property id="config.driver.icu.param_checking_enable" value="config.driver.icu.param_checking_enable.bsp"/>
    </config>
    <config id="config.driver.dtc">
      <property id="config.driver.dtc.param_checking_enable" value="config.driver.dtc.param_checking_enable.bsp"/>
      <property id="config.driver.dtc.vector_table" value=".fsp_dtc_vector_table"/>
    </config>
  </raModuleConfiguration>
  <raPinConfiguration>
    <symbolicName propertyId="p000.symbolic_name" value="MIC_AN1"/>
    <symbolicName propertyId="p001.symbolic_name" value="MIC_AN2"/>
    <symbolicName propertyId="p002.symbolic_name" value="PMOD2_GPIO3_SW2IIC"/>
    <symbolicName propertyId="p003.symbolic_name" value="PMOD2_GPIO1_CS2"/>
    <symbolicName propertyId="p004.symbolic_name" value="PMOD2_GPIO2_CS3"/>
    <symbolicName propertyId="p013.symbolic_name" value="PMOD1_GPIO2_CS3"/>
    <symbolicName propertyId="p014.symbolic_name" value="PMOD1_GPIO1_CS2"/>
    <symbolicName propertyId="p015.symbolic_name" value="PMOD1_GPIO3_SW1IIC"/>
    <symbolicName propertyId="p100.symbolic_name" value="PMOD1_MISO_RXD_SW1SPI"/>
    <symbolicName propertyId="p101.symbolic_name" value="PMOD1_RESET_SW1IIC_MOSI_TXD_SW1SPI"/>
    <symbolicName propertyId="p102.symbolic_name" value="PMOD1_SCK_RTS_SW1SPI"/>
    <symbolicName propertyId="p103.symbolic_name" value="PMOD1_SS_CTS_SW1SPI"/>
    <symbolicName propertyId="p104.symbolic_name" value="PMOD1_INT"/>
    <symbolicName propertyId="p105.symbolic_name" value="LED1_RED"/>
    <symbolicName propertyId="p106.symbolic_name" value="PMOD1_GPIO4_SW1IIC_RESET_SW1SPI"/>
    <symbolicName propertyId="p107.symbolic_name" value="J6_GPIO2"/>
    <symbolicName propertyId="p108.symbolic_name" value="JTAG_SWD_TMS"/>
    <symbolicName propertyId="p109.symbolic_name" value="JTAG_SWD_TDO"/>
    <symbolicName propertyId="p110.symbolic_name" value="JTAG_SWD_TDI"/>
    <symbolicName propertyId="p111.symbolic_name" value="PMOD6_INT"/>
    <symbolicName propertyId="p112.symbolic_name" value="J6_GPIO3"/>
    <symbolicName propertyId="p113.symbolic_name" value="LED1_GREEN"/>
    <symbolicName propertyId="p200.symbolic_name" value="USR_BTN2_S2"/>
    <symbolicName propertyId="p201.symbolic_name" value="JTAG_MD"/>
    <symbolicName propertyId="p205.symbolic_name" value="PMOD1_SDA_SW1IIC_PMOD2_SDA_SW2IIC_PMOD6"/>
    <symbolicName propertyId="p206.symbolic_name" value="PMOD1_SCL_SW1IIC_PMOD2_SCL_SW2IIC_PMOD6"/>
    <symbolicName propertyId="p207.symbolic_name" value="PMOD2_GPIO4_SW2IIC_RESET_SW2SPI"/>
    <symbolicName propertyId="p208.symbolic_name" value="J6_PXD0"/>
    <symbolicName propertyId="p212.symbolic_name" value="CGC_EXTAL"/>
    <symbolicName propertyId="p213.symbolic_name" value="CGC_XTAL"/>
    <symbolicName propertyId="p300.symbolic_name" value="JTAG_SWD_TCK"/>
    <symbolicName propertyId="p301.symbolic_name" value="LED1_BLUE"/>
    <symbolicName propertyId="p302.symbolic_name" value="PMOD2_INT"/>
    <symbolicName propertyId="p303.symbolic_name" value="J6_GPIO4"/>
    <symbolicName propertyId="p304.symbolic_name" value="USR_BTN1_S3"/>
    <symbolicName propertyId="p400.symbolic_name" value="J9_CAN1_DE"/>
    <symbolicName propertyId="p401.symbolic_name" value="J9_CAN1_CTX"/>
    <symbolicName propertyId="p402.symbolic_name" value="J9_CAN1_CRX"/>
    <symbolicName propertyId="p407.symbolic_name" value="USBFS0_VBUS"/>
    <symbolicName propertyId="p408.symbolic_name" value="PMOD2_MISO_RXD_SW2SPI"/>
    <symbolicName propertyId="p409.symbolic_name" value="PMOD2_RESET_SW2IIC_MOSI_TXD_SW2SPI"/>
    <symbolicName propertyId="p410.symbolic_name" value="PMOD2_SCK_RTS_SW2SPI"/>
    <symbolicName propertyId="p411.symbolic_name" value="PMOD2_SS_CTS_SW2SPI"/>
    <symbolicName propertyId="p500.symbolic_name" value="J6_GPIO1"/>
    <pincfg active="true" name="RA4E1-AIK.pincfg" selected="true" symbol="g_bsp_pin_cfg">
      <configSetting altId="adc0.an000.p000" configurationId="adc0.an000"/>
      <configSetting altId="adc0.an001.p001" configurationId="adc0.an001"/>
      <configSetting altId="adc0.mode.custom.free" configurationId="adc0.mode"/>
      <configSetting altId="can0.crx0.p402" configurationId="can0.crx0"/>
      <configSetting altId="can0.ctx0.p401" configurationId="can0.ctx0"/>
      <configSetting altId="can0.mode.enabled.b" configurationId="can0.mode"/>
      <configSetting altId="can0.pairing.b" configurationId="can0.pairing"/>
      <configSetting altId="cgc.extal.p212" configurationId="cgc.extal"/>
      <configSetting altId="cgc.mode.custom.free" configurationId="cgc.mode"/>
      <configSetting altId="cgc.xtal.p213" configurationId="cgc.xtal"/>
      <configSetting altId="icu.irq1.p104" configurationId="icu.irq1"/>
      <configSetting altId="icu.irq4.p111" configurationId="icu.irq4"/>
      <configSetting altId="icu.irq5.p302" configurationId="icu.irq5"/>
      <configSetting altId="icu.mode.custom.free" configurationId="icu.mode"/>
      <configSetting altId="iic0.pairing.a" configurationId="iic0.pairing"/>
      <configSetting altId="jtag_fslash_swd.mode.jtag.free" configurationId="jtag_fslash_swd.mode"/>
      <configSetting altId="jtag_fslash_swd.tck.p300" configurationId="jtag_fslash_swd.tck"/>
      <configSetting altId="jtag_fslash_swd.tdi.p110" configurationId="jtag_fslash_swd.tdi"/>
      <configSetting altId="jtag_fslash_swd.tdo.p109" configurationId="jtag_fslash_swd.tdo"/>
      <configSetting altId="jtag_fslash_swd.tms.p108" configurationId="jtag_fslash_swd.tms"/>
      <configSetting altId="p000.adc0.an000" configurationId="p000"/>
      <configSetting altId="p000.gpio_mode.gpio_mode_an" configurationId="p000.gpio_mode"/>
      <configSetting altId="p001.adc0.an001" configurationId="p001"/>
      <configSetting altId="p001.gpio_mode.gpio_mode_an" configurationId="p001.gpio_mode"/>
      <configSetting altId="p002.output.high" configurationId="p002"/>
      <configSetting altId="p002.gpio_mode.gpio_mode_out.high" configurationId="p002.gpio_mode"/>
      <configSetting altId="p003.output.high" configurationId="p003"/>
      <configSetting altId="p003.gpio_mode.gpio_mode_out.high" configurationId="p003.gpio_mode"/>
      <configSetting altId="p004.output.high" configurationId="p004"/>
      <configSetting altId="p004.gpio_mode.gpio_mode_out.high" configurationId="p004.gpio_mode"/>
      <configSetting altId="p013.output.high" configurationId="p013"/>
      <configSetting altId="p013.gpio_mode.gpio_mode_out.high" configurationId="p013.gpio_mode"/>
      <configSetting altId="p014.output.high" configurationId="p014"/>
      <configSetting altId="p014.gpio_mode.gpio_mode_out.high" configurationId="p014.gpio_mode"/>
      <configSetting altId="p015.output.high" configurationId="p015"/>
      <configSetting altId="p015.gpio_mode.gpio_mode_out.high" configurationId="p015.gpio_mode"/>
      <configSetting altId="p100.sci0.rxd0" configurationId="p100"/>
      <configSetting altId="p100.gpio_mode.gpio_mode_peripheral" configurationId="p100.gpio_mode"/>
      <configSetting altId="p100.gpio_pupd.gpio_pupd_ip_up" configurationId="p100.gpio_pupd"/>
      <configSetting altId="p101.sci0.txd0" configurationId="p101"/>
      <configSetting altId="p101.gpio_mode.gpio_mode_peripheral" configurationId="p101.gpio_mode"/>
      <configSetting altId="p101.gpio_pupd.gpio_pupd_ip_up" configurationId="p101.gpio_pupd"/>
      <configSetting altId="p102.sci0.sck0" configurationId="p102"/>
      <configSetting altId="p102.gpio_mode.gpio_mode_peripheral" configurationId="p102.gpio_mode"/>
      <configSetting altId="p102.gpio_pupd.gpio_pupd_ip_up" configurationId="p102.gpio_pupd"/>
      <configSetting altId="p103.output.high" configurationId="p103"/>
      <configSetting altId="p103.gpio_mode.gpio_mode_out.high" configurationId="p103.gpio_mode"/>
      <configSetting altId="p104.icu.irq1" configurationId="p104"/>
      <configSetting altId="p104.gpio_irq.gpio_irq_enabled" configurationId="p104.gpio_irq"/>
      <configSetting altId="p104.gpio_mode.gpio_mode_irq" configurationId="p104.gpio_mode"/>
      <configSetting altId="p105.output.low" configurationId="p105"/>
      <configSetting altId="p105.gpio_speed.gpio_speed_m" configurationId="p105.gpio_drivecapacity"/>
      <configSetting altId="p105.gpio_mode.gpio_mode_out.low" configurationId="p105.gpio_mode"/>
      <configSetting altId="p106.output.high" configurationId="p106"/>
      <configSetting altId="p106.gpio_mode.gpio_mode_out.high" configurationId="p106.gpio_mode"/>
      <configSetting altId="p107.input" configurationId="p107"/>
      <configSetting altId="p107.gpio_mode.gpio_mode_in" configurationId="p107.gpio_mode"/>
      <configSetting altId="p107.gpio_pupd.gpio_pupd_ip_up" configurationId="p107.gpio_pupd"/>
      <configSetting altId="p108.jtag_fslash_swd.tms" configurationId="p108"/>
      <configSetting altId="p108.gpio_mode.gpio_mode_peripheral" configurationId="p108.gpio_mode"/>
      <configSetting altId="p109.jtag_fslash_swd.tdo" configurationId="p109"/>
      <configSetting altId="p109.gpio_speed.gpio_speed_m" configurationId="p109.gpio_drivecapacity"/>
      <configSetting altId="p109.gpio_mode.gpio_mode_peripheral" configurationId="p109.gpio_mode"/>
      <configSetting altId="p110.jtag_fslash_swd.tdi" configurationId="p110"/>
      <configSetting altId="p110.gpio_speed.gpio_speed_m" configurationId="p110.gpio_drivecapacity"/>
      <configSetting altId="p110.gpio_mode.gpio_mode_peripheral" configurationId="p110.gpio_mode"/>
      <configSetting altId="p111.icu.irq4" configurationId="p111"/>
      <configSetting altId="p111.gpio_irq.gpio_irq_enabled" configurationId="p111.gpio_irq"/>
      <configSetting altId="p111.gpio_mode.gpio_mode_irq" configurationId="p111.gpio_mode"/>
      <configSetting altId="p112.input" configurationId="p112"/>
      <configSetting altId="p112.gpio_mode.gpio_mode_in" configurationId="p112.gpio_mode"/>
      <configSetting altId="p112.gpio_pupd.gpio_pupd_ip_up" configurationId="p112.gpio_pupd"/>
      <configSetting altId="p113.output.low" configurationId="p113"/>
      <configSetting altId="p113.gpio_speed.gpio_speed_m" configurationId="p113.gpio_drivecapacity"/>
      <configSetting altId="p113.gpio_mode.gpio_mode_out.low" configurationId="p113.gpio_mode"/>
      <configSetting altId="p200.input" configurationId="p200"/>
      <configSetting altId="p200.gpio_mode.gpio_mode_in" configurationId="p200.gpio_mode"/>
      <configSetting altId="p200.gpio_pupd.gpio_pupd_ip_up" configurationId="p200.gpio_pupd"/>
      <configSetting altId="p201.system.md" configurationId="p201"/>
      <configSetting altId="p201.gpio_mode.gpio_mode_peripheral" configurationId="p201.gpio_mode"/>
      <configSetting altId="p205.sci4.txd4" configurationId="p205"/>
      <configSetting altId="p205.gpio_mode.gpio_mode_peripheral" configurationId="p205.gpio_mode"/>
      <configSetting altId="p205.gpio_otype.gpio_otype_n_ch_od" configurationId="p205.gpio_otype"/>
      <configSetting altId="p206.sci4.rxd4" configurationId="p206"/>
      <configSetting altId="p206.gpio_mode.gpio_mode_peripheral" configurationId="p206.gpio_mode"/>
      <configSetting altId="p206.gpio_otype.gpio_otype_n_ch_od" configurationId="p206.gpio_otype"/>
      <configSetting altId="p207.output.high" configurationId="p207"/>
      <configSetting altId="p207.gpio_mode.gpio_mode_out.high" configurationId="p207.gpio_mode"/>
      <configSetting altId="p208.input" configurationId="p208"/>
      <configSetting altId="p208.gpio_mode.gpio_mode_in" configurationId="p208.gpio_mode"/>
      <configSetting altId="p208.gpio_pupd.gpio_pupd_ip_up" configurationId="p208.gpio_pupd"/>
      <configSetting altId="p212.cgc.extal" configurationId="p212"/>
      <configSetting altId="p212.gpio_mode.gpio_mode_peripheral" configurationId="p212.gpio_mode"/>
      <configSetting altId="p213.cgc.xtal" configurationId="p213"/>
      <configSetting altId="p213.gpio_mode.gpio_mode_peripheral" configurationId="p213.gpio_mode"/>
      <configSetting altId="p300.jtag_fslash_swd.tck" configurationId="p300"/>
      <configSetting altId="p300.gpio_mode.gpio_mode_peripheral" configurationId="p300.gpio_mode"/>
      <configSetting altId="p301.output.low" configurationId="p301"/>
      <configSetting altId="p301.gpio_speed.gpio_speed_m" configurationId="p301.gpio_drivecapacity"/>
      <configSetting altId="p301.gpio_mode.gpio_mode_out.low" configurationId="p301.gpio_mode"/>
      <configSetting altId="p302.icu.irq5" configurationId="p302"/>
      <configSetting altId="p302.gpio_irq.gpio_irq_enabled" configurationId="p302.gpio_irq"/>
      <configSetting altId="p302.gpio_mode.gpio_mode_irq" configurationId="p302.gpio_mode"/>
      <configSetting altId="p303.input" configurationId="p303"/>
      <configSetting altId="p303.gpio_mode.gpio_mode_in" configurationId="p303.gpio_mode"/>
      <configSetting altId="p303.gpio_pupd.gpio_pupd_ip_up" configurationId="p303.gpio_pupd"/>
      <configSetting altId="p304.input" configurationId="p304"/>
      <configSetting altId="p304.gpio_mode.gpio_mode_in" configurationId="p304.gpio_mode"/>
      <configSetting altId="p304.gpio_pupd.gpio_pupd_ip_up" configurationId="p304.gpio_pupd"/>
      <configSetting altId="p400.output.low" configurationId="p400"/>
      <configSetting altId="p400.gpio_speed.gpio_speed_m" configurationId="p400.gpio_drivecapacity"/>
      <configSetting altId="p400.gpio_mode.gpio_mode_peripheral" configurationId="p400.gpio_mode"/>
      <configSetting altId="p401.can0.ctx0" configurationId="p401"/>
      <configSetting altId="p401.gpio_speed.gpio_speed_m" configurationId="p401.gpio_drivecapacity"/>
      <configSetting altId="p401.gpio_mode.gpio_mode_peripheral" configurationId="p401.gpio_mode"/>
      <configSetting altId="p402.can0.crx0" configurationId="p402"/>
      <configSetting altId="p402.gpio_mode.gpio_mode_peripheral" configurationId="p402.gpio_mode"/>
      <configSetting altId="p402.gpio_pupd.gpio_pupd_ip_up" configurationId="p402.gpio_pupd"/>
      <configSetting altId="p407.usbfs.usb_vbus" configurationId="p407"/>
      <configSetting altId="p407.gpio_speed.gpio_speed_m" configurationId="p407.gpio_drivecapacity"/>
      <configSetting altId="p407.gpio_mode.gpio_mode_peripheral" configurationId="p407.gpio_mode"/>
      <configSetting altId="p408.sci3.rxd3" configurationId="p408"/>
      <configSetting altId="p408.gpio_mode.gpio_mode_peripheral" configurationId="p408.gpio_mode"/>
      <configSetting altId="p408.gpio_pupd.gpio_pupd_ip_up" configurationId="p408.gpio_pupd"/>
      <configSetting altId="p409.sci3.txd3" configurationId="p409"/>
      <configSetting altId="p409.gpio_mode.gpio_mode_peripheral" configurationId="p409.gpio_mode"/>
      <configSetting altId="p409.gpio_pupd.gpio_pupd_ip_up" configurationId="p409.gpio_pupd"/>
      <configSetting altId="p410.input" configurationId="p410"/>
      <configSetting altId="p410.gpio_mode.gpio_mode_in" configurationId="p410.gpio_mode"/>
      <configSetting altId="p410.gpio_pupd.gpio_pupd_ip_up" configurationId="p410.gpio_pupd"/>
      <configSetting altId="p411.output.high" configurationId="p411"/>
      <configSetting altId="p411.gpio_mode.gpio_mode_out.high" configurationId="p411.gpio_mode"/>
      <configSetting altId="p500.input" configurationId="p500"/>
      <configSetting altId="p500.gpio_mode.gpio_mode_in" configurationId="p500.gpio_mode"/>
      <configSetting altId="p500.gpio_pupd.gpio_pupd_ip_up" configurationId="p500.gpio_pupd"/>
      <configSetting altId="sci0.mode.simplespi.free" configurationId="sci0.mode"/>
      <configSetting altId="sci0.rxd0.p100" configurationId="sci0.rxd0"/>
      <configSetting altId="sci0.sck0.p102" configurationId="sci0.sck0"/>
      <configSetting altId="sci0.txd0.p101" configurationId="sci0.txd0"/>
      <configSetting altId="sci3.mode.asynchronousuart.free" configurationId="sci3.mode"/>
      <configSetting altId="sci3.rxd3.p408" configurationId="sci3.rxd3"/>
      <configSetting altId="sci3.txd3.p409" configurationId="sci3.txd3"/>
      <configSetting altId="sci4.mode.simplei2c.free" configurationId="sci4.mode"/>
      <configSetting altId="sci4.rxd4.p206" configurationId="sci4.rxd4"/>
      <configSetting altId="sci4.txd4.p205" configurationId="sci4.txd4"/>
      <configSetting altId="sci9.pairing.a" configurationId="sci9.pairing"/>
      <configSetting altId="system.md.p201" configurationId="system.md"/>
      <configSetting altId="system.mode.custom.free" configurationId="system.mode"/>
      <configSetting altId="usbfs.mode.custom.free" configurationId="usbfs.mode"/>
      <configSetting altId="usbfs.usb_vbus.p407" configurationId="usbfs.usb_vbus"/>
      <lockSetting id="adc0.an000" lock="true"/>
      <lockSetting id="adc0.an001" lock="true"/>
      <lockSetting id="can0.crx0" lock="true"/>
      <lockSetting id="can0.ctx0" lock="true"/>
      <lockSetting id="cgc.extal" lock="true"/>
      <lockSetting id="cgc.xtal" lock="true"/>
      <lockSetting id="sci4.rxd4" lock="true"/>
      <lockSetting id="sci4.txd4" lock="true"/>
      <lockSetting id="system.md" lock="true"/>
      <lockSetting id="usbfs.usb_vbus" lock="true"/>
    </pincfg>
    <pincfg active="false" name="R7FA4E10D2CFM.pincfg" selected="false" symbol="">
      <configSetting altId="jtag_fslash_swd.mode.jtag.free" configurationId="jtag_fslash_swd.mode"/>
      <configSetting altId="jtag_fslash_swd.tck.p300" configurationId="jtag_fslash_swd.tck"/>
      <configSetting altId="jtag_fslash_swd.tdi.p110" configurationId="jtag_fslash_swd.tdi"/>
      <configSetting altId="jtag_fslash_swd.tdo.p109" configurationId="jtag_fslash_swd.tdo"/>
      <configSetting altId="jtag_fslash_swd.tms.p108" configurationId="jtag_fslash_swd.tms"/>
      <configSetting altId="p108.jtag_fslash_swd.tms" configurationId="p108"/>
      <configSetting altId="p108.gpio_mode.gpio_mode_peripheral" configurationId="p108.gpio_mode"/>
      <configSetting altId="p109.jtag_fslash_swd.tdo" configurationId="p109"/>
      <configSetting altId="p109.gpio_mode.gpio_mode_peripheral" configurationId="p109.gpio_mode"/>
      <configSetting altId="p110.jtag_fslash_swd.tdi" configurationId="p110"/>
      <configSetting altId="p110.gpio_mode.gpio_mode_peripheral" configurationId="p110.gpio_mode"/>
      <configSetting altId="p300.jtag_fslash_swd.tck" configurationId="p300"/>
      <configSetting altId="p300.gpio_mode.gpio_mode_peripheral" configurationId="p300.gpio_mode"/>
    </pincfg>
  </raPinConfiguration>
</raConfiguration>
