<?xml version="1.0" encoding="UTF-8" standalone="no"?>
<raConfiguration version="9">
  <generalSettings>
    <option key="#Board#" value="board.custom"/>
    <option key="CPU" value="RA8M1"/>
    <option key="Core" value="CM85"/>
    <option key="#TargetName#" value="R7FA8M1AHECFP"/>
    <option key="#TargetARCHITECTURE#" value="cortex-m85"/>
    <option key="#DeviceCommand#" value="R7FA8M1AH"/>
    <option key="#RTOS#" value="rtos.threadx"/>
    <option key="#pinconfiguration#" value="R7FA8M1AHECFP.pincfg"/>
    <option key="#FSPVersion#" value="5.5.0"/>
    <option key="#SELECTED_TOOLCHAIN#" value="gcc-arm-embedded"/>
    <option key="#ToolchainVersion#" value="13.2.1.arm-13-7"/>
  </generalSettings>
  <raBspConfiguration>
    <config id="config.bsp.ra8m1.R7FA8M1AHECFP">
      <property id="config.bsp.part_number" value="config.bsp.part_number.value"/>
      <property id="config.bsp.rom_size_bytes" value="config.bsp.rom_size_bytes.value"/>
      <property id="config.bsp.rom_size_bytes_hidden" value="2064384"/>
      <property id="config.bsp.ram_size_bytes" value="config.bsp.ram_size_bytes.value"/>
      <property id="config.bsp.data_flash_size_bytes" value="config.bsp.data_flash_size_bytes.value"/>
      <property id="config.bsp.package_style" value="config.bsp.package_style.value"/>
      <property id="config.bsp.package_pins" value="config.bsp.package_pins.value"/>
      <property id="config.bsp.irq_count_hidden" value="96"/>
    </config>
    <config id="config.bsp.ra8m1">
      <property id="config.bsp.series" value="config.bsp.series.value"/>
    </config>
    <config id="config.bsp.ra8m1.fsp">
      <property id="config.bsp.fsp.inline_irq_functions" value="config.bsp.common.inline_irq_functions.enabled"/>
      <property id="config.bsp.fsp.sdram.enabled" value="config.bsp.fsp.sdram.enabled.disabled"/>
      <property id="config.bsp.fsp.sdram.tras" value="config.bsp.fsp.sdram.tras.6"/>
      <property id="config.bsp.fsp.sdram.trcd" value="config.bsp.fsp.sdram.trcd.3"/>
      <property id="config.bsp.fsp.sdram.trp" value="config.bsp.fsp.sdram.trp.3"/>
      <property id="config.bsp.fsp.sdram.twr" value="config.bsp.fsp.sdram.twr.2"/>
      <property id="config.bsp.fsp.sdram.tcl" value="config.bsp.fsp.sdram.tcl.3"/>
      <property id="config.bsp.fsp.sdram.trfc" value="937"/>
      <property id="config.bsp.fsp.sdram.trefw" value="config.bsp.fsp.sdram.trefw.8"/>
      <property id="config.bsp.fsp.sdram.arfi" value="config.bsp.fsp.sdram.arfi.10"/>
      <property id="config.bsp.fsp.sdram.arfc" value="config.bsp.fsp.sdram.arfc.8"/>
      <property id="config.bsp.fsp.sdram.prc" value="config.bsp.fsp.sdram.prc.3"/>
      <property id="config.bsp.fsp.sdram.addr_shift" value="config.bsp.fsp.sdram.addr_shift.9"/>
      <property id="config.bsp.fsp.sdram.endian_mode" value="config.bsp.fsp.sdram.endian_mode.little"/>
      <property id="config.bsp.fsp.sdram.continuous_access_mode" value="config.bsp.fsp.sdram.continuous_access_mode.enabled"/>
      <property id="config.bsp.fsp.sdram.bus_width" value="config.bsp.fsp.sdram.bus_width.16"/>
      <property id="config.bsp.fsp.tz.exception_response" value="config.bsp.fsp.tz.exception_response.nmi"/>
      <property id="config.bsp.fsp.tz.cmsis.bfhfnmins" value="config.bsp.fsp.tz.cmsis.bfhfnmins.secure"/>
      <property id="config.bsp.fsp.tz.cmsis.sysresetreqs" value="config.bsp.fsp.tz.cmsis.sysresetreqs.secure_only"/>
      <property id="config.bsp.fsp.tz.cmsis.s_priority_boost" value="config.bsp.fsp.tz.cmsis.s_priority_boost.disabled"/>
      <property id="config.bsp.fsp.tz.rstsar" value="config.bsp.fsp.tz.rstsar.both"/>
      <property id="config.bsp.fsp.tz.bbfsar" value="config.bsp.fsp.tz.bbfsar.both"/>
      <property id="config.bsp.fsp.tz.sramsar.sramsa0" value="config.bsp.fsp.tz.sramsar.sramsa0.both"/>
      <property id="config.bsp.fsp.tz.sramsar.sramsa1" value="config.bsp.fsp.tz.sramsar.sramsa1.both"/>
      <property id="config.bsp.fsp.tz.sramsar.stbramsa" value="config.bsp.fsp.tz.sramsar.stbramsa.both"/>
      <property id="config.bsp.fsp.tz.bussara" value="config.bsp.fsp.tz.bussara.both"/>
      <property id="config.bsp.fsp.tz.bussarb" value="config.bsp.fsp.tz.bussarb.both"/>
      <property id="config.bsp.fsp.tz.bussarc" value="config.bsp.fsp.tz.bussarc.both"/>
      <property id="config.bsp.fsp.tz.banksel_sel" value="config.bsp.fsp.tz.banksel_sel.both"/>
      <property id="config.bsp.fsp.tz.uninitialized_ns_application_fallback" value="config.bsp.fsp.tz.uninitialized_ns_application_fallback.enabled"/>
      <property id="config.bsp.fsp.OFS0.iwdt_start_mode" value="config.bsp.fsp.OFS0.iwdt_start_mode.disabled"/>
      <property id="config.bsp.fsp.OFS0.iwdt_timeout" value="config.bsp.fsp.OFS0.iwdt_timeout.2048"/>
      <property id="config.bsp.fsp.OFS0.iwdt_divisor" value="config.bsp.fsp.OFS0.iwdt_divisor.128"/>
      <property id="config.bsp.fsp.OFS0.iwdt_window_end" value="config.bsp.fsp.OFS0.iwdt_window_end.0"/>
      <property id="config.bsp.fsp.OFS0.iwdt_window_start" value="config.bsp.fsp.OFS0.iwdt_window_start.100"/>
      <property id="config.bsp.fsp.OFS0.iwdt_reset_interrupt" value="config.bsp.fsp.OFS0.iwdt_reset_interrupt.Reset"/>
      <property id="config.bsp.fsp.OFS0.iwdt_stop_control" value="config.bsp.fsp.OFS0.iwdt_stop_control.stops"/>
      <property id="config.bsp.fsp.OFS0.wdt_start_mode" value="config.bsp.fsp.OFS0.wdt_start_mode.register"/>
      <property id="config.bsp.fsp.OFS0.wdt_timeout" value="config.bsp.fsp.OFS0.wdt_timeout.16384"/>
      <property id="config.bsp.fsp.OFS0.wdt_divisor" value="config.bsp.fsp.OFS0.wdt_divisor.128"/>
      <property id="config.bsp.fsp.OFS0.wdt_window_end" value="config.bsp.fsp.OFS0.wdt_window_end.0"/>
      <property id="config.bsp.fsp.OFS0.wdt_window_start" value="config.bsp.fsp.OFS0.wdt_window_start.100"/>
      <property id="config.bsp.fsp.OFS0.wdt_reset_interrupt" value="config.bsp.fsp.OFS0.wdt_reset_interrupt.Reset"/>
      <property id="config.bsp.fsp.OFS0.wdt_stop_control" value="config.bsp.fsp.OFS0.wdt_stop_control.stops"/>
      <property id="config.bsp.fsp.OFS1_SEL.voltage_detection0_level" value="config.bsp.fsp.OFS1_SEL.voltage_detection0_level.secure"/>
      <property id="config.bsp.fsp.OFS1_SEL.voltage_detection0.start" value="config.bsp.fsp.OFS1_SEL.voltage_detection0.start.secure"/>
      <property id="config.bsp.fsp.OFS1_SEL.voltage_detection0.low_power_consumption" value="config.bsp.fsp.OFS1_SEL.voltage_detection0.low_power_consumption.secure"/>
      <property id="config.bsp.fsp.OFS1_SEL.swdbg" value="config.bsp.fsp.OFS1_SEL.swdbg.secure"/>
      <property id="config.bsp.fsp.OFS1_SEL.initeccen" value="config.bsp.fsp.OFS1_SEL.initeccen.secure"/>
      <property id="config.bsp.fsp.OFS1.voltage_detection0.start" value="config.bsp.fsp.OFS1.voltage_detection0.start.disabled"/>
      <property id="config.bsp.fsp.OFS1.voltage_detection0_level" value="config.bsp.fsp.OFS1.voltage_detection0_level.160"/>
      <property id="config.bsp.fsp.OFS1.voltage_detection0.low_power_consumption" value="config.bsp.fsp.OFS1.voltage_detection0.low_power_consumption.disabled"/>
      <property id="config.bsp.fsp.OFS1.hoco_osc" value="config.bsp.fsp.OFS1.hoco_osc.disabled"/>
      <property id="config.bsp.fsp.OFS1.swdbg" value="config.bsp.fsp.OFS1.swdbg.disabled"/>
      <property id="config.bsp.fsp.OFS1.initeccen" value="config.bsp.fsp.OFS1.initeccen.disabled"/>
      <property id="config.bsp.fsp.OFS2.dcdc" value="config.bsp.fsp.OFS2.dcdc.enabled"/>
      <property id="config.bsp.fsp.BPS.BPS0" value=""/>
      <property id="config.bsp.fsp.BPS.BPS1" value=""/>
      <property id="config.bsp.fsp.BPS.BPS2" value=""/>
      <property id="config.bsp.fsp.BPS.BPS3" value=""/>
      <property id="config.bsp.fsp.PBPS.PBPS0" value=""/>
      <property id="config.bsp.fsp.PBPS.PBPS1" value=""/>
      <property id="config.bsp.fsp.PBPS.PBPS2" value=""/>
      <property id="config.bsp.fsp.PBPS.PBPS3" value=""/>
      <property id="config.bsp.fsp.dual_bank" value="config.bsp.fsp.dual_bank.disabled"/>
      <property id="config.bsp.fsp.FSBLCTRL0.FSBLEN" value="config.bsp.fsp.FSBLCTRL0.FSBLEN.disabled"/>
      <property id="config.bsp.fsp.FSBLCTRL0.FSBLSKIPSW" value="config.bsp.fsp.FSBLCTRL0.FSBLSKIPSW.disabled"/>
      <property id="config.bsp.fsp.FSBLCTRL0.FSBLSKIPDS" value="config.bsp.fsp.FSBLCTRL0.FSBLSKIPDS.disabled"/>
      <property id="config.bsp.fsp.FSBLCTRL0.FSBLCLK" value="config.bsp.fsp.FSBLCTRL0.FSBLCLK.240"/>
      <property id="config.bsp.fsp.FSBLCTRL1.FSBLEXMD" value="config.bsp.fsp.FSBLCTRL1.FSBLEXMD.secure_report"/>
      <property id="config.bsp.fsp.FSBLCTRL2.PORTPN" value="config.bsp.fsp.FSBLCTRL2.PORTPN.15"/>
      <property id="config.bsp.fsp.FSBLCTRL2.PORTGN" value="config.bsp.fsp.FSBLCTRL2.PORTGN.reserved"/>
      <property id="config.bsp.fsp.SACC0" value="0xFFFFFFFF"/>
      <property id="config.bsp.fsp.SACC1" value="0xFFFFFFFF"/>
      <property id="config.bsp.fsp.SAMR" value="0xFFFFFFFF"/>
      <property id="config.bsp.fsp.hoco_fll" value="config.bsp.fsp.hoco_fll.disabled"/>
      <property id="config.bsp.fsp.clock_settling_delay" value="config.bsp.fsp.clock_settling_delay.enabled"/>
      <property id="config.bsp.fsp.sleep_mode_delays" value="config.bsp.fsp.sleep_mode_delays.enabled"/>
      <property id="config.bsp.fsp.rtos_idle_sleep" value="config.bsp.fsp.rtos_idle_sleep.disabled"/>
      <property id="config.bsp.fsp.mstp_change_delays" value="config.bsp.fsp.mstp_change_delays.enabled"/>
      <property id="config.bsp.fsp.settling_delay_us" value="150"/>
      <property id="config.bsp.common.main_osc_wait" value="config.bsp.common.main_osc_wait.wait_8163"/>
      <property id="config.bsp.fsp.mcu.adc.max_freq_hz" value="60000000"/>
      <property id="config.bsp.fsp.mcu.sci_b_uart.max_baud" value="30000000"/>
      <property id="config.bsp.fsp.mcu.sci_b_uart.ctspen_channels" value="0x021F"/>
      <property id="config.bsp.fsp.mcu.adc.sample_and_hold" value="1"/>
      <property id="config.bsp.fsp.mcu.sci_spi.max_bitrate" value="30000000"/>
      <property id="config.bsp.fsp.mcu.spi.max_bitrate" value="60000000"/>
      <property id="config.bsp.fsp.mcu.iic_master.rate.rate_fastplus" value="1"/>
      <property id="config.bsp.fsp.mcu.iic_master.fastplus_channels" value="0x3"/>
      <property id="config.bsp.fsp.mcu.iic_slave.rate.rate_fastplus" value="1"/>
      <property id="config.bsp.fsp.mcu.iic_slave.fastplus_channels" value="0x3"/>
      <property id="config.bsp.fsp.mcu.gpt.pin_count_source_channels" value="0xFF0F"/>
      <property id="config.bsp.fsp.mcu.canfd.num_channels" value="2"/>
      <property id="config.bsp.fsp.mcu.canfd.rx_fifos" value="2"/>
      <property id="config.bsp.fsp.mcu.canfd.buffer_ram" value="1216"/>
      <property id="config.bsp.fsp.mcu.canfd.afl_rules" value="32"/>
      <property id="config.bsp.fsp.mcu.canfd.afl_rules_each_chnl" value="16"/>
      <property id="config.bsp.fsp.mcu.canfd.max_data_rate_hz" value="8"/>
      <property id="config.bsp.fsp.mcu.adc_dmac.samples_per_channel" value="32767"/>
      <property id="config.bsp.fsp.mcu.sci_b_lin.max_baud" value="7500000"/>
      <property id="config.bsp.fsp.dcache" value="config.bsp.fsp.dcache.disabled"/>
    </config>
    <config id="config.bsp.ra">
      <property id="config.bsp.common.main" value="0x1000"/>
      <property id="config.bsp.common.heap" value="0x400"/>
      <property id="config.bsp.common.vcc" value="3300"/>
      <property id="config.bsp.common.checking" value="config.bsp.common.checking.disabled"/>
      <property id="config.bsp.common.assert" value="config.bsp.common.assert.none"/>
      <property id="config.bsp.common.error_log" value="config.bsp.common.error_log.none"/>
      <property id="config.bsp.common.soft_reset" value="config.bsp.common.soft_reset.disabled"/>
      <property id="config.bsp.common.main_osc_populated" value="config.bsp.common.main_osc_populated.enabled"/>
      <property id="config.bsp.common.pfs_protect" value="config.bsp.common.pfs_protect.enabled"/>
      <property id="config.bsp.common.c_runtime_init" value="config.bsp.common.c_runtime_init.enabled"/>
      <property id="config.bsp.common.early_init" value="config.bsp.common.early_init.disabled"/>
      <property id="config.bsp.common.main_osc_clock_source" value="config.bsp.common.main_osc_clock_source.crystal"/>
      <property id="config.bsp.common.subclock_populated" value="config.bsp.common.subclock_populated.disabled"/>
      <property id="config.bsp.common.subclock_drive" value="config.bsp.common.subclock_drive.standard"/>
      <property id="config.bsp.common.subclock_stabilization_ms" value="1000"/>
    </config>
  </raBspConfiguration>
  <raClockConfiguration>
    <node id="board.clock.xtal.freq" mul="24000000" option="_edit"/>
    <node id="board.clock.hoco.freq" option="board.clock.hoco.freq.48m"/>
    <node id="board.clock.loco.freq" option="board.clock.loco.freq.32768"/>
    <node id="board.clock.moco.freq" option="board.clock.moco.freq.8m"/>
    <node id="board.clock.subclk.freq" option="board.clock.subclk.freq.32768"/>
    <node id="board.clock.pll.source" option="board.clock.pll.source.xtal"/>
    <node id="board.clock.pll.div" option="board.clock.pll.div.2"/>
    <node id="board.clock.pll.mul" option="board.clock.pll.mul.80_00"/>
    <node id="board.clock.pll.display" option="board.clock.pll.display.value"/>
    <node id="board.clock.pll1p.div" option="board.clock.pll1p.div.2"/>
    <node id="board.clock.pll1p.display" option="board.clock.pll1p.display.value"/>
    <node id="board.clock.pll1q.div" option="board.clock.pll1q.div.4"/>
    <node id="board.clock.pll1q.display" option="board.clock.pll1q.display.value"/>
    <node id="board.clock.pll1r.div" option="board.clock.pll1r.div.2"/>
    <node id="board.clock.pll1r.display" option="board.clock.pll1r.display.value"/>
    <node id="board.clock.pll2.source" option="board.clock.pll2.source.disabled"/>
    <node id="board.clock.pll2.div" option="board.clock.pll2.div.2"/>
    <node id="board.clock.pll2.mul" option="board.clock.pll2.mul.96_00"/>
    <node id="board.clock.pll2.display" option="board.clock.pll2.display.value"/>
    <node id="board.clock.pll2p.div" option="board.clock.pll2p.div.2"/>
    <node id="board.clock.pll2p.display" option="board.clock.pll2p.display.value"/>
    <node id="board.clock.pll2q.div" option="board.clock.pll2q.div.2"/>
    <node id="board.clock.pll2q.display" option="board.clock.pll2q.display.value"/>
    <node id="board.clock.pll2r.div" option="board.clock.pll2r.div.2"/>
    <node id="board.clock.pll2r.display" option="board.clock.pll2r.display.value"/>
    <node id="board.clock.clock.source" option="board.clock.clock.source.pll1p"/>
    <node id="board.clock.clkout.source" option="board.clock.clkout.source.disabled"/>
    <node id="board.clock.sciclk.source" option="board.clock.sciclk.source.pll1q"/>
    <node id="board.clock.spiclk.source" option="board.clock.spiclk.source.disabled"/>
    <node id="board.clock.canfdclk.source" option="board.clock.canfdclk.source.disabled"/>
    <node id="board.clock.i3cclk.source" option="board.clock.i3cclk.source.disabled"/>
    <node id="board.clock.uck.source" option="board.clock.uck.source.pll1q"/>
    <node id="board.clock.u60ck.source" option="board.clock.u60ck.source.disabled"/>
    <node id="board.clock.octaspiclk.source" option="board.clock.octaspiclk.source.disabled"/>
    <node id="board.clock.cpuclk.div" option="board.clock.cpuclk.div.1"/>
    <node id="board.clock.iclk.div" option="board.clock.iclk.div.2"/>
    <node id="board.clock.pclka.div" option="board.clock.pclka.div.4"/>
    <node id="board.clock.pclkb.div" option="board.clock.pclkb.div.8"/>
    <node id="board.clock.pclkc.div" option="board.clock.pclkc.div.8"/>
    <node id="board.clock.pclkd.div" option="board.clock.pclkd.div.4"/>
    <node id="board.clock.pclke.div" option="board.clock.pclke.div.2"/>
    <node id="board.clock.sdclkout.enable" option="board.clock.sdclkout.enable.enabled"/>
    <node id="board.clock.bclk.div" option="board.clock.bclk.div.4"/>
    <node id="board.clock.bclkout.div" option="board.clock.bclkout.div.2"/>
    <node id="board.clock.fclk.div" option="board.clock.fclk.div.8"/>
    <node id="board.clock.clkout.div" option="board.clock.clkout.div.1"/>
    <node id="board.clock.sciclk.div" option="board.clock.sciclk.div.4"/>
    <node id="board.clock.spiclk.div" option="board.clock.spiclk.div.4"/>
    <node id="board.clock.canfdclk.div" option="board.clock.canfdclk.div.8"/>
    <node id="board.clock.i3cclk.div" option="board.clock.i3cclk.div.3"/>
    <node id="board.clock.uck.div" option="board.clock.uck.div.5"/>
    <node id="board.clock.u60ck.div" option="board.clock.u60ck.div.5"/>
    <node id="board.clock.octaspiclk.div" option="board.clock.octaspiclk.div.4"/>
    <node id="board.clock.cpuclk.display" option="board.clock.cpuclk.display.value"/>
    <node id="board.clock.iclk.display" option="board.clock.iclk.display.value"/>
    <node id="board.clock.pclka.display" option="board.clock.pclka.display.value"/>
    <node id="board.clock.pclkb.display" option="board.clock.pclkb.display.value"/>
    <node id="board.clock.pclkc.display" option="board.clock.pclkc.display.value"/>
    <node id="board.clock.pclkd.display" option="board.clock.pclkd.display.value"/>
    <node id="board.clock.pclke.display" option="board.clock.pclke.display.value"/>
    <node id="board.clock.sdclkout.display" option="board.clock.sdclkout.display.value"/>
    <node id="board.clock.bclk.display" option="board.clock.bclk.display.value"/>
    <node id="board.clock.bclkout.display" option="board.clock.bclkout.display.value"/>
    <node id="board.clock.fclk.display" option="board.clock.fclk.display.value"/>
    <node id="board.clock.clkout.display" option="board.clock.clkout.display.value"/>
    <node id="board.clock.sciclk.display" option="board.clock.sciclk.display.value"/>
    <node id="board.clock.spiclk.display" option="board.clock.spiclk.display.value"/>
    <node id="board.clock.canfdclk.display" option="board.clock.canfdclk.display.value"/>
    <node id="board.clock.i3cclk.display" option="board.clock.i3cclk.display.value"/>
    <node id="board.clock.uck.display" option="board.clock.uck.display.value"/>
    <node id="board.clock.u60ck.display" option="board.clock.u60ck.display.value"/>
    <node id="board.clock.octaspiclk.display" option="board.clock.octaspiclk.display.value"/>
  </raClockConfiguration>
  <raComponentSelection>
    <component apiversion="" class="RTOS" condition="" group="Azure" subgroup="ThreadX" variant="" vendor="Microsoft" version="6.4.0+fsp.5.5.0">
      <description>Azure RTOS ThreadX</description>
      <originalPack>Microsoft.ThreadX.6.4.0+fsp.5.5.0.pack</originalPack>
    </component>
    <component apiversion="" class="BSP" condition="" group="Board" subgroup="custom" variant="" vendor="Renesas" version="5.5.0">
      <description>Custom Board Support Files</description>
      <originalPack>Renesas.RA_board_custom.5.5.0.pack</originalPack>
    </component>
    <component apiversion="" class="Azure" condition="" group="USBX" subgroup="paud" variant="" vendor="Microsoft" version="6.4.0+fsp.5.5.0">
      <description>Azure RTOS USBX PAUD</description>
      <originalPack>Microsoft.USBX.6.4.0+fsp.5.5.0.pack</originalPack>
    </component>
    <component apiversion="" class="Common" condition="" group="all" subgroup="fsp_common" variant="" vendor="Renesas" version="5.5.0">
      <description>Board Support Package Common Files</description>
      <originalPack>Renesas.RA.5.5.0.pack</originalPack>
    </component>
    <component apiversion="" class="HAL Drivers" condition="" group="all" subgroup="r_dtc" variant="" vendor="Renesas" version="5.5.0">
      <description>Data Transfer Controller</description>
      <originalPack>Renesas.RA.5.5.0.pack</originalPack>
    </component>
    <component apiversion="" class="HAL Drivers" condition="" group="all" subgroup="r_gpt" variant="" vendor="Renesas" version="5.5.0">
      <description>General PWM Timer</description>
      <originalPack>Renesas.RA.5.5.0.pack</originalPack>
    </component>
    <component apiversion="" class="HAL Drivers" condition="" group="all" subgroup="r_iic_master" variant="" vendor="Renesas" version="5.5.0">
      <description>I2C Master Interface</description>
      <originalPack>Renesas.RA.5.5.0.pack</originalPack>
    </component>
    <component apiversion="" class="HAL Drivers" condition="" group="all" subgroup="r_ioport" variant="" vendor="Renesas" version="5.5.0">
      <description>I/O Port</description>
      <originalPack>Renesas.RA.5.5.0.pack</originalPack>
    </component>
    <component apiversion="" class="HAL Drivers" condition="" group="all" subgroup="r_sci_b_uart" variant="" vendor="Renesas" version="5.5.0">
      <description>SCI UART</description>
      <originalPack>Renesas.RA.5.5.0.pack</originalPack>
    </component>
    <component apiversion="" class="HAL Drivers" condition="" group="all" subgroup="r_ssi" variant="" vendor="Renesas" version="5.5.0">
      <description>Serial Sound Interface</description>
      <originalPack>Renesas.RA.5.5.0.pack</originalPack>
    </component>
    <component apiversion="" class="HAL Drivers" condition="" group="all" subgroup="r_usb_basic" variant="" vendor="Renesas" version="5.5.0">
      <description>USB Basic</description>
      <originalPack>Renesas.RA.5.5.0.pack</originalPack>
    </component>
    <component apiversion="" class="Middleware" condition="" group="all" subgroup="rm_threadx_port" variant="" vendor="Renesas" version="5.5.0">
      <description>Azure RTOS ThreadX Port</description>
      <originalPack>Renesas.RA.5.5.0.pack</originalPack>
    </component>
    <component apiversion="" class="HAL Drivers" condition="" group="all" subgroup="rm_usbx_port" variant="" vendor="Renesas" version="5.5.0">
      <description>Porting layer for USBX</description>
      <originalPack>Renesas.RA.5.5.0.pack</originalPack>
    </component>
    <component apiversion="" class="BSP" condition="" group="ra8m1" subgroup="device" variant="R7FA8M1AHECFP" vendor="Renesas" version="5.5.0">
      <description>Board support package for R7FA8M1AHECFP</description>
      <originalPack>Renesas.RA_mcu_ra8m1.5.5.0.pack</originalPack>
    </component>
    <component apiversion="" class="BSP" condition="" group="ra8m1" subgroup="device" variant="" vendor="Renesas" version="5.5.0">
      <description>Board support package for RA8M1</description>
      <originalPack>Renesas.RA_mcu_ra8m1.5.5.0.pack</originalPack>
    </component>
    <component apiversion="" class="BSP" condition="" group="ra8m1" subgroup="fsp" variant="" vendor="Renesas" version="5.5.0">
      <description>Board support package for RA8M1 - FSP Data</description>
      <originalPack>Renesas.RA_mcu_ra8m1.5.5.0.pack</originalPack>
    </component>
    <component apiversion="" class="BSP" condition="" group="ra8m1" subgroup="events" variant="" vendor="Renesas" version="5.5.0">
      <description>Board support package for RA8M1 - Events</description>
      <originalPack>Renesas.RA_mcu_ra8m1.5.5.0.pack</originalPack>
    </component>
    <component apiversion="" class="CMSIS" condition="" group="CMSIS5" subgroup="CoreM" variant="" vendor="Arm" version="6.1.0+fsp.5.5.0">
      <description>Arm CMSIS Version 6 - Core (M)</description>
      <originalPack>Arm.CMSIS6.6.1.0+fsp.5.5.0.pack</originalPack>
    </component>
  </raComponentSelection>
  <raElcConfiguration/>
  <raIcuConfiguration/>
  <raModuleConfiguration>
    <module id="module.driver.ioport_on_ioport.0">
      <property id="module.driver.ioport.name" value="g_ioport"/>
      <property id="module.driver.ioport.elc_trigger_ioport1" value="_disabled"/>
      <property id="module.driver.ioport.elc_trigger_ioport2" value="_disabled"/>
      <property id="module.driver.ioport.elc_trigger_ioport3" value="_disabled"/>
      <property id="module.driver.ioport.elc_trigger_ioport4" value="_disabled"/>
      <property id="module.driver.ioport.pincfg" value="g_bsp_pin_cfg"/>
    </module>
    <module id="module.middleware.rm_threadx_port.0"/>
    <module id="module.driver.usbx_paud.351472005">
      <property id="module.driver.usbx_paud.name" value="g_usbx_paud0"/>
    </module>
    <module id="module.azure.usbx_port.1581217768">
      <property id="module.middleware.usbx_port.name" value="g_usbx_port0"/>
      <property id="module.middleware.rm_usbx_port.usb_mode" value="NULL"/>
      <property id="module.middleware.rm_usbx_port.usb_classtype" value="NULL"/>
      <property id="module.middleware.rm_usbx_port.p_usb_reg" value="NULL"/>
    </module>
    <module id="module.driver.basic_on_usb.2012227952">
      <property id="module.driver.basic.name" value="g_basic0"/>
      <property id="module.driver.usb_basic.usb_mode" value="module.driver.usb_basic.usb_mode.host"/>
      <property id="module.driver.usb_basic.usb_speed" value="module.driver.usb_basic.usb_speed.fs"/>
      <property id="module.driver.usb_basic.usb_modulenumber" value="module.driver.usb_basic.usb_modulenumber.0"/>
      <property id="module.driver.usb_basic.usb_classtype" value="module.driver.usb_basic.usb_classtype.pcdc"/>
      <property id="module.driver.usb_basic.p_usb_reg" value="g_usb_descriptor"/>
      <property id="module.driver.usb_basic.complience_cb" value="NULL"/>
      <property id="module.driver.usb_basic.ipl" value="board.icu.common.irq.priority12"/>
      <property id="module.driver.usb_basic.ipl_r" value="board.icu.common.irq.priority12"/>
      <property id="module.driver.usb_basic.ipl_d0" value="board.icu.common.irq.priority12"/>
      <property id="module.driver.usb_basic.ipl_d1" value="board.icu.common.irq.priority12"/>
      <property id="module.driver.usb_basic.hsipl" value="board.icu.common.irq.priority12"/>
      <property id="module.driver.usb_basic.hsipl_d0" value="board.icu.common.irq.priority12"/>
      <property id="module.driver.usb_basic.hsipl_d1" value="board.icu.common.irq.priority12"/>
      <property id="module.driver.usb_basic.rtos_callback" value="NULL"/>
      <property id="module.driver.usb_basic.other_context" value="NULL"/>
    </module>
    <module id="module.driver.uart_on_sci_b_uart.1469076326">
      <property id="module.driver.uart.name" value="g_uart_ds"/>
      <property id="module.driver.uart.channel" value="0"/>
      <property id="module.driver.uart.data_bits" value="module.driver.uart.data_bits.data_bits_8"/>
      <property id="module.driver.uart.parity" value="module.driver.uart.parity.parity_off"/>
      <property id="module.driver.uart.stop_bits" value="module.driver.uart.stop_bits.stop_bits_1"/>
      <property id="module.driver.uart.baud" value="460800"/>
      <property id="module.driver.uart.baudrate_modulation" value="module.driver.uart.baudrate_modulation.disabled"/>
      <property id="module.driver.uart.baudrate_max_err" value="5"/>
      <property id="module.driver.uart.flow_control" value="module.driver.uart.flow_control.rts"/>
      <property id="module.driver.uart.pin_control_port" value="module.driver.uart.pin_control_port.PORT_DISABLE"/>
      <property id="module.driver.uart.pin_control_pin" value="module.driver.uart.pin_control_pin.PIN_DISABLE"/>
      <property id="module.driver.uart.clk_src" value="module.driver.uart.clk_src.int_clk"/>
      <property id="module.driver.uart.rx_edge_start" value="module.driver.uart.rx_edge_start.falling_edge"/>
      <property id="module.driver.uart.noisecancel_en" value="module.driver.uart.noisecancel_en.disabled"/>
      <property id="module.driver.uart.rx_fifo_trigger" value="module.driver.uart.rx_fifo_trigger.max"/>
      <property id="module.driver.uart.rs485.de_enable" value="module.driver.uart.rs485.de_enable.disabled"/>
      <property id="module.driver.uart.rs485.de_polarity" value="module.driver.uart.rs485.de_polarity.high"/>
      <property id="module.driver.uart.rs485.de_assertion_time" value="1"/>
      <property id="module.driver.uart.rs485.de_negation_time" value="1"/>
      <property id="module.driver.uart.callback" value="user_uart_callback"/>
      <property id="module.driver.uart.rxi_ipl" value="board.icu.common.irq.priority12"/>
      <property id="module.driver.uart.txi_ipl" value="board.icu.common.irq.priority12"/>
      <property id="module.driver.uart.tei_ipl" value="board.icu.common.irq.priority12"/>
      <property id="module.driver.uart.eri_ipl" value="board.icu.common.irq.priority12"/>
    </module>
    <module id="module.driver.i2s_on_ssi.2060391094">
      <property id="module.driver.i2s.name" value="g_i2s0"/>
      <property id="module.driver.i2s.channel" value="0"/>
      <property id="module.driver.i2s.operating_mode" value="module.driver.i2s.operating_mode.master"/>
      <property id="module.driver.i2s.pcm_width" value="module.driver.i2s.pcm_width.pcm_width_16"/>
      <property id="module.driver.i2s.word_length" value="module.driver.i2s.word_length.word_length_32"/>
      <property id="module.driver.i2s.ws_continue" value="module.driver.i2s.ws_continue.ws_continue_off"/>
      <property id="module.driver.i2s.audio_clock" value="module.driver.i2s.audio_clock.audio_clock_gtioc1a"/>
      <property id="module.driver.i2s.audio_clock_div" value="module.driver.i2s.audio_clock_div.1"/>
      <property id="module.driver.i2s.callback" value="g_audio_cb"/>
      <property id="module.driver.i2s.txi_ipl" value="_disabled"/>
      <property id="module.driver.i2s.rxi_ipl" value="board.icu.common.irq.priority2"/>
      <property id="module.driver.i2s.idle_err_ipl" value="board.icu.common.irq.priority2"/>
    </module>
    <module id="module.driver.timer_on_gpt.292568709">
      <property id="module.driver.timer.name" value="g_i2s_clock"/>
      <property id="module.driver.timer.channel" value="2"/>
      <property id="module.driver.timer.mode" value="module.driver.timer.mode.mode_periodic"/>
      <property id="module.driver.timer.period" value="1024000"/>
      <property id="module.driver.timer.compare_match.a.status" value="module.driver.timer.compare_match.a.status.disabled"/>
      <property id="module.driver.timer.compare_match.a.value" value="0"/>
      <property id="module.driver.timer.compare_match.b.status" value="module.driver.timer.compare_match.b.status.disabled"/>
      <property id="module.driver.timer.compare_match.b.value" value="0"/>
      <property id="module.driver.timer.unit" value="module.driver.timer.unit.unit_frequency_hz"/>
      <property id="module.driver.timer.gtior.gtioa.initial_output_level" value="module.driver.timer.gtior.gtioa.initial_output_level.low"/>
      <property id="module.driver.timer.gtior.gtioa.cycle_end_output_level" value="module.driver.timer.gtior.gtioa.cycle_end_output_level.retain"/>
      <property id="module.driver.timer.gtior.gtioa.compare_match_output_level" value="module.driver.timer.gtior.gtioa.compare_match_output_level.retain"/>
      <property id="module.driver.timer.gtior.gtioa.count_stop_retain" value="module.driver.timer.gtior.gtioa.count_stop_retain.disabled"/>
      <property id="module.driver.timer.gtior.gtiob.initial_output_level" value="module.driver.timer.gtior.gtiob.initial_output_level.low"/>
      <property id="module.driver.timer.gtior.gtiob.cycle_end_output_level" value="module.driver.timer.gtior.gtiob.cycle_end_output_level.retain"/>
      <property id="module.driver.timer.gtior.gtiob.compare_match_output_level" value="module.driver.timer.gtior.gtiob.compare_match_output_level.retain"/>
      <property id="module.driver.timer.gtior.gtiob.count_stop_retain" value="module.driver.timer.gtior.gtiob.count_stop_retain.disabled"/>
      <property id="module.driver.timer.gtior.custom_waveform_enable" value="module.driver.timer.gtior.custom_waveform_enable.disabled"/>
      <property id="module.driver.timer.duty_cycle" value="50"/>
      <property id="module.driver.timer.gtioca_output_enabled" value="module.driver.timer.gtioca_output_enabled.true"/>
      <property id="module.driver.timer.gtioca_stop_level" value="module.driver.timer.gtioca_stop_level.pin_level_low"/>
      <property id="module.driver.timer.gtiocb_output_enabled" value="module.driver.timer.gtiocb_output_enabled.false"/>
      <property id="module.driver.timer.gtiocb_stop_level" value="module.driver.timer.gtiocb_stop_level.pin_level_low"/>
      <property id="module.driver.timer.count_up_source" value=""/>
      <property id="module.driver.timer.count_down_source" value=""/>
      <property id="module.driver.timer.start_source" value=""/>
      <property id="module.driver.timer.stop_source" value=""/>
      <property id="module.driver.timer.clear_source" value=""/>
      <property id="module.driver.timer.capture_a_source" value=""/>
      <property id="module.driver.timer.capture_b_source" value=""/>
      <property id="module.driver.timer.gtioca_filter" value="module.driver.timer.gtioc_filter.gtioc_filter_none"/>
      <property id="module.driver.timer.gtiocb_filter" value="module.driver.timer.gtioc_filter.gtioc_filter_none"/>
      <property id="module.driver.timer.p_callback" value="NULL"/>
      <property id="module.driver.timer.ipl" value="_disabled"/>
      <property id="module.driver.timer.capture_a_ipl" value="_disabled"/>
      <property id="module.driver.timer.capture_b_ipl" value="_disabled"/>
      <property id="module.driver.timer.trough_ipl" value="_disabled"/>
      <property id="module.driver.timer.extra" value="module.driver.timer.extra.disabled"/>
      <property id="module.driver.timer.poeg_link" value="module.driver.timer.poeg_link.poeg_link_poeg0"/>
      <property id="module.driver.timer.output_disable" value=""/>
      <property id="module.driver.timer.adc_trigger" value=""/>
      <property id="module.driver.timer.adc_a_compare_match" value="0"/>
      <property id="module.driver.timer.adc_b_compare_match" value="0"/>
      <property id="module.driver.timer.dead_time_count_up" value="0"/>
      <property id="module.driver.timer.dead_time_count_down" value="0"/>
      <property id="module.driver.timer.interrupt_skip.source" value="module.driver.timer.interrupt_skip.source.none"/>
      <property id="module.driver.timer.interrupt_skip.count" value="module.driver.timer.interrupt_skip.count.count_0"/>
      <property id="module.driver.timer.interrupt_skip.adc" value="module.driver.timer.interrupt_skip.skip_sources.interrupt_skip.adc.none"/>
      <property id="module.driver.timer.gtioca_disable_setting" value="module.driver.timer.gtioca_disable_setting.gtioc_disable_prohibited"/>
      <property id="module.driver.timer.gtiocb_disable_setting" value="module.driver.timer.gtiocb_disable_setting.gtioc_disable_prohibited"/>
    </module>
    <module id="module.driver.transfer_on_dtc.840909042">
      <property id="module.driver.transfer.name" value="g_transfer0"/>
      <property id="module.driver.transfer.mode" value="module.driver.transfer.mode.mode_normal"/>
      <property id="module.driver.transfer.size" value="module.driver.transfer.size.size_2_byte"/>
      <property id="module.driver.transfer.dest_addr_mode" value="module.driver.transfer.dest_addr_mode.addr_mode_fixed"/>
      <property id="module.driver.transfer.src_addr_mode" value="module.driver.transfer.src_addr_mode.addr_mode_fixed"/>
      <property id="module.driver.transfer.repeat_area" value="module.driver.transfer.repeat_area.repeat_area_source"/>
      <property id="module.driver.transfer.interrupt" value="module.driver.transfer.interrupt.interrupt_end"/>
      <property id="module.driver.transfer.length" value="0"/>
      <property id="module.driver.transfer.num_blocks" value="0"/>
      <property id="module.driver.transfer.number_of_descriptors" value="1"/>
      <property id="module.driver.transfer.activation_source" value="_disabled"/>
    </module>
    <module id="module.driver.i2c_on_iic_master.390222285">
      <property id="module.driver.i2c_master.name" value="g_i2c_da7218"/>
      <property id="module.driver.i2c_master.channel" value="1"/>
      <property id="module.driver.i2c_master.rate" value="module.driver.i2c_master.rate.rate_standard"/>
      <property id="module.driver.i2c_master.rate_value" value="0"/>
      <property id="module.driver.i2c_master.rise_time_ns" value="120"/>
      <property id="module.driver.i2c_master.fall_time_ns" value="120"/>
      <property id="module.driver.i2c_master.duty" value="50"/>
      <property id="module.driver.i2c_master.slave" value="0x1A"/>
      <property id="module.driver.i2c_master.addr_mode" value="module.driver.i2c_master.addr_mode.addr_mode_7bit"/>
      <property id="module.driver.i2c_master.timeout_mode" value="module.driver.i2c_master.timeout_mode.short_mode"/>
      <property id="module.driver.i2c_master.timeout_scl_low" value="module.driver.i2c_master.timeout_scl_low.disabled"/>
      <property id="module.driver.i2c_master.p_callback" value="i2c_master_callback"/>
      <property id="module.driver.i2c_master.ipl" value="board.icu.common.irq.priority12"/>
    </module>
    <object id="rtos.threadx.object.queue.1054493889">
      <property id="rtos.threadx.object.queue.name" value="UAB Queue"/>
      <property id="rtos.threadx.object.queue.symbol" value="g_usb_queue"/>
      <property id="rtos.threadx.object.queue.msg_size" value="8"/>
      <property id="rtos.threadx.object.queue.queue_size" value="80"/>
    </object>
    <object id="rtos.threadx.object.flags.1305422932">
      <property id="rtos.threadx.object.flags.name" value="Process Event Flags"/>
      <property id="rtos.threadx.object.flags.symbol" value="g_process_event_flags"/>
    </object>
    <object id="rtos.threadx.object.mutex.2088272694">
      <property id="rtos.threadx.object.mutex.name" value="Buffer Mutex"/>
      <property id="rtos.threadx.object.mutex.symbol" value="g_buffer_mutex"/>
      <property id="rtos.threadx.object.mutex.inherit" value="rtos.threadx.object.mutex.inherit.disabled"/>
    </object>
    <object id="rtos.threadx.object.mutex.604887189">
      <property id="rtos.threadx.object.mutex.name" value="Initialization Mutex"/>
      <property id="rtos.threadx.object.mutex.symbol" value="g_initialization_mutex"/>
      <property id="rtos.threadx.object.mutex.inherit" value="rtos.threadx.object.mutex.inherit.disabled"/>
    </object>
    <context id="_hal.0">
      <stack module="module.driver.ioport_on_ioport.0"/>
      <stack module="module.middleware.rm_threadx_port.0"/>
      <stack module="module.driver.uart_on_sci_b_uart.1469076326"/>
      <stack module="module.driver.i2s_on_ssi.2060391094">
        <stack module="module.driver.transfer_on_dtc.840909042" requires="module.driver.i2s_on_ssi.requires.transfer_rx"/>
      </stack>
      <stack module="module.driver.timer_on_gpt.292568709"/>
      <stack module="module.driver.i2c_on_iic_master.390222285"/>
    </context>
    <context id="rtos.threadx.thread.743532018">
      <property id="_symbol" value="usbx_paud_thread"/>
      <property id="rtos.threadx.thread.name" value="USBX Paud Thread"/>
      <property id="rtos.threadx.thread.stack" value="1024"/>
      <property id="rtos.threadx.thread.priority" value="15"/>
      <property id="rtos.threadx.thread.autostart" value="rtos.threadx.thread.autostart.enabled"/>
      <property id="rtos.threadx.thread.timeslice" value="1"/>
      <stack module="module.driver.usbx_paud.351472005">
        <stack module="module.azure.usbx_port.1581217768" requires="module.driver.usbx_paud.requires.usb_basic">
          <stack module="module.driver.basic_on_usb.2012227952" requires="module.driver.basic_on_usb.requires.basic"/>
        </stack>
      </stack>
    </context>
    <context id="rtos.threadx.thread.1252150960">
      <property id="_symbol" value="audio_process_thread"/>
      <property id="rtos.threadx.thread.name" value="Audio Process Thread"/>
      <property id="rtos.threadx.thread.stack" value="1024"/>
      <property id="rtos.threadx.thread.priority" value="16"/>
      <property id="rtos.threadx.thread.autostart" value="rtos.threadx.thread.autostart.enabled"/>
      <property id="rtos.threadx.thread.timeslice" value="1"/>
    </context>
    <config id="config.driver.sci_b_uart">
      <property id="config.driver.sci_b_uart.param_checking_enable" value="config.driver.sci_b_uart.param_checking_enable.bsp"/>
      <property id="config.driver.sci_b_uart.fifo_support" value="config.driver.sci_b_uart.fifo_support.disabled"/>
      <property id="config.driver.sci_b_uart.dtc_support" value="config.driver.sci_b_uart.dtc_support.disabled"/>
      <property id="config.driver.sci_b_uart.flow_control" value="config.driver.sci_b_uart.flow_control.disabled"/>
    </config>
    <config id="config.driver.usb_basic">
      <property id="config.driver.usb_basic.param_checking_enable" value="config.driver.usb_basic.param_checking_enable.bsp"/>
      <property id="config.driver.usb_basic.pll_clock_frequency" value="config.driver.usb_basic.pll_clock_frequency.20mhz"/>
      <property id="config.driver.usb_basic.buswait" value="config.driver.usb_basic.buswait.7"/>
      <property id="config.driver.usb_basic.bc_function" value="config.driver.usb_basic.bc_function.enable"/>
      <property id="config.driver.usb_basic.power_source" value="config.driver.usb_basic.power_source.high"/>
      <property id="config.driver.usb_basic.dcp_function" value="config.driver.usb_basic.dcp_function.disable"/>
      <property id="config.driver.usb_basic.request" value="config.driver.usb_basic.request.enable"/>
      <property id="config.driver.usb_basic.dblb" value="config.driver.usb_basic.dblb.enable"/>
      <property id="config.driver.usb_basic.cntmd" value="config.driver.usb_basic.cntmd.disable"/>
      <property id="config.driver.usb_basic.ldo_regulator" value="config.driver.usb_basic.ldo_regulator.disable"/>
      <property id="config.driver.usb_basic.type_c" value="config.driver.usb_basic.type_c.disable"/>
      <property id="config.driver.usb_basic.dma" value="config.driver.usb_basic.dma.disable"/>
      <property id="config.driver.usb_basic.source_address" value="config.driver.usb_basic.source_address.none"/>
      <property id="config.driver.usb_basic.dest_address" value="config.driver.usb_basic.dest_address.none"/>
      <property id="config.driver.usb_basic.compliance_mode" value="config.driver.usb_basic.compliance_mode.disable"/>
      <property id="config.driver.usb_basic.tpl_table" value="NULL"/>
    </config>
    <config id="config.driver.iic_master">
      <property id="config.driver.iic_master.param_checking_enable" value="config.driver.iic_master.param_checking_enable.bsp"/>
      <property id="config.driver.iic_master.dtc_enable" value="config.driver.iic_master.dtc_enable.disabled"/>
      <property id="config.driver.iic_master.addr_mode_10_bit_enable" value="config.driver.iic_master.addr_mode_10_bit_enable.disabled"/>
    </config>
    <config id="config.driver.usbx_paud">
      <property id="config.driver.usbx_paud.iso_in" value="config.driver.usbx_paud.iso_in.pipe1"/>
      <property id="config.driver.usbx_paud.iso_out" value="config.driver.usbx_paud.iso_out.pipe2"/>
    </config>
    <config id="config.driver.gpt">
      <property id="config.driver.gpt.param_checking_enable" value="config.driver.gpt.param_checking_enable.bsp"/>
      <property id="config.driver.gpt.output_support_enable" value="config.driver.gpt.output_support_enable.enabled"/>
      <property id="config.driver.gpt.write_protect_enable" value="config.driver.gpt.write_protect_enable.disabled"/>
    </config>
    <config id="config.driver.ioport">
      <property id="config.driver.ioport.checking" value="config.driver.ioport.checking.system"/>
    </config>
    <config id="config.driver.dtc">
      <property id="config.driver.dtc.param_checking_enable" value="config.driver.dtc.param_checking_enable.bsp"/>
      <property id="config.driver.dtc.vector_table" value=".fsp_dtc_vector_table"/>
    </config>
    <config id="config.driver.ssi">
      <property id="config.driver.ssi.param_checking_enable" value="config.driver.ssi.param_checking_enable.bsp"/>
      <property id="config.driver.ssi.dtc_enable" value="config.driver.ssi.dtc_enable.enabled"/>
    </config>
    <config id="config.threadx.thread">
      <property id="config.azure.tx.custom_tx_user" value=""/>
      <property id="config.azure.tx.error_checking" value="config.azure.tx.error_checking.enabled"/>
      <property id="config.azure.tx.timer_ticks_per_second" value="1000"/>
      <property id="config.azure.tx.max_priorities" value="32"/>
      <property id="config.azure.tx.minimum_stack" value="200"/>
      <property id="config.azure.tx.timer_thread_stack_size" value="1024"/>
      <property id="config.azure.tx.timer_thread_priority" value="0"/>
      <property id="config.azure.tx.timer_process_in_isr" value="config.azure.tx.timer_process_in_isr.enabled"/>
      <property id="config.azure.tx.reactivate_inline" value="config.azure.tx.reactivate_inline.disabled"/>
      <property id="config.azure.tx.stack_filling" value="config.azure.tx.stack_filling.enabled"/>
      <property id="config.azure.tx.preemption_threshold" value="config.azure.tx.preemption_threshold.disabled"/>
      <property id="config.azure.tx.timer" value="config.azure.tx.timer.enabled"/>
      <property id="config.azure.tx.notify_callbacks" value="config.azure.tx.notify_callbacks.disabled"/>
      <property id="config.azure.tx.inline_thread_resume_suspend" value="config.azure.tx.inline_thread_resume_suspend.disabled"/>
      <property id="config.azure.tx.not_interruptable" value="config.azure.tx.not_interruptable.disabled"/>
      <property id="config.azure.tx.event_trace" value="config.azure.tx.event_trace.disabled"/>
      <property id="config.azure.tx.trace_buf_name" value="g_tx_trace_buffer"/>
      <property id="config.azure.tx.trace_buffer_location" value=".bss"/>
      <property id="config.azure.tx.trace_buf_size" value="65536"/>
      <property id="config.azure.tx.num_registries" value="30"/>
      <property id="config.azure.tx.block_pool_performance_info" value="config.azure.tx.block_pool_performance_info.disabled"/>
      <property id="config.azure.tx.byte_pool_performance_info" value="config.azure.tx.byte_pool_performance_info.disabled"/>
      <property id="config.azure.tx.event_flags_performance_info" value="config.azure.tx.event_flags_performance_info.disabled"/>
      <property id="config.azure.tx.mutex_performance_info" value="config.azure.tx.mutex_performance_info.disabled"/>
      <property id="config.azure.tx.queue_performance_info" value="config.azure.tx.queue_performance_info.disabled"/>
      <property id="config.azure.tx.semaphore_performance_info" value="config.azure.tx.semaphore_performance_info.disabled"/>
      <property id="config.azure.tx.thread_performance_info" value="config.azure.tx.thread_performance_info.disabled"/>
      <property id="config.azure.tx.timer_performance_info" value="config.azure.tx.timer_performance_info.disabled"/>
      <property id="config.azure.tx.hw_stack_monitoring" value="config.mcu.hw_stack_monitoring.disabled"/>
      <property id="config.azure.tx.SysTick_IRQn" value="board.icu.common.irq.priority0"/>
      <property id="config.azure.tx.max_ipl" value="board.icu.common.irq.priority0"/>
      <property id="config.azure.tx.iar_library_support" value="config.azure.tx.iar_library_support.disabled"/>
      <property id="config.azure.tx.bsd_support" value="config.azure.tx.bsd_support.disabled"/>
      <property id="config.azure.tx.filex_pointer" value="config.azure.tx.filex_pointer.enabled"/>
    </config>
  </raModuleConfiguration>
  <raPinConfiguration>
    <symbolicName propertyId="p600.symbolic_name" value="DA7218_EN"/>
    <comment propertyId="p404.comment" value="Red LED"/>
    <comment propertyId="p405.comment" value="Green LED"/>
    <comment propertyId="p406.comment" value="Blue LED"/>
    <comment propertyId="p600.comment" value="DA7218#"/>
    <pincfg active="true" name="R7FA8M1AHECFP.pincfg" selected="true" symbol="g_bsp_pin_cfg">
      <configSetting altId="iic1.mode.enabled.b" configurationId="iic1.mode"/>
      <configSetting altId="iic1.scl1.p205" configurationId="iic1.scl1"/>
      <configSetting altId="iic1.sda1.p206" configurationId="iic1.sda1"/>
      <configSetting altId="jtag_fslash_swd.mode.jtag.free" configurationId="jtag_fslash_swd.mode"/>
      <configSetting altId="jtag_fslash_swd.tck.p211" configurationId="jtag_fslash_swd.tck"/>
      <configSetting altId="jtag_fslash_swd.tdi.p208" configurationId="jtag_fslash_swd.tdi"/>
      <configSetting altId="jtag_fslash_swd.tdo.p209" configurationId="jtag_fslash_swd.tdo"/>
      <configSetting altId="jtag_fslash_swd.tms.p210" configurationId="jtag_fslash_swd.tms"/>
      <configSetting altId="p112.ssie0.ssisck0" configurationId="p112"/>
      <configSetting altId="p112.gpio_mode.gpio_mode_peripheral" configurationId="p112.gpio_mode"/>
      <configSetting altId="p113.ssie0.ssiws0" configurationId="p113"/>
      <configSetting altId="p113.gpio_mode.gpio_mode_peripheral" configurationId="p113.gpio_mode"/>
      <configSetting altId="p114.ssie0.ssirxd0" configurationId="p114"/>
      <configSetting altId="p114.gpio_mode.gpio_mode_peripheral" configurationId="p114.gpio_mode"/>
      <configSetting altId="p115.ssie0.ssitxd0" configurationId="p115"/>
      <configSetting altId="p115.gpio_mode.gpio_mode_peripheral" configurationId="p115.gpio_mode"/>
      <configSetting altId="p205.iic1.scl1" configurationId="p205"/>
      <configSetting altId="p205.gpio_speed.gpio_speed_m" configurationId="p205.gpio_drivecapacity"/>
      <configSetting altId="p205.gpio_mode.gpio_mode_peripheral" configurationId="p205.gpio_mode"/>
      <configSetting altId="p206.iic1.sda1" configurationId="p206"/>
      <configSetting altId="p206.gpio_speed.gpio_speed_m" configurationId="p206.gpio_drivecapacity"/>
      <configSetting altId="p206.gpio_mode.gpio_mode_peripheral" configurationId="p206.gpio_mode"/>
      <configSetting altId="p208.jtag_fslash_swd.tdi" configurationId="p208"/>
      <configSetting altId="p208.gpio_mode.gpio_mode_peripheral" configurationId="p208.gpio_mode"/>
      <configSetting altId="p209.jtag_fslash_swd.tdo" configurationId="p209"/>
      <configSetting altId="p209.gpio_mode.gpio_mode_peripheral" configurationId="p209.gpio_mode"/>
      <configSetting altId="p210.jtag_fslash_swd.tms" configurationId="p210"/>
      <configSetting altId="p210.gpio_mode.gpio_mode_peripheral" configurationId="p210.gpio_mode"/>
      <configSetting altId="p211.jtag_fslash_swd.tck" configurationId="p211"/>
      <configSetting altId="p211.gpio_mode.gpio_mode_peripheral" configurationId="p211.gpio_mode"/>
      <configSetting altId="p404.output.high" configurationId="p404"/>
      <configSetting altId="p404.gpio_mode.gpio_mode_out.high" configurationId="p404.gpio_mode"/>
      <configSetting altId="p405.output.high" configurationId="p405"/>
      <configSetting altId="p405.gpio_mode.gpio_mode_out.high" configurationId="p405.gpio_mode"/>
      <configSetting altId="p406.output.high" configurationId="p406"/>
      <configSetting altId="p406.gpio_mode.gpio_mode_out.high" configurationId="p406.gpio_mode"/>
      <configSetting altId="p407.usbfs.usb_vbus" configurationId="p407"/>
      <configSetting altId="p407.gpio_mode.gpio_mode_peripheral" configurationId="p407.gpio_mode"/>
      <configSetting altId="p600.input" configurationId="p600"/>
      <configSetting altId="p600.gpio_mode.gpio_mode_in" configurationId="p600.gpio_mode"/>
      <configSetting altId="p609.sci0.txd0" configurationId="p609"/>
      <configSetting altId="p609.gpio_mode.gpio_mode_peripheral" configurationId="p609.gpio_mode"/>
      <configSetting altId="p610.sci0.rxd0" configurationId="p610"/>
      <configSetting altId="p610.gpio_mode.gpio_mode_peripheral" configurationId="p610.gpio_mode"/>
      <configSetting altId="p814.usbfs.usb_dp" configurationId="p814"/>
      <configSetting altId="p814.gpio_mode.gpio_mode_peripheral" configurationId="p814.gpio_mode"/>
      <configSetting altId="p815.usbfs.usb_dm" configurationId="p815"/>
      <configSetting altId="p815.gpio_mode.gpio_mode_peripheral" configurationId="p815.gpio_mode"/>
      <configSetting altId="sci0.mode.asynchronousuart.free" configurationId="sci0.mode"/>
      <configSetting altId="sci0.rxd0.p610" configurationId="sci0.rxd0"/>
      <configSetting altId="sci0.txd0.p609" configurationId="sci0.txd0"/>
      <configSetting altId="ssie0.mode.custom.free" configurationId="ssie0.mode"/>
      <configSetting altId="ssie0.ssirxd0.p114" configurationId="ssie0.ssirxd0"/>
      <configSetting altId="ssie0.ssisck0.p112" configurationId="ssie0.ssisck0"/>
      <configSetting altId="ssie0.ssitxd0.p115" configurationId="ssie0.ssitxd0"/>
      <configSetting altId="ssie0.ssiws0.p113" configurationId="ssie0.ssiws0"/>
      <configSetting altId="usbfs.mode.custom.free" configurationId="usbfs.mode"/>
      <configSetting altId="usbfs.usb_dm.p815" configurationId="usbfs.usb_dm"/>
      <configSetting altId="usbfs.usb_dp.p814" configurationId="usbfs.usb_dp"/>
      <configSetting altId="usbfs.usb_vbus.p407" configurationId="usbfs.usb_vbus"/>
    </pincfg>
  </raPinConfiguration>
</raConfiguration>
