<?xml version="1.0" encoding="UTF-8" standalone="no"?>
<raConfiguration version="10">
  <generalSettings>
    <option key="#Board#" value="board.ra2l1_voice"/>
    <option key="CPU" value="RA2L1"/>
    <option key="Core" value="CM23"/>
    <option key="#TargetName#" value="R7FA2L1AB3CFL"/>
    <option key="#TargetARCHITECTURE#" value="cortex-m23"/>
    <option key="#DeviceCommand#" value="R7FA2L1AB"/>
    <option key="#RTOS#" value="_none"/>
    <option key="#pinconfiguration#" value="R7FA2L1AB3CFL.pincfg"/>
    <option key="#FSPVersion#" value="5.7.0"/>
    <option key="#ConfigurationFragments#" value="Renesas##BSP##Board##ra2l1_voice##"/>
    <option key="#SELECTED_TOOLCHAIN#" value="gcc-arm-embedded"/>
  </generalSettings>
  <raBspConfiguration>
    <config id="config.bsp.ra2l1.R7FA2L1AB3CFL">
      <property id="config.bsp.part_number" value="config.bsp.part_number.value"/>
      <property id="config.bsp.rom_size_bytes" value="config.bsp.rom_size_bytes.value"/>
      <property id="config.bsp.rom_size_bytes_hidden" value="262144"/>
      <property id="config.bsp.ram_size_bytes" value="config.bsp.ram_size_bytes.value"/>
      <property id="config.bsp.data_flash_size_bytes" value="config.bsp.data_flash_size_bytes.value"/>
      <property id="config.bsp.package_style" value="config.bsp.package_style.value"/>
      <property id="config.bsp.package_pins" value="config.bsp.package_pins.value"/>
      <property id="config.bsp.irq_count_hidden" value="32"/>
    </config>
    <config id="config.bsp.ra2l1">
      <property id="config.bsp.series" value="config.bsp.series.value"/>
    </config>
    <config id="config.bsp.ra2l1.fsp">
      <property id="config.bsp.fsp.inline_irq_functions" value="config.bsp.common.inline_irq_functions.disabled"/>
      <property id="config.bsp.fsp.OFS0.iwdt_start_mode" value="config.bsp.fsp.OFS0.iwdt_start_mode.disabled"/>
      <property id="config.bsp.fsp.OFS0.iwdt_timeout" value="config.bsp.fsp.OFS0.iwdt_timeout.2048"/>
      <property id="config.bsp.fsp.OFS0.iwdt_divisor" value="config.bsp.fsp.OFS0.iwdt_divisor.128"/>
      <property id="config.bsp.fsp.OFS0.iwdt_window_end" value="config.bsp.fsp.OFS0.iwdt_window_end.0"/>
      <property id="config.bsp.fsp.OFS0.iwdt_window_start" value="config.bsp.fsp.OFS0.iwdt_window_start.100"/>
      <property id="config.bsp.fsp.OFS0.iwdt_reset_interrupt" value="config.bsp.fsp.OFS0.iwdt_reset_interrupt.Reset"/>
      <property id="config.bsp.fsp.OFS0.iwdt_stop_control" value="config.bsp.fsp.OFS0.iwdt_stop_control.stops"/>
      <property id="config.bsp.fsp.OFS0.wdt_start_mode" value="config.bsp.fsp.OFS0.wdt_start_mode.register"/>
      <property id="config.bsp.fsp.OFS0.wdt_timeout" value="config.bsp.fsp.OFS0.wdt_timeout.16384"/>
      <property id="config.bsp.fsp.OFS0.wdt_divisor" value="config.bsp.fsp.OFS0.wdt_divisor.128"/>
      <property id="config.bsp.fsp.OFS0.wdt_window_end" value="config.bsp.fsp.OFS0.wdt_window_end.0"/>
      <property id="config.bsp.fsp.OFS0.wdt_window_start" value="config.bsp.fsp.OFS0.wdt_window_start.100"/>
      <property id="config.bsp.fsp.OFS0.wdt_reset_interrupt" value="config.bsp.fsp.OFS0.wdt_reset_interrupt.Reset"/>
      <property id="config.bsp.fsp.OFS0.wdt_stop_control" value="config.bsp.fsp.OFS0.wdt_stop_control.stops"/>
      <property id="config.bsp.fsp.OFS1.internal_clock_supply" value="config.bsp.fsp.OFS1.internal_clock_supply.type_a"/>
      <property id="config.bsp.fsp.OFS1.voltage_detection0.start" value="config.bsp.fsp.OFS1.voltage_detection0.start.disabled"/>
      <property id="config.bsp.fsp.OFS1.voltage_detection0_level" value="config.bsp.fsp.OFS1.voltage_detection0_level.190"/>
      <property id="config.bsp.fsp.OFS1.hoco_osc" value="config.bsp.fsp.OFS1.hoco_osc.enabled"/>
      <property id="config.bsp.low_voltage_mode" value="config.bsp.low_voltage_mode.disabled"/>
      <property id="config.bsp.fsp.mpu_pc0_enable" value="config.bsp.fsp.mpu_pc0_enable.disabled"/>
      <property id="config.bsp.fsp.mpu_pc0_start" value="0x000FFFFC"/>
      <property id="config.bsp.fsp.mpu_pc0_end" value="0x000FFFFF"/>
      <property id="config.bsp.fsp.mpu_pc1_enable" value="config.bsp.fsp.mpu_pc1_enable.disabled"/>
      <property id="config.bsp.fsp.mpu_pc1_start" value="0x000FFFFC"/>
      <property id="config.bsp.fsp.mpu_pc1_end" value="0x000FFFFF"/>
      <property id="config.bsp.fsp.mpu_reg0_enable" value="config.bsp.fsp.mpu_reg0_enable.disabled"/>
      <property id="config.bsp.fsp.mpu_reg0_start" value="0x000FFFFC"/>
      <property id="config.bsp.fsp.mpu_reg0_end" value="0x000FFFFF"/>
      <property id="config.bsp.fsp.mpu_reg1_enable" value="config.bsp.fsp.mpu_reg1_enable.disabled"/>
      <property id="config.bsp.fsp.mpu_reg1_start" value="0x200FFFFC"/>
      <property id="config.bsp.fsp.mpu_reg1_end" value="0x200FFFFF"/>
      <property id="config.bsp.fsp.mpu_reg2_enable" value="config.bsp.fsp.mpu_reg2_enable.disabled"/>
      <property id="config.bsp.fsp.mpu_reg2_start" value="0x407FFFFC"/>
      <property id="config.bsp.fsp.mpu_reg2_end" value="0x407FFFFF"/>
      <property id="config.bsp.fsp.mpu_reg3_enable" value="config.bsp.fsp.mpu_reg3_enable.disabled"/>
      <property id="config.bsp.fsp.mpu_reg3_start" value="0x400DFFFC"/>
      <property id="config.bsp.fsp.mpu_reg3_end" value="0x400DFFFF"/>
      <property id="config.bsp.fsp.dcdc" value="config.bsp.fsp.dcdc.disabled"/>
      <property id="config.bsp.fsp.dcdc_range" value="config.bsp.fsp.dcdc_range.2v7_3v6"/>
      <property id="config.bsp.common.main_osc_wait" value="config.bsp.common.main_osc_wait.wait_8163"/>
      <property id="config.bsp.fsp.mcu.adc.max_freq_hz" value="64000000"/>
      <property id="config.bsp.fsp.mcu.sci_uart.max_baud" value="3333333"/>
      <property id="config.bsp.fsp.mcu.adc.sample_and_hold" value="0"/>
      <property id="config.bsp.fsp.mcu.adc.sensors_are_exclusive" value="1"/>
      <property id="config.bsp.fsp.mcu.sci_spi.max_bitrate" value="8000000"/>
      <property id="config.bsp.fsp.mcu.spi.max_bitrate" value="16000000"/>
      <property id="config.bsp.fsp.mcu.iic_master.rate.rate_fastplus" value="0"/>
      <property id="config.bsp.fsp.mcu.iic_master.fastplus_channels" value="0"/>
      <property id="config.bsp.fsp.mcu.iic_slave.rate.rate_fastplus" value="0"/>
      <property id="config.bsp.fsp.mcu.iic_slave.fastplus_channels" value="0x0"/>
      <property id="config.bsp.fsp.mcu.sci_uart.cstpen_channels" value="0x0"/>
      <property id="config.bsp.fsp.mcu.gpt.pin_count_source_channels" value="0xFFFF"/>
      <property id="config.bsp.common.id_mode" value="config.bsp.common.id_mode.unlocked"/>
      <property id="config.bsp.common.id_code" value="FFFFFFFFFFFFFFFFFFFFFFFFFFFFFFFF"/>
      <property id="config.bsp.common.id1" value=""/>
      <property id="config.bsp.common.id2" value=""/>
      <property id="config.bsp.common.id3" value=""/>
      <property id="config.bsp.common.id4" value=""/>
      <property id="config.bsp.common.id_fixed" value=""/>
      <property id="config.bsp.common.fill_flash_gap" value="config.bsp.common.fill_flash_gap.disabled"/>
    </config>
    <config id="config.bsp.ra">
      <property id="config.bsp.common.main" value="2816"/>
      <property id="config.bsp.common.heap" value="256"/>
      <property id="config.bsp.common.vcc" value="3300"/>
      <property id="config.bsp.common.checking" value="config.bsp.common.checking.disabled"/>
      <property id="config.bsp.common.assert" value="config.bsp.common.assert.none"/>
      <property id="config.bsp.common.error_log" value="config.bsp.common.error_log.none"/>
      <property id="config.bsp.common.soft_reset" value="config.bsp.common.soft_reset.disabled"/>
      <property id="config.bsp.common.main_osc_populated" value="config.bsp.common.main_osc_populated.disabled"/>
      <property id="config.bsp.common.pfs_protect" value="config.bsp.common.pfs_protect.enabled"/>
      <property id="config.bsp.common.c_runtime_init" value="config.bsp.common.c_runtime_init.enabled"/>
      <property id="config.bsp.common.early_init" value="config.bsp.common.early_init.disabled"/>
      <property id="config.bsp.common.main_osc_clock_source" value="config.bsp.common.main_osc_clock_source.crystal"/>
      <property id="config.bsp.common.subclock_populated" value="config.bsp.common.subclock_populated.disabled"/>
      <property id="config.bsp.common.subclock_drive" value="config.bsp.common.subclock_drive.standard"/>
      <property id="config.bsp.common.subclock_stabilization_ms" value="1000"/>
    </config>
  </raBspConfiguration>
  <raClockConfiguration>
    <node id="board.clock.xtal.freq" mul="20000000" option="_edit"/>
    <node id="board.clock.hoco.freq" option="board.clock.hoco.freq.48m"/>
    <node id="board.clock.loco.freq" option="board.clock.loco.freq.32768"/>
    <node id="board.clock.moco.freq" option="board.clock.moco.freq.8m"/>
    <node id="board.clock.subclk.freq" option="board.clock.subclk.freq.32768"/>
    <node id="board.clock.clock.source" option="board.clock.clock.source.hoco"/>
    <node id="board.clock.iclk.div" option="board.clock.iclk.div.1"/>
    <node id="board.clock.iclk.display" option="board.clock.iclk.display.value"/>
    <node id="board.clock.pclkb.div" option="board.clock.pclkb.div.2"/>
    <node id="board.clock.pclkb.display" option="board.clock.pclkb.display.value"/>
    <node id="board.clock.pclkd.div" option="board.clock.pclkd.div.1"/>
    <node id="board.clock.pclkd.display" option="board.clock.pclkd.display.value"/>
    <node id="board.clock.clkout.source" option="board.clock.clkout.source.disabled"/>
    <node id="board.clock.clkout.div" option="board.clock.clkout.div.1"/>
    <node id="board.clock.clkout.display" option="board.clock.clkout.display.value"/>
  </raClockConfiguration>
  <raComponentSelection>
    <component apiversion="" class="CMSIS" condition="" group="CMSIS5" subgroup="CoreM" variant="" vendor="Arm" version="6.1.0+fsp.5.7.0">
      <description>Arm CMSIS Version 6 - Core (M)</description>
      <originalPack>Arm.CMSIS6.6.1.0+fsp.5.7.0.pack</originalPack>
    </component>
    <component apiversion="" class="BSP" condition="" group="Board" subgroup="ra2l1_voice" variant="" vendor="Renesas" version="5.7.0">
      <description>RA2L1-VOICE Board Support Files</description>
      <originalPack>Renesas.RA_board_ra2l1_voice.5.7.0.pack</originalPack>
    </component>
    <component apiversion="" class="BSP" condition="" group="ra2l1" subgroup="device" variant="R7FA2L1AB3CFL" vendor="Renesas" version="5.7.0">
      <description>Board support package for R7FA2L1AB3CFL</description>
      <originalPack>Renesas.RA_mcu_ra2l1.5.7.0.pack</originalPack>
    </component>
    <component apiversion="" class="BSP" condition="" group="ra2l1" subgroup="device" variant="" vendor="Renesas" version="5.7.0">
      <description>Board support package for RA2L1</description>
      <originalPack>Renesas.RA_mcu_ra2l1.5.7.0.pack</originalPack>
    </component>
    <component apiversion="" class="BSP" condition="" group="ra2l1" subgroup="fsp" variant="" vendor="Renesas" version="5.7.0">
      <description>Board support package for RA2L1 - FSP Data</description>
      <originalPack>Renesas.RA_mcu_ra2l1.5.7.0.pack</originalPack>
    </component>
    <component apiversion="" class="BSP" condition="" group="ra2l1" subgroup="events" variant="" vendor="Renesas" version="5.7.0">
      <description>Board support package for RA2L1 - Events</description>
      <originalPack>Renesas.RA_mcu_ra2l1.5.7.0.pack</originalPack>
    </component>
    <component apiversion="" class="Common" condition="" group="all" subgroup="fsp_common" variant="" vendor="Renesas" version="5.7.0">
      <description>Board Support Package Common Files</description>
      <originalPack>Renesas.RA.5.7.0.pack</originalPack>
    </component>
    <component apiversion="" class="HAL Drivers" condition="" group="all" subgroup="r_adc" variant="" vendor="Renesas" version="5.7.0">
      <description>A/D Converter</description>
      <originalPack>Renesas.RA.5.7.0.pack</originalPack>
    </component>
    <component apiversion="" class="HAL Drivers" condition="" group="all" subgroup="r_agt" variant="" vendor="Renesas" version="5.7.0">
      <description>Asynchronous General Purpose Timer</description>
      <originalPack>Renesas.RA.5.7.0.pack</originalPack>
    </component>
    <component apiversion="" class="HAL Drivers" condition="" group="all" subgroup="r_dac" variant="" vendor="Renesas" version="5.7.0">
      <description>12-bit D/A Converter</description>
      <originalPack>Renesas.RA.5.7.0.pack</originalPack>
    </component>
    <component apiversion="" class="HAL Drivers" condition="" group="all" subgroup="r_dtc" variant="" vendor="Renesas" version="5.7.0">
      <description>Data Transfer Controller</description>
      <originalPack>Renesas.RA.5.7.0.pack</originalPack>
    </component>
    <component apiversion="" class="HAL Drivers" condition="" group="all" subgroup="r_elc" variant="" vendor="Renesas" version="5.7.0">
      <description>Event Link Controller</description>
      <originalPack>Renesas.RA.5.7.0.pack</originalPack>
    </component>
    <component apiversion="" class="HAL Drivers" condition="" group="all" subgroup="r_flash_lp" variant="" vendor="Renesas" version="5.7.0">
      <description>Flash Memory Low Power</description>
      <originalPack>Renesas.RA.5.7.0.pack</originalPack>
    </component>
    <component apiversion="" class="HAL Drivers" condition="" group="all" subgroup="r_gpt" variant="" vendor="Renesas" version="5.7.0">
      <description>General PWM Timer</description>
      <originalPack>Renesas.RA.5.7.0.pack</originalPack>
    </component>
    <component apiversion="" class="HAL Drivers" condition="" group="all" subgroup="r_ioport" variant="" vendor="Renesas" version="5.7.0">
      <description>I/O Port</description>
      <originalPack>Renesas.RA.5.7.0.pack</originalPack>
    </component>
    <component apiversion="" class="HAL Drivers" condition="" group="all" subgroup="r_lpm" variant="" vendor="Renesas" version="5.7.0">
      <description>Low Power Modes</description>
      <originalPack>Renesas.RA.5.7.0.pack</originalPack>
    </component>
    <component apiversion="" class="HAL Drivers" condition="" group="all" subgroup="r_poeg" variant="" vendor="Renesas" version="5.7.0">
      <description>Port Output Enable for GPT</description>
      <originalPack>Renesas.RA.5.7.0.pack</originalPack>
    </component>
    <component apiversion="" class="HAL Drivers" condition="" group="all" subgroup="r_sci_uart" variant="" vendor="Renesas" version="5.7.0">
      <description>SCI UART</description>
      <originalPack>Renesas.RA.5.7.0.pack</originalPack>
    </component>
    <component apiversion="" class="HAL Drivers" condition="" group="all" subgroup="r_spi" variant="" vendor="Renesas" version="5.7.0">
      <description>Serial Peripheral Interface</description>
      <originalPack>Renesas.RA.5.7.0.pack</originalPack>
    </component>
  </raComponentSelection>
  <raElcConfiguration/>
  <raIcuConfiguration>
    <interrupt event="event.lpm.snooze.request" isr="user_def_isr_snz_req"/>
    <interrupt event="event.adc0.compare.match" isr="user_def_adc120_wcmpm"/>
    <interrupt event="event.adc0.compare.mismatch" isr="user_def_adc120_wcmpum"/>
  </raIcuConfiguration>
  <raModuleConfiguration>
    <module id="module.driver.ioport_on_ioport.0">
      <property id="module.driver.ioport.name" value="g_ioport"/>
      <property id="module.driver.ioport.elc_trigger_ioport1" value="_disabled"/>
      <property id="module.driver.ioport.elc_trigger_ioport2" value="_disabled"/>
      <property id="module.driver.ioport.elc_trigger_ioport3" value="_disabled"/>
      <property id="module.driver.ioport.elc_trigger_ioport4" value="_disabled"/>
      <property id="module.driver.ioport.pincfg" value="g_bsp_pin_cfg"/>
    </module>
    <module id="module.driver.timer_on_agt.1717217998">
      <property id="module.driver.timer.name" value="g_agt1_lpm"/>
      <property id="module.driver.timer.bit_width" value="module.driver.timer.bit_width.16"/>
      <property id="module.driver.timer.channel" value="1"/>
      <property id="module.driver.timer.mode" value="module.driver.timer.mode.mode_periodic"/>
      <property id="module.driver.timer.period" value="10"/>
      <property id="module.driver.timer.unit" value="module.driver.timer.unit.unit_period_msec"/>
      <property id="module.driver.timer.duty_cycle" value="50"/>
      <property id="module.driver.timer.count_source" value="module.driver.timer.count_source.clock_loco"/>
      <property id="module.driver.timer.agtoa_output_enable" value="module.driver.timer.agtoa_output_enable.false"/>
      <property id="module.driver.timer.agtob_output_enable" value="module.driver.timer.agtob_output_enable.false"/>
      <property id="module.driver.timer.agto_output_enable" value="module.driver.timer.agto_output_enable.false"/>
      <property id="module.driver.timer.measurement_mode" value="module.driver.timer.measurement_mode.measure_disabled"/>
      <property id="module.driver.timer.agtio_filter" value="module.driver.timer.agtio_filter.agtio_filter_none"/>
      <property id="module.driver.timer.enable_pin" value="module.driver.timer.enable_pin.enable_pin_not_used"/>
      <property id="module.driver.timer.trigger_edge" value="module.driver.timer.trigger_edge.trigger_edge_rising"/>
      <property id="module.driver.timer.p_callback" value="NULL"/>
      <property id="module.driver.timer.ipl" value="_disabled"/>
    </module>
    <module id="module.driver.lpm.978342106">
      <property id="module.driver.lpm.name" value="g_lpm0"/>
      <property id="module.driver.lpm.mode" value="module.driver.lpm.mode.standby_snooze"/>
      <property id="module.driver.lpm.output_port_enable_standby" value="module.driver.lpm.output_port_enable_standby.no_change"/>
      <property id="module.driver.lpm.supply_sosc_clock" value="module.driver.lpm.supply_sosc_clock.lpm_supply_sosc_clock_enable"/>
      <property id="module.driver.lpm.start_hsoco" value="module.driver.lpm.hsoco_speed.lpm_hsoco_speed_normal_speed"/>
      <property id="module.driver.lpm.flash_mode" value="module.driver.lpm.flash_mode.lpm_flash_mode_flash_active"/>
      <property id="module.driver.lpm.standby_wake_sources" value=""/>
      <property id="module.driver.lpm.standby_wake_sources_2" value=""/>
      <property id="module.driver.lpm.snooze_request" value="module.driver.lpm.snooze_request_agt1_underflow"/>
      <property id="module.driver.lpm.snooze_end_sources" value="module.driver.lpm.snooze_end_adc0_compare_mismatch"/>
      <property id="module.driver.lpm.snooze_dtc" value="module.driver.lpm.snooze_dtc.lpm_snooze_dtc_disable"/>
      <property id="module.driver.lpm.snooze_cancel_source" value="enum.mcu.lpm.snooze_cancel_source.adc0_wcmpm"/>
      <property id="module.driver.lpm.ram_power_enable" value=""/>
      <property id="module.driver.lpm.tcm_power_enable" value="enum.mcu.lpm.tcm_power_enable.disable"/>
      <property id="module.driver.lpm.standby_ram_power_enable" value="enum.mcu.lpm.standby_ram_power_enable.disable"/>
      <property id="module.driver.lpm.oscillator_ldo_state.pll1" value="enum.mcu.lpm.oscillator_ldo_state.pll1.disable"/>
      <property id="module.driver.lpm.oscillator_ldo_state.pll2" value="enum.mcu.lpm.oscillator_ldo_state.pll2.disable"/>
      <property id="module.driver.lpm.oscillator_ldo_state.hoco" value="enum.mcu.lpm.oscillator_ldo_state.hoco.disable"/>
      <property id="module.driver.lpm.io_port_deep_standby_exit" value="module.driver.lpm.io_port_deep_standby_exit.no_change"/>
      <property id="module.driver.lpm.power_supply_deep_standby" value="module.driver.lpm.power_supply_deep_standby.deepcut0"/>
      <property id="module.driver.lpm.deep_standby_cancel_sources" value=""/>
      <property id="module.driver.lpm.deep_standby_cancel_edges" value=""/>
    </module>
    <module id="module.driver.adc_on_adc.1212182193">
      <property id="module.driver.adc.name" value="g_adc_lpm"/>
      <property id="module.driver.adc.unit" value="0"/>
      <property id="module.driver.adc.resolution" value="module.driver.adc.resolution.resolution_12_bit"/>
      <property id="module.driver.adc.alignment" value="module.driver.adc.alignment.alignment_right"/>
      <property id="module.driver.adc.clearing" value="module.driver.adc.clearing.clear_after_read_off"/>
      <property id="module.driver.adc.mode" value="module.driver.adc.mode.mode_single_scan"/>
      <property id="module.driver.adc.mode.dt" value="module.driver.adc.mode.dt.disabled"/>
      <property id="module.driver.adc.scan_mask" value="module.driver.adc.scan_mask.channel_0,module.driver.adc.scan_mask.channel_1"/>
      <property id="module.driver.adc.scan_mask_group_b" value=""/>
      <property id="module.driver.adc.trigger" value="_signal.event.agt0.int"/>
      <property id="module.driver.adc.trigger_group_b" value="_disabled"/>
      <property id="module.driver.adc.priority_group_a" value="module.driver.adc.priority_group_a.group_a_priority_off"/>
      <property id="module.driver.adc.add_average_count" value="module.driver.adc.add_average_count.add_off"/>
      <property id="module.driver.adc.adc_vref_control" value="module.driver.adc.adc_vref_control.avcc0_avss0"/>
      <property id="module.driver.adc.add_mask" value=""/>
      <property id="module.driver.adc.sample_hold_mask" value=""/>
      <property id="module.driver.adc.sample_hold_states" value="24"/>
      <property id="module.driver.adc.compare.window_mode" value="module.driver.adc.compare.window_mode.enabled"/>
      <property id="module.driver.adc.compare.event_mode" value="module.driver.adc.compare.event_mode.and"/>
      <property id="module.driver.adc.compare.window_a.enable" value="module.driver.adc.compare.window_a.enable.enabled"/>
      <property id="module.driver.adc.compare.window_a.channels" value="module.driver.adc.compare.window_a.channels.channel_0"/>
      <property id="module.driver.adc.compare.window_a.channel_mode" value=""/>
      <property id="module.driver.adc.compare.window_a.ref_lower" value="1888"/>
      <property id="module.driver.adc.compare.window_a.ref_upper" value="2208"/>
      <property id="module.driver.adc.compare.window_b.enable" value="module.driver.adc.compare.window_b.enable.enabled"/>
      <property id="module.driver.adc.compare.window_b.channel" value="module.driver.adc.compare.window_b.channel.channel_1"/>
      <property id="module.driver.adc.compare.window_b.mode" value="module.driver.adc.compare.window_b.mode.more_inside"/>
      <property id="module.driver.adc.compare.window_b.ref_lower" value="0x000"/>
      <property id="module.driver.adc.compare.window_b.ref_upper" value="0xFFF"/>
      <property id="module.driver.adc.p_callback" value="NULL"/>
      <property id="module.driver.adc.scan_end_ipl" value="_disabled"/>
      <property id="module.driver.adc.scan_end_b_ipl" value="_disabled"/>
      <property id="module.driver.adc.window_a_ipl" value="board.icu.common.irq.priority2"/>
      <property id="module.driver.adc.window_b_ipl" value="board.icu.common.irq.priority2"/>
      <property id="module.driver.adc.adbuf" value="module.driver.adc.adbuf.disabled"/>
    </module>
    <module id="module.driver.elc_on_elc.1857499021">
      <property id="module.driver.elc.name" value="g_elc"/>
    </module>
    <module id="module.driver.timer_on_agt.1047081667">
      <property id="module.driver.timer.name" value="g_timer_amic"/>
      <property id="module.driver.timer.bit_width" value="module.driver.timer.bit_width.16"/>
      <property id="module.driver.timer.channel" value="0"/>
      <property id="module.driver.timer.mode" value="module.driver.timer.mode.mode_periodic"/>
      <property id="module.driver.timer.period" value="16000"/>
      <property id="module.driver.timer.unit" value="module.driver.timer.unit.unit_frequency_hz"/>
      <property id="module.driver.timer.duty_cycle" value="50"/>
      <property id="module.driver.timer.count_source" value="module.driver.timer.count_source.clock_pclkb"/>
      <property id="module.driver.timer.agtoa_output_enable" value="module.driver.timer.agtoa_output_enable.false"/>
      <property id="module.driver.timer.agtob_output_enable" value="module.driver.timer.agtob_output_enable.false"/>
      <property id="module.driver.timer.agto_output_enable" value="module.driver.timer.agto_output_enable.false"/>
      <property id="module.driver.timer.measurement_mode" value="module.driver.timer.measurement_mode.measure_disabled"/>
      <property id="module.driver.timer.agtio_filter" value="module.driver.timer.agtio_filter.agtio_filter_none"/>
      <property id="module.driver.timer.enable_pin" value="module.driver.timer.enable_pin.enable_pin_not_used"/>
      <property id="module.driver.timer.trigger_edge" value="module.driver.timer.trigger_edge.trigger_edge_rising"/>
      <property id="module.driver.timer.p_callback" value="NULL"/>
      <property id="module.driver.timer.ipl" value="_disabled"/>
    </module>
    <module id="module.driver.adc_on_adc.514047447">
      <property id="module.driver.adc.name" value="g_adc_amic"/>
      <property id="module.driver.adc.unit" value="0"/>
      <property id="module.driver.adc.resolution" value="module.driver.adc.resolution.resolution_12_bit"/>
      <property id="module.driver.adc.alignment" value="module.driver.adc.alignment.alignment_right"/>
      <property id="module.driver.adc.clearing" value="module.driver.adc.clearing.clear_after_read_on"/>
      <property id="module.driver.adc.mode" value="module.driver.adc.mode.mode_single_scan"/>
      <property id="module.driver.adc.mode.dt" value="module.driver.adc.mode.dt.disabled"/>
      <property id="module.driver.adc.scan_mask" value="module.driver.adc.scan_mask.channel_0"/>
      <property id="module.driver.adc.scan_mask_group_b" value=""/>
      <property id="module.driver.adc.trigger" value="_signal.event.agt0.int"/>
      <property id="module.driver.adc.trigger_group_b" value="_disabled"/>
      <property id="module.driver.adc.priority_group_a" value="module.driver.adc.priority_group_a.group_a_priority_off"/>
      <property id="module.driver.adc.add_average_count" value="module.driver.adc.add_average_count.add_off"/>
      <property id="module.driver.adc.adc_vref_control" value="module.driver.adc.adc_vref_control.avcc0_avss0"/>
      <property id="module.driver.adc.add_mask" value=""/>
      <property id="module.driver.adc.sample_hold_mask" value=""/>
      <property id="module.driver.adc.sample_hold_states" value="24"/>
      <property id="module.driver.adc.compare.window_mode" value="module.driver.adc.compare.window_mode.disabled"/>
      <property id="module.driver.adc.compare.event_mode" value="module.driver.adc.compare.event_mode.or"/>
      <property id="module.driver.adc.compare.window_a.enable" value="module.driver.adc.compare.window_a.enable.disabled"/>
      <property id="module.driver.adc.compare.window_a.channels" value=""/>
      <property id="module.driver.adc.compare.window_a.channel_mode" value=""/>
      <property id="module.driver.adc.compare.window_a.ref_lower" value="0"/>
      <property id="module.driver.adc.compare.window_a.ref_upper" value="0"/>
      <property id="module.driver.adc.compare.window_b.enable" value="module.driver.adc.compare.window_b.enable.disabled"/>
      <property id="module.driver.adc.compare.window_b.channel" value="module.driver.adc.compare.window_b.channel.channel_0"/>
      <property id="module.driver.adc.compare.window_b.mode" value="module.driver.adc.compare.window_b.mode"/>
      <property id="module.driver.adc.compare.window_b.ref_lower" value="0"/>
      <property id="module.driver.adc.compare.window_b.ref_upper" value="0"/>
      <property id="module.driver.adc.p_callback" value="adc_dtc_end_cb"/>
      <property id="module.driver.adc.scan_end_ipl" value="board.icu.common.irq.priority3"/>
      <property id="module.driver.adc.scan_end_b_ipl" value="_disabled"/>
      <property id="module.driver.adc.window_a_ipl" value="_disabled"/>
      <property id="module.driver.adc.window_b_ipl" value="_disabled"/>
      <property id="module.driver.adc.adbuf" value="module.driver.adc.adbuf.disabled"/>
    </module>
    <module id="module.driver.transfer_on_dtc.600688579">
      <property id="module.driver.transfer.name" value="g_adc_dtc_transfer"/>
      <property id="module.driver.transfer.mode" value="module.driver.transfer.mode.mode_normal"/>
      <property id="module.driver.transfer.size" value="module.driver.transfer.size.size_2_byte"/>
      <property id="module.driver.transfer.dest_addr_mode" value="module.driver.transfer.dest_addr_mode.addr_mode_incremented"/>
      <property id="module.driver.transfer.src_addr_mode" value="module.driver.transfer.src_addr_mode.addr_mode_fixed"/>
      <property id="module.driver.transfer.repeat_area" value="module.driver.transfer.repeat_area.repeat_area_source"/>
      <property id="module.driver.transfer.interrupt" value="module.driver.transfer.interrupt.interrupt_end"/>
      <property id="module.driver.transfer.length" value="480"/>
      <property id="module.driver.transfer.num_blocks" value="0"/>
      <property id="module.driver.transfer.number_of_descriptors" value="1"/>
      <property id="module.driver.transfer.activation_source" value="_signal.event.adc0.scan.end"/>
    </module>
    <module id="module.driver.timer_on_gpt.1173383546">
      <property id="module.driver.timer.name" value="g_timer_sck"/>
      <property id="module.driver.timer.channel" value="5"/>
      <property id="module.driver.timer.mode" value="module.driver.timer.mode.mode_periodic"/>
      <property id="module.driver.timer.period" value="1024000"/>
      <property id="module.driver.timer.compare_match.a.status" value="module.driver.timer.compare_match.a.status.disabled"/>
      <property id="module.driver.timer.compare_match.a.value" value="0"/>
      <property id="module.driver.timer.compare_match.b.status" value="module.driver.timer.compare_match.b.status.disabled"/>
      <property id="module.driver.timer.compare_match.b.value" value="0"/>
      <property id="module.driver.timer.unit" value="module.driver.timer.unit.unit_frequency_hz"/>
      <property id="module.driver.timer.gtior.gtioa.initial_output_level" value="module.driver.timer.gtior.gtioa.initial_output_level.low"/>
      <property id="module.driver.timer.gtior.gtioa.cycle_end_output_level" value="module.driver.timer.gtior.gtioa.cycle_end_output_level.retain"/>
      <property id="module.driver.timer.gtior.gtioa.compare_match_output_level" value="module.driver.timer.gtior.gtioa.compare_match_output_level.retain"/>
      <property id="module.driver.timer.gtior.gtioa.count_stop_retain" value="module.driver.timer.gtior.gtioa.count_stop_retain.disabled"/>
      <property id="module.driver.timer.gtior.gtiob.initial_output_level" value="module.driver.timer.gtior.gtiob.initial_output_level.low"/>
      <property id="module.driver.timer.gtior.gtiob.cycle_end_output_level" value="module.driver.timer.gtior.gtiob.cycle_end_output_level.retain"/>
      <property id="module.driver.timer.gtior.gtiob.compare_match_output_level" value="module.driver.timer.gtior.gtiob.compare_match_output_level.retain"/>
      <property id="module.driver.timer.gtior.gtiob.count_stop_retain" value="module.driver.timer.gtior.gtiob.count_stop_retain.disabled"/>
      <property id="module.driver.timer.gtior.custom_waveform_enable" value="module.driver.timer.gtior.custom_waveform_enable.disabled"/>
      <property id="module.driver.timer.duty_cycle" value="50"/>
      <property id="module.driver.timer.gtioca_output_enabled" value="module.driver.timer.gtioca_output_enabled.false"/>
      <property id="module.driver.timer.gtioca_stop_level" value="module.driver.timer.gtioca_stop_level.pin_level_low"/>
      <property id="module.driver.timer.gtiocb_output_enabled" value="module.driver.timer.gtiocb_output_enabled.true"/>
      <property id="module.driver.timer.gtiocb_stop_level" value="module.driver.timer.gtiocb_stop_level.pin_level_low"/>
      <property id="module.driver.timer.count_up_source" value=""/>
      <property id="module.driver.timer.count_down_source" value=""/>
      <property id="module.driver.timer.start_source" value=""/>
      <property id="module.driver.timer.stop_source" value=""/>
      <property id="module.driver.timer.clear_source" value=""/>
      <property id="module.driver.timer.capture_a_source" value=""/>
      <property id="module.driver.timer.capture_b_source" value=""/>
      <property id="module.driver.timer.gtioca_filter" value="module.driver.timer.gtioc_filter.gtioc_filter_none"/>
      <property id="module.driver.timer.gtiocb_filter" value="module.driver.timer.gtioc_filter.gtioc_filter_none"/>
      <property id="module.driver.timer.p_callback" value="NULL"/>
      <property id="module.driver.timer.ipl" value="_disabled"/>
      <property id="module.driver.timer.capture_a_ipl" value="_disabled"/>
      <property id="module.driver.timer.capture_b_ipl" value="_disabled"/>
      <property id="module.driver.timer.trough_ipl" value="_disabled"/>
      <property id="module.driver.timer.extra" value="module.driver.timer.extra.disabled"/>
      <property id="module.driver.timer.poeg_link" value="enum.driver.poeg.channels.poeg_link_poeg0"/>
      <property id="module.driver.timer.output_disable" value=""/>
      <property id="module.driver.timer.adc_trigger" value=""/>
      <property id="module.driver.timer.adc_a_compare_match" value="0"/>
      <property id="module.driver.timer.adc_b_compare_match" value="0"/>
      <property id="module.driver.timer.dead_time_count_up" value="0"/>
      <property id="module.driver.timer.dead_time_count_down" value="0"/>
      <property id="module.driver.timer.interrupt_skip.source" value="module.driver.timer.interrupt_skip.source.none"/>
      <property id="module.driver.timer.interrupt_skip.count" value="module.driver.timer.interrupt_skip.count.count_0"/>
      <property id="module.driver.timer.interrupt_skip.adc" value="module.driver.timer.interrupt_skip.skip_sources.interrupt_skip.adc.none"/>
      <property id="module.driver.timer.gtioca_disable_setting" value="module.driver.timer.gtioca_disable_setting.gtioc_disable_prohibited"/>
      <property id="module.driver.timer.gtiocb_disable_setting" value="module.driver.timer.gtiocb_disable_setting.gtioc_disable_prohibited"/>
    </module>
    <module id="module.driver.timer_on_gpt.848955700">
      <property id="module.driver.timer.name" value="g_timer_ws"/>
      <property id="module.driver.timer.channel" value="6"/>
      <property id="module.driver.timer.mode" value="module.driver.timer.mode.mode_pwm"/>
      <property id="module.driver.timer.period" value="32"/>
      <property id="module.driver.timer.compare_match.a.status" value="module.driver.timer.compare_match.a.status.disabled"/>
      <property id="module.driver.timer.compare_match.a.value" value="0"/>
      <property id="module.driver.timer.compare_match.b.status" value="module.driver.timer.compare_match.b.status.disabled"/>
      <property id="module.driver.timer.compare_match.b.value" value="0"/>
      <property id="module.driver.timer.unit" value="module.driver.timer.unit.unit_period_raw_counts"/>
      <property id="module.driver.timer.gtior.gtioa.initial_output_level" value="module.driver.timer.gtior.gtioa.initial_output_level.low"/>
      <property id="module.driver.timer.gtior.gtioa.cycle_end_output_level" value="module.driver.timer.gtior.gtioa.cycle_end_output_level.retain"/>
      <property id="module.driver.timer.gtior.gtioa.compare_match_output_level" value="module.driver.timer.gtior.gtioa.compare_match_output_level.retain"/>
      <property id="module.driver.timer.gtior.gtioa.count_stop_retain" value="module.driver.timer.gtior.gtioa.count_stop_retain.disabled"/>
      <property id="module.driver.timer.gtior.gtiob.initial_output_level" value="module.driver.timer.gtior.gtiob.initial_output_level.high"/>
      <property id="module.driver.timer.gtior.gtiob.cycle_end_output_level" value="module.driver.timer.gtior.gtiob.cycle_end_output_level.retain"/>
      <property id="module.driver.timer.gtior.gtiob.compare_match_output_level" value="module.driver.timer.gtior.gtiob.compare_match_output_level.toggle"/>
      <property id="module.driver.timer.gtior.gtiob.count_stop_retain" value="module.driver.timer.gtior.gtiob.count_stop_retain.disabled"/>
      <property id="module.driver.timer.gtior.custom_waveform_enable" value="module.driver.timer.gtior.custom_waveform_enable.enabled"/>
      <property id="module.driver.timer.duty_cycle" value="50"/>
      <property id="module.driver.timer.gtioca_output_enabled" value="module.driver.timer.gtioca_output_enabled.false"/>
      <property id="module.driver.timer.gtioca_stop_level" value="module.driver.timer.gtioca_stop_level.pin_level_low"/>
      <property id="module.driver.timer.gtiocb_output_enabled" value="module.driver.timer.gtiocb_output_enabled.true"/>
      <property id="module.driver.timer.gtiocb_stop_level" value="module.driver.timer.gtiocb_stop_level.pin_level_low"/>
      <property id="module.driver.timer.count_up_source" value="module.driver.gpt.source_gtetrgb_falling"/>
      <property id="module.driver.timer.count_down_source" value=""/>
      <property id="module.driver.timer.start_source" value=""/>
      <property id="module.driver.timer.stop_source" value=""/>
      <property id="module.driver.timer.clear_source" value=""/>
      <property id="module.driver.timer.capture_a_source" value=""/>
      <property id="module.driver.timer.capture_b_source" value=""/>
      <property id="module.driver.timer.gtioca_filter" value="module.driver.timer.gtioc_filter.gtioc_filter_none"/>
      <property id="module.driver.timer.gtiocb_filter" value="module.driver.timer.gtioc_filter.gtioc_filter_none"/>
      <property id="module.driver.timer.p_callback" value="NULL"/>
      <property id="module.driver.timer.ipl" value="_disabled"/>
      <property id="module.driver.timer.capture_a_ipl" value="_disabled"/>
      <property id="module.driver.timer.capture_b_ipl" value="_disabled"/>
      <property id="module.driver.timer.trough_ipl" value="_disabled"/>
      <property id="module.driver.timer.extra" value="module.driver.timer.extra.disabled"/>
      <property id="module.driver.timer.poeg_link" value="enum.driver.poeg.channels.poeg_link_poeg0"/>
      <property id="module.driver.timer.output_disable" value=""/>
      <property id="module.driver.timer.adc_trigger" value=""/>
      <property id="module.driver.timer.adc_a_compare_match" value="0"/>
      <property id="module.driver.timer.adc_b_compare_match" value="0"/>
      <property id="module.driver.timer.dead_time_count_up" value="0"/>
      <property id="module.driver.timer.dead_time_count_down" value="0"/>
      <property id="module.driver.timer.interrupt_skip.source" value="module.driver.timer.interrupt_skip.source.none"/>
      <property id="module.driver.timer.interrupt_skip.count" value="module.driver.timer.interrupt_skip.count.count_0"/>
      <property id="module.driver.timer.interrupt_skip.adc" value="module.driver.timer.interrupt_skip.skip_sources.interrupt_skip.adc.none"/>
      <property id="module.driver.timer.gtioca_disable_setting" value="module.driver.timer.gtioca_disable_setting.gtioc_disable_prohibited"/>
      <property id="module.driver.timer.gtiocb_disable_setting" value="module.driver.timer.gtiocb_disable_setting.gtioc_disable_prohibited"/>
    </module>
    <module id="module.driver.spi_on_spi.1001198781">
      <property id="module.driver.spi.name" value="g_spi_i2s"/>
      <property id="module.driver.spi.channel" value="0"/>
      <property id="module.driver.spi.rxi_ipl" value="board.icu.common.irq.priority1"/>
      <property id="module.driver.spi.txi_ipl" value="board.icu.common.irq.priority1"/>
      <property id="module.driver.spi.tei_ipl" value="board.icu.common.irq.priority1"/>
      <property id="module.driver.spi.eri_ipl" value="board.icu.common.irq.priority1"/>
      <property id="module.driver.spi.operating_mode" value="module.driver.spi.operating_mode.mode_slave"/>
      <property id="module.driver.spi.clk_phase" value="module.driver.spi.clk_phase.clk_phase_edge_odd"/>
      <property id="module.driver.spi.clk_polarity" value="module.driver.spi.clk_polarity.clk_polarity_low"/>
      <property id="module.driver.spi.mode_fault" value="module.driver.spi.mode_fault.mode_fault_error_disable"/>
      <property id="module.driver.spi.bit_order" value="module.driver.spi.bit_order.bit_order_msb_first"/>
      <property id="module.driver.spi.p_callback" value="g_spi_cb"/>
      <property id="module.driver.spi.spi_clksyn" value="module.driver.spi.spi_clksyn.spi_operation"/>
      <property id="module.driver.spi.spi_comm" value="module.driver.spi.spi_comm.full_duplex"/>
      <property id="module.driver.spi.ssl_polarity" value="module.driver.spi.ssl_polarity.low"/>
      <property id="module.driver.spi.ssl_select" value="module.driver.spi.ssl_select.zero"/>
      <property id="module.driver.spi.mosi_idle_value_fixing" value="module.driver.spi.mosi_idle_value_fixing.disable"/>
      <property id="module.driver.spi.parity" value="module.driver.spi.parity_mode.disable"/>
      <property id="module.driver.spi.byte_swap" value="module.driver.spi.byte_swap.disable"/>
      <property id="module.driver.spi.bitrate" value="16000000"/>
      <property id="module.driver.spi.spck_delay" value="module.driver.spi.spck_delay.one"/>
      <property id="module.driver.spi.ssl_negation_delay" value="module.driver.spi.ssl_negation_delay.one"/>
      <property id="module.driver.spi.next_access_delay" value="module.driver.spi.next_access_delay.one"/>
    </module>
    <module id="module.driver.poeg_on_poeg.465832120">
      <property id="module.driver.poeg.name" value="g_poeg_ws"/>
      <property id="module.driver.poeg.channel" value="1"/>
      <property id="module.driver.poeg.trigger" value="module.driver.poeg.trigger.trigger_pin"/>
      <property id="module.driver.poeg.polarity" value="module.driver.poeg.polarity.gtetrg_polarity_active_high"/>
      <property id="module.driver.poeg.noise_filter" value="module.driver.poeg.noise_filter.gtetrg_noise_filter_disabled"/>
      <property id="module.driver.poeg.p_callback" value="NULL"/>
      <property id="module.driver.poeg.ipl" value="_disabled"/>
    </module>
    <module id="module.driver.transfer_on_dtc.1960070902">
      <property id="module.driver.transfer.name" value="g_transfer0"/>
      <property id="module.driver.transfer.mode" value="module.driver.transfer.mode.mode_normal"/>
      <property id="module.driver.transfer.size" value="module.driver.transfer.size.size_2_byte"/>
      <property id="module.driver.transfer.dest_addr_mode" value="module.driver.transfer.dest_addr_mode.addr_mode_fixed"/>
      <property id="module.driver.transfer.src_addr_mode" value="module.driver.transfer.src_addr_mode.addr_mode_fixed"/>
      <property id="module.driver.transfer.repeat_area" value="module.driver.transfer.repeat_area.repeat_area_source"/>
      <property id="module.driver.transfer.interrupt" value="module.driver.transfer.interrupt.interrupt_end"/>
      <property id="module.driver.transfer.length" value="0"/>
      <property id="module.driver.transfer.num_blocks" value="0"/>
      <property id="module.driver.transfer.number_of_descriptors" value="1"/>
      <property id="module.driver.transfer.activation_source" value="_disabled"/>
    </module>
    <module id="module.driver.transfer_on_dtc.1645362026">
      <property id="module.driver.transfer.name" value="g_transfer1"/>
      <property id="module.driver.transfer.mode" value="module.driver.transfer.mode.mode_normal"/>
      <property id="module.driver.transfer.size" value="module.driver.transfer.size.size_2_byte"/>
      <property id="module.driver.transfer.dest_addr_mode" value="module.driver.transfer.dest_addr_mode.addr_mode_fixed"/>
      <property id="module.driver.transfer.src_addr_mode" value="module.driver.transfer.src_addr_mode.addr_mode_fixed"/>
      <property id="module.driver.transfer.repeat_area" value="module.driver.transfer.repeat_area.repeat_area_source"/>
      <property id="module.driver.transfer.interrupt" value="module.driver.transfer.interrupt.interrupt_end"/>
      <property id="module.driver.transfer.length" value="0"/>
      <property id="module.driver.transfer.num_blocks" value="0"/>
      <property id="module.driver.transfer.number_of_descriptors" value="1"/>
      <property id="module.driver.transfer.activation_source" value="_disabled"/>
    </module>
    <module id="module.driver.timer_on_gpt.2026571481">
      <property id="module.driver.timer.name" value="g_timer_ssl"/>
      <property id="module.driver.timer.channel" value="3"/>
      <property id="module.driver.timer.mode" value="module.driver.timer.mode.mode_pwm"/>
      <property id="module.driver.timer.period" value="32"/>
      <property id="module.driver.timer.compare_match.a.status" value="module.driver.timer.compare_match.a.status.disabled"/>
      <property id="module.driver.timer.compare_match.a.value" value="0"/>
      <property id="module.driver.timer.compare_match.b.status" value="module.driver.timer.compare_match.b.status.disabled"/>
      <property id="module.driver.timer.compare_match.b.value" value="0"/>
      <property id="module.driver.timer.unit" value="module.driver.timer.unit.unit_period_raw_counts"/>
      <property id="module.driver.timer.gtior.gtioa.initial_output_level" value="module.driver.timer.gtior.gtioa.initial_output_level.low"/>
      <property id="module.driver.timer.gtior.gtioa.cycle_end_output_level" value="module.driver.timer.gtior.gtioa.cycle_end_output_level.retain"/>
      <property id="module.driver.timer.gtior.gtioa.compare_match_output_level" value="module.driver.timer.gtior.gtioa.compare_match_output_level.retain"/>
      <property id="module.driver.timer.gtior.gtioa.count_stop_retain" value="module.driver.timer.gtior.gtioa.count_stop_retain.disabled"/>
      <property id="module.driver.timer.gtior.gtiob.initial_output_level" value="module.driver.timer.gtior.gtiob.initial_output_level.high"/>
      <property id="module.driver.timer.gtior.gtiob.cycle_end_output_level" value="module.driver.timer.gtior.gtiob.cycle_end_output_level.retain"/>
      <property id="module.driver.timer.gtior.gtiob.compare_match_output_level" value="module.driver.timer.gtior.gtiob.compare_match_output_level.toggle"/>
      <property id="module.driver.timer.gtior.gtiob.count_stop_retain" value="module.driver.timer.gtior.gtiob.count_stop_retain.disabled"/>
      <property id="module.driver.timer.gtior.custom_waveform_enable" value="module.driver.timer.gtior.custom_waveform_enable.enabled"/>
      <property id="module.driver.timer.duty_cycle" value="50"/>
      <property id="module.driver.timer.gtioca_output_enabled" value="module.driver.timer.gtioca_output_enabled.false"/>
      <property id="module.driver.timer.gtioca_stop_level" value="module.driver.timer.gtioca_stop_level.pin_level_low"/>
      <property id="module.driver.timer.gtiocb_output_enabled" value="module.driver.timer.gtiocb_output_enabled.true"/>
      <property id="module.driver.timer.gtiocb_stop_level" value="module.driver.timer.gtiocb_stop_level.pin_level_low"/>
      <property id="module.driver.timer.count_up_source" value="module.driver.gpt.source_gtetrgb_falling"/>
      <property id="module.driver.timer.count_down_source" value=""/>
      <property id="module.driver.timer.start_source" value=""/>
      <property id="module.driver.timer.stop_source" value=""/>
      <property id="module.driver.timer.clear_source" value=""/>
      <property id="module.driver.timer.capture_a_source" value=""/>
      <property id="module.driver.timer.capture_b_source" value=""/>
      <property id="module.driver.timer.gtioca_filter" value="module.driver.timer.gtioc_filter.gtioc_filter_none"/>
      <property id="module.driver.timer.gtiocb_filter" value="module.driver.timer.gtioc_filter.gtioc_filter_none"/>
      <property id="module.driver.timer.p_callback" value="NULL"/>
      <property id="module.driver.timer.ipl" value="_disabled"/>
      <property id="module.driver.timer.capture_a_ipl" value="_disabled"/>
      <property id="module.driver.timer.capture_b_ipl" value="_disabled"/>
      <property id="module.driver.timer.trough_ipl" value="_disabled"/>
      <property id="module.driver.timer.extra" value="module.driver.timer.extra.disabled"/>
      <property id="module.driver.timer.poeg_link" value="enum.driver.poeg.channels.poeg_link_poeg0"/>
      <property id="module.driver.timer.output_disable" value=""/>
      <property id="module.driver.timer.adc_trigger" value=""/>
      <property id="module.driver.timer.adc_a_compare_match" value="0"/>
      <property id="module.driver.timer.adc_b_compare_match" value="0"/>
      <property id="module.driver.timer.dead_time_count_up" value="0"/>
      <property id="module.driver.timer.dead_time_count_down" value="0"/>
      <property id="module.driver.timer.interrupt_skip.source" value="module.driver.timer.interrupt_skip.source.none"/>
      <property id="module.driver.timer.interrupt_skip.count" value="module.driver.timer.interrupt_skip.count.count_0"/>
      <property id="module.driver.timer.interrupt_skip.adc" value="module.driver.timer.interrupt_skip.skip_sources.interrupt_skip.adc.none"/>
      <property id="module.driver.timer.gtioca_disable_setting" value="module.driver.timer.gtioca_disable_setting.gtioc_disable_prohibited"/>
      <property id="module.driver.timer.gtiocb_disable_setting" value="module.driver.timer.gtiocb_disable_setting.gtioc_disable_prohibited"/>
    </module>
    <module id="module.driver.flash_on_flash_lp.676794428">
      <property id="module.driver.flash.name" value="g_flash0"/>
      <property id="module.driver.flash.data_flash_bgo" value="module.driver.flash.data_flash_bgo.enabled"/>
      <property id="module.driver.flash.p_callback" value="flash0_bgo_callback"/>
      <property id="module.driver.flash.ipl" value="board.icu.common.irq.priority2"/>
    </module>
    <module id="module.driver.uart_on_sci_uart.1119055834">
      <property id="module.driver.uart.name" value="g_uart_ds"/>
      <property id="module.driver.uart.channel" value="3"/>
      <property id="module.driver.uart.data_bits" value="module.driver.uart.data_bits.data_bits_8"/>
      <property id="module.driver.uart.parity" value="module.driver.uart.parity.parity_off"/>
      <property id="module.driver.uart.stop_bits" value="module.driver.uart.stop_bits.stop_bits_1"/>
      <property id="module.driver.uart.baud" value="460800"/>
      <property id="module.driver.uart.baudrate_modulation" value="module.driver.uart.baudrate_modulation.enabled"/>
      <property id="module.driver.uart.baudrate_max_err" value="5"/>
      <property id="module.driver.uart.flow_control" value="module.driver.uart.flow_control.rts"/>
      <property id="module.driver.uart.pin_control_port" value="module.driver.uart.pin_control_port.PORT_DISABLE"/>
      <property id="module.driver.uart.pin_control_pin" value="module.driver.uart.pin_control_pin.PIN_DISABLE"/>
      <property id="module.driver.uart.clk_src" value="module.driver.uart.clk_src.int_clk"/>
      <property id="module.driver.uart.rx_edge_start" value="module.driver.uart.rx_edge_start.falling_edge"/>
      <property id="module.driver.uart.noisecancel_en" value="module.driver.uart.noisecancel_en.disabled"/>
      <property id="module.driver.uart.rx_fifo_trigger" value="module.driver.uart.rx_fifo_trigger.max"/>
      <property id="module.driver.uart.irda.ire" value="module.driver.uart.irda.ire.disabled"/>
      <property id="module.driver.uart.irda.irrxinv" value="module.driver.uart.irda.irrxinv.disabled"/>
      <property id="module.driver.uart.irda.irtxinv" value="module.driver.uart.irda.irtxinv.disabled"/>
      <property id="module.driver.uart.rs485.de_enable" value="module.driver.uart.rs485.de_enable.disabled"/>
      <property id="module.driver.uart.rs485.de_polarity" value="module.driver.uart.rs485.de_polarity.high"/>
      <property id="module.driver.uart.rs485.de_port_number" value="module.driver.uart.rs485.de_port_number.PORT_DISABLE"/>
      <property id="module.driver.uart.rs485.de_pin_number" value="module.driver.uart.rs485.de_pin_number.PIN_DISABLE"/>
      <property id="module.driver.uart.callback" value="user_uart_callback"/>
      <property id="module.driver.uart.rxi_ipl" value="board.icu.common.irq.priority2"/>
      <property id="module.driver.uart.txi_ipl" value="board.icu.common.irq.priority2"/>
      <property id="module.driver.uart.tei_ipl" value="board.icu.common.irq.priority2"/>
      <property id="module.driver.uart.eri_ipl" value="board.icu.common.irq.priority2"/>
    </module>
    <module id="module.driver.dac_on_dac.2076615056">
      <property id="module.driver.dac.name" value="g_dac_playback"/>
      <property id="module.driver.dac.channel_id" value="0"/>
      <property id="module.driver.dac.ad_da_synchronized" value="module.driver.dac.ad_da_synchronized.disabled"/>
      <property id="module.driver.dac.data_format" value="module.driver.dac.data_format.data_format_flush_right"/>
      <property id="module.driver.dac.output_amplifier_enabled" value="module.driver.dac.output_amplifier.disabled"/>
      <property id="module.driver.dac.charge_pump_enabled" value="enum.mcu.dac.charge_pump.disabled"/>
      <property id="module.driver.dac.internal_output" value="enum.mcu.dac.internal_output.disabled"/>
      <property id="module.driver.dac.elc_trigger" value="_disabled"/>
      <property id="module.driver.dac.ref_volt_sel" value="module.driver.dac.ref_volt_sel.avcc0_avss0"/>
    </module>
    <module id="module.driver.timer_on_gpt.218371774">
      <property id="module.driver.timer.name" value="g_timer_playback"/>
      <property id="module.driver.timer.channel" value="0"/>
      <property id="module.driver.timer.mode" value="module.driver.timer.mode.mode_periodic"/>
      <property id="module.driver.timer.period" value="16000"/>
      <property id="module.driver.timer.compare_match.a.status" value="module.driver.timer.compare_match.a.status.disabled"/>
      <property id="module.driver.timer.compare_match.a.value" value="0"/>
      <property id="module.driver.timer.compare_match.b.status" value="module.driver.timer.compare_match.b.status.disabled"/>
      <property id="module.driver.timer.compare_match.b.value" value="0"/>
      <property id="module.driver.timer.unit" value="module.driver.timer.unit.unit_frequency_hz"/>
      <property id="module.driver.timer.gtior.gtioa.initial_output_level" value="module.driver.timer.gtior.gtioa.initial_output_level.low"/>
      <property id="module.driver.timer.gtior.gtioa.cycle_end_output_level" value="module.driver.timer.gtior.gtioa.cycle_end_output_level.retain"/>
      <property id="module.driver.timer.gtior.gtioa.compare_match_output_level" value="module.driver.timer.gtior.gtioa.compare_match_output_level.retain"/>
      <property id="module.driver.timer.gtior.gtioa.count_stop_retain" value="module.driver.timer.gtior.gtioa.count_stop_retain.disabled"/>
      <property id="module.driver.timer.gtior.gtiob.initial_output_level" value="module.driver.timer.gtior.gtiob.initial_output_level.low"/>
      <property id="module.driver.timer.gtior.gtiob.cycle_end_output_level" value="module.driver.timer.gtior.gtiob.cycle_end_output_level.retain"/>
      <property id="module.driver.timer.gtior.gtiob.compare_match_output_level" value="module.driver.timer.gtior.gtiob.compare_match_output_level.retain"/>
      <property id="module.driver.timer.gtior.gtiob.count_stop_retain" value="module.driver.timer.gtior.gtiob.count_stop_retain.disabled"/>
      <property id="module.driver.timer.gtior.custom_waveform_enable" value="module.driver.timer.gtior.custom_waveform_enable.disabled"/>
      <property id="module.driver.timer.duty_cycle" value="50"/>
      <property id="module.driver.timer.gtioca_output_enabled" value="module.driver.timer.gtioca_output_enabled.false"/>
      <property id="module.driver.timer.gtioca_stop_level" value="module.driver.timer.gtioca_stop_level.pin_level_low"/>
      <property id="module.driver.timer.gtiocb_output_enabled" value="module.driver.timer.gtiocb_output_enabled.false"/>
      <property id="module.driver.timer.gtiocb_stop_level" value="module.driver.timer.gtiocb_stop_level.pin_level_low"/>
      <property id="module.driver.timer.count_up_source" value=""/>
      <property id="module.driver.timer.count_down_source" value=""/>
      <property id="module.driver.timer.start_source" value=""/>
      <property id="module.driver.timer.stop_source" value=""/>
      <property id="module.driver.timer.clear_source" value=""/>
      <property id="module.driver.timer.capture_a_source" value=""/>
      <property id="module.driver.timer.capture_b_source" value=""/>
      <property id="module.driver.timer.gtioca_filter" value="module.driver.timer.gtioc_filter.gtioc_filter_none"/>
      <property id="module.driver.timer.gtiocb_filter" value="module.driver.timer.gtioc_filter.gtioc_filter_none"/>
      <property id="module.driver.timer.p_callback" value="g_timer_playback_callback"/>
      <property id="module.driver.timer.ipl" value="board.icu.common.irq.priority2"/>
      <property id="module.driver.timer.capture_a_ipl" value="_disabled"/>
      <property id="module.driver.timer.capture_b_ipl" value="_disabled"/>
      <property id="module.driver.timer.trough_ipl" value="_disabled"/>
      <property id="module.driver.timer.extra" value="module.driver.timer.extra.disabled"/>
      <property id="module.driver.timer.poeg_link" value="enum.driver.poeg.channels.poeg_link_poeg0"/>
      <property id="module.driver.timer.output_disable" value=""/>
      <property id="module.driver.timer.adc_trigger" value=""/>
      <property id="module.driver.timer.adc_a_compare_match" value="0"/>
      <property id="module.driver.timer.adc_b_compare_match" value="0"/>
      <property id="module.driver.timer.dead_time_count_up" value="0"/>
      <property id="module.driver.timer.dead_time_count_down" value="0"/>
      <property id="module.driver.timer.interrupt_skip.source" value="module.driver.timer.interrupt_skip.source.none"/>
      <property id="module.driver.timer.interrupt_skip.count" value="module.driver.timer.interrupt_skip.count.count_0"/>
      <property id="module.driver.timer.interrupt_skip.adc" value="module.driver.timer.interrupt_skip.skip_sources.interrupt_skip.adc.none"/>
      <property id="module.driver.timer.gtioca_disable_setting" value="module.driver.timer.gtioca_disable_setting.gtioc_disable_prohibited"/>
      <property id="module.driver.timer.gtiocb_disable_setting" value="module.driver.timer.gtiocb_disable_setting.gtioc_disable_prohibited"/>
    </module>
    <context id="_hal.0">
      <stack module="module.driver.ioport_on_ioport.0"/>
      <stack module="module.driver.timer_on_agt.1717217998"/>
      <stack module="module.driver.lpm.978342106"/>
      <stack module="module.driver.adc_on_adc.1212182193"/>
      <stack module="module.driver.elc_on_elc.1857499021"/>
      <stack module="module.driver.timer_on_agt.1047081667"/>
      <stack module="module.driver.adc_on_adc.514047447"/>
      <stack module="module.driver.transfer_on_dtc.600688579"/>
      <stack module="module.driver.timer_on_gpt.1173383546"/>
      <stack module="module.driver.timer_on_gpt.848955700"/>
      <stack module="module.driver.spi_on_spi.1001198781">
        <stack module="module.driver.transfer_on_dtc.1960070902" requires="module.driver.spi_on_spi.requires.transfer_tx"/>
        <stack module="module.driver.transfer_on_dtc.1645362026" requires="module.driver.spi_on_spi.requires.transfer_rx"/>
      </stack>
      <stack module="module.driver.poeg_on_poeg.465832120"/>
      <stack module="module.driver.timer_on_gpt.2026571481"/>
      <stack module="module.driver.flash_on_flash_lp.676794428"/>
      <stack module="module.driver.uart_on_sci_uart.1119055834"/>
      <stack module="module.driver.dac_on_dac.2076615056"/>
      <stack module="module.driver.timer_on_gpt.218371774"/>
    </context>
    <config id="config.driver.adc">
      <property id="config.driver.adc.param_checking_enable" value="config.driver.adc.param_checking_enable.bsp"/>
    </config>
    <config id="config.driver.elc">
      <property id="config.driver.elc.checking" value="config.driver.elc.checking.system"/>
    </config>
    <config id="config.driver.dac">
      <property id="config.driver.dac.param_checking_enable" value="config.driver.dac.param_checking_enable.bsp"/>
    </config>
    <config id="config.driver.sci_uart">
      <property id="config.driver.sci_uart.param_checking_enable" value="config.driver.sci_uart.param_checking_enable.bsp"/>
      <property id="config.driver.sci_uart.fifo_support" value="config.driver.sci_uart.fifo_support.disabled"/>
      <property id="config.driver.sci_uart.dtc_support" value="config.driver.sci_uart.dtc_support.disabled"/>
      <property id="config.driver.sci_uart.flow_control" value="config.driver.sci_uart.flow_control.disabled"/>
      <property id="config.driver.sci_uart.rs485" value="config.driver.sci_uart.rs485.disabled"/>
      <property id="config.driver.sci_uart.irda" value="config.driver.sci_uart.irda.disabled"/>
    </config>
    <config id="config.driver.gpt">
      <property id="config.driver.gpt.param_checking_enable" value="config.driver.gpt.param_checking_enable.bsp"/>
      <property id="config.driver.gpt.output_support_enable" value="config.driver.gpt.output_support_enable.enabled"/>
      <property id="config.driver.gpt.write_protect_enable" value="config.driver.gpt.write_protect_enable.disabled"/>
    </config>
    <config id="config.driver.spi">
      <property id="config.driver.spi.param_checking_enable" value="config.driver.spi.param_checking_enable.bsp"/>
      <property id="config.driver.spi.dtc_enable" value="config.driver.spi.dtc_enable.enabled"/>
      <property id="config.driver.spi.rxi_transmit" value="config.driver.spi.rxi_transmit.disabled"/>
    </config>
    <config id="config.driver.lpm">
      <property id="config.driver.lpm.param_checking_enable" value="config.driver.lpm.param_checking_enable.bsp"/>
      <property id="config.driver.lpm.standby_limit" value="config.driver.lpm.standby_limit.disabled"/>
    </config>
    <config id="config.driver.ioport">
      <property id="config.driver.ioport.checking" value="config.driver.ioport.checking.system"/>
    </config>
    <config id="config.driver.poeg">
      <property id="config.driver.poeg.param_checking_enable" value="config.driver.poeg.param_checking_enable.bsp"/>
    </config>
    <config id="config.driver.agt">
      <property id="config.driver.agt.param_checking_enable" value="config.driver.agt.param_checking_enable.bsp"/>
      <property id="config.driver.agt.output_support_enable" value="config.driver.agt.output_support_enable.disabled"/>
      <property id="config.driver.agt.input_support_enable" value="config.driver.agt.input_support_enable.disabled"/>
    </config>
    <config id="config.driver.dtc">
      <property id="config.driver.dtc.param_checking_enable" value="config.driver.dtc.param_checking_enable.bsp"/>
      <property id="config.driver.dtc.vector_table" value=".fsp_dtc_vector_table"/>
    </config>
    <config id="config.driver.flash_lp">
      <property id="config.driver.flash_lp.param_checking_enable" value="config.flash_lp.param_checking_enable.bsp"/>
      <property id="config.driver.flash_lp.param_code_flash_programming_enable" value="config.driver.flash_lp.param_code_flash_programming_enable.disabled"/>
      <property id="config.driver.flash_lp.bank_programming_enable" value="enum.mcu.flash.bank_programming.disabled"/>
      <property id="config.driver.flash_lp.param_data_flash_programming_enable" value="config.driver.flash_lp.param_data_flash_programming_enable.enabled"/>
      <property id="config.driver.flash_lp.data_flash_bgo_enable" value="config.driver.flash_lp.data_flash_bgo_enable.enabled"/>
      <property id="config.driver.flash_lp.instant_bank_swap" value="enum.mcu.flash.instant_bank_swap.disabled"/>
    </config>
  </raModuleConfiguration>
  <raPinConfiguration>
    <comment propertyId="p000.comment" value="AMIC_L"/>
    <comment propertyId="p001.comment" value="AMIC_R"/>
    <comment propertyId="p002.comment" value="TP11"/>
    <comment propertyId="p012.comment" value="TP12"/>
    <comment propertyId="p013.comment" value="TP13"/>
    <comment propertyId="p014.comment" value="PLAYBACK"/>
    <comment propertyId="p015.comment" value="TP14"/>
    <comment propertyId="p100.comment" value="SCK_OUT (as I2S SCK)"/>
    <comment propertyId="p101.comment" value="SPI0 MOSI"/>
    <comment propertyId="p102.comment" value="SPI0 SCK"/>
    <comment propertyId="p103.comment" value="SPI0 SSL"/>
    <comment propertyId="p104.comment" value="POEG1"/>
    <comment propertyId="p109.comment" value="PMOD MOSI/TXD/NC"/>
    <comment propertyId="p110.comment" value="PMOD MISO/RXD/SCL"/>
    <comment propertyId="p111.comment" value="PMOD SCK/RTS/SDA"/>
    <comment propertyId="p112.comment" value="I2S WS Delay for SPI SSL"/>
    <comment propertyId="p206.comment" value="PMOD IO1"/>
    <comment propertyId="p207.comment" value="PMOD IO2"/>
    <comment propertyId="p208.comment" value="PMOD IO3"/>
    <comment propertyId="p212.comment" value="LED3"/>
    <comment propertyId="p213.comment" value="LED2"/>
    <comment propertyId="p301.comment" value="PMOD SS/CTS/NC"/>
    <comment propertyId="p302.comment" value="PMOD IRQ"/>
    <comment propertyId="p400.comment" value="USER SW"/>
    <comment propertyId="p401.comment" value="I2S WS"/>
    <comment propertyId="p407.comment" value="TP10"/>
    <comment propertyId="p408.comment" value="SCI RXD for USB VCOM"/>
    <comment propertyId="p409.comment" value="SCI TXD for USB VCOM"/>
    <comment propertyId="p500.comment" value="LED1"/>
    <pincfg active="false" name="R7FA2L1AB3CFL.pincfg" selected="false" symbol="g_bsp_pin_cfg">
      <configSetting altId="adc0.an00.p000" configurationId="adc0.an00"/>
      <configSetting altId="adc0.an01.p001" configurationId="adc0.an01"/>
      <configSetting altId="adc0.an02.p002" configurationId="adc0.an02"/>
      <configSetting altId="adc0.an07.p012" configurationId="adc0.an07"/>
      <configSetting altId="adc0.mode.custom" configurationId="adc0.mode"/>
      <configSetting altId="dac0.da.p014" configurationId="dac0.da"/>
      <configSetting altId="dac0.mode.enabled" configurationId="dac0.mode"/>
      <configSetting altId="debug0.mode.swd" configurationId="debug0.mode"/>
      <configSetting altId="debug0.swclk.p300" configurationId="debug0.swclk"/>
      <configSetting altId="debug0.swdio.p108" configurationId="debug0.swdio"/>
      <configSetting altId="gpt0.mode.gtiocaorgtiocb.free" configurationId="gpt0.mode"/>
      <configSetting altId="gpt1.mode.gtiocaorgtiocb.free" configurationId="gpt1.mode"/>
      <configSetting altId="gpt2.mode.gtiocaorgtiocb.free" configurationId="gpt2.mode"/>
      <configSetting altId="iic0.mode.enabled.free" configurationId="iic0.mode"/>
      <configSetting altId="iic0.pairing.free" configurationId="iic0.pairing"/>
      <configSetting altId="iic0.scl.p408" configurationId="iic0.scl"/>
      <configSetting altId="iic0.sda.p407" configurationId="iic0.sda"/>
      <configSetting altId="p000.adc0.an00" configurationId="p000"/>
      <configSetting altId="p000.gpio_mode.gpio_mode_an" configurationId="p000.gpio_mode"/>
      <configSetting altId="p001.adc0.an01" configurationId="p001"/>
      <configSetting altId="p001.gpio_mode.gpio_mode_an" configurationId="p001.gpio_mode"/>
      <configSetting altId="p002.adc0.an02" configurationId="p002"/>
      <configSetting altId="p002.gpio_mode.gpio_mode_an" configurationId="p002.gpio_mode"/>
      <configSetting altId="p012.adc0.an07" configurationId="p012"/>
      <configSetting altId="p012.gpio_mode.gpio_mode_an" configurationId="p012.gpio_mode"/>
      <configSetting altId="p014.dac0.da" configurationId="p014"/>
      <configSetting altId="p014.gpio_mode.gpio_mode_an" configurationId="p014.gpio_mode"/>
      <configSetting altId="p015.input" configurationId="p015"/>
      <configSetting altId="p015.gpio_irq.gpio_irq_enabled" configurationId="p015.gpio_irq"/>
      <configSetting altId="p015.gpio_mode.gpio_mode_in" configurationId="p015.gpio_mode"/>
      <configSetting altId="p101.spi0.mosi" configurationId="p101"/>
      <configSetting altId="p101.gpio_mode.gpio_mode_peripheral" configurationId="p101.gpio_mode"/>
      <configSetting altId="p102.spi0.rspck" configurationId="p102"/>
      <configSetting altId="p102.gpio_mode.gpio_mode_peripheral" configurationId="p102.gpio_mode"/>
      <configSetting altId="p103.spi0.ssl0" configurationId="p103"/>
      <configSetting altId="p103.gpio_mode.gpio_mode_peripheral" configurationId="p103.gpio_mode"/>
      <configSetting altId="p104.poeg1.gtetrg" configurationId="p104"/>
      <configSetting altId="p104.gpio_mode.gpio_mode_peripheral" configurationId="p104.gpio_mode"/>
      <configSetting altId="p108.debug0.swdio" configurationId="p108"/>
      <configSetting altId="p108.gpio_mode.gpio_mode_peripheral" configurationId="p108.gpio_mode"/>
      <configSetting altId="p109.output.low" configurationId="p109"/>
      <configSetting altId="p109.gpio_mode.gpio_mode_out.low" configurationId="p109.gpio_mode"/>
      <configSetting altId="p110.input" configurationId="p110"/>
      <configSetting altId="p110.gpio_irq.gpio_irq_enabled" configurationId="p110.gpio_irq"/>
      <configSetting altId="p110.gpio_mode.gpio_mode_in" configurationId="p110.gpio_mode"/>
      <configSetting altId="p110.gpio_pupd.gpio_pupd_ip_up" configurationId="p110.gpio_pupd"/>
      <configSetting altId="p111.output.low" configurationId="p111"/>
      <configSetting altId="p111.gpio_mode.gpio_mode_out.low" configurationId="p111.gpio_mode"/>
      <configSetting altId="p112.output.low" configurationId="p112"/>
      <configSetting altId="p112.gpio_mode.gpio_mode_out.low" configurationId="p112.gpio_mode"/>
      <configSetting altId="p206.output.low" configurationId="p206"/>
      <configSetting altId="p206.gpio_mode.gpio_mode_out.low" configurationId="p206.gpio_mode"/>
      <configSetting altId="p207.output.low" configurationId="p207"/>
      <configSetting altId="p207.gpio_mode.gpio_mode_out.low" configurationId="p207.gpio_mode"/>
      <configSetting altId="p208.output.low" configurationId="p208"/>
      <configSetting altId="p208.gpio_mode.gpio_mode_out.low" configurationId="p208.gpio_mode"/>
      <configSetting altId="p212.output.high" configurationId="p212"/>
      <configSetting altId="p212.gpio_mode.gpio_mode_out.high" configurationId="p212.gpio_mode"/>
      <configSetting altId="p213.output.high" configurationId="p213"/>
      <configSetting altId="p213.gpio_mode.gpio_mode_out.high" configurationId="p213.gpio_mode"/>
      <configSetting altId="p300.debug0.swclk" configurationId="p300"/>
      <configSetting altId="p300.gpio_mode.gpio_mode_peripheral" configurationId="p300.gpio_mode"/>
      <configSetting altId="p301.sci2.rxd" configurationId="p301"/>
      <configSetting altId="p301.gpio_mode.gpio_mode_peripheral" configurationId="p301.gpio_mode"/>
      <configSetting altId="p302.sci2.txd" configurationId="p302"/>
      <configSetting altId="p302.gpio_mode.gpio_mode_peripheral" configurationId="p302.gpio_mode"/>
      <configSetting altId="p407.iic0.sda" configurationId="p407"/>
      <configSetting altId="p407.gpio_mode.gpio_mode_peripheral" configurationId="p407.gpio_mode"/>
      <configSetting altId="p408.iic0.scl" configurationId="p408"/>
      <configSetting altId="p408.gpio_mode.gpio_mode_peripheral" configurationId="p408.gpio_mode"/>
      <configSetting altId="p409.input" configurationId="p409"/>
      <configSetting altId="p409.gpio_irq.gpio_irq_enabled" configurationId="p409.gpio_irq"/>
      <configSetting altId="p409.gpio_mode.gpio_mode_in" configurationId="p409.gpio_mode"/>
      <configSetting altId="p409.gpio_pupd.gpio_pupd_ip_up" configurationId="p409.gpio_pupd"/>
      <configSetting altId="p500.output.high" configurationId="p500"/>
      <configSetting altId="p500.gpio_mode.gpio_mode_out.high" configurationId="p500.gpio_mode"/>
      <configSetting altId="poeg1.gtetrg.p104" configurationId="poeg1.gtetrg"/>
      <configSetting altId="poeg1.mode.enabled" configurationId="poeg1.mode"/>
      <configSetting altId="sci2.mode.asynchronous.free" configurationId="sci2.mode"/>
      <configSetting altId="sci2.rxd.p301" configurationId="sci2.rxd"/>
      <configSetting altId="sci2.txd.p302" configurationId="sci2.txd"/>
      <configSetting altId="sci9.mode.spi.free" configurationId="sci9.mode"/>
      <configSetting altId="spi0.mode.custom.free" configurationId="spi0.mode"/>
      <configSetting altId="spi0.mosi.p101" configurationId="spi0.mosi"/>
      <configSetting altId="spi0.pairing.free" configurationId="spi0.pairing"/>
      <configSetting altId="spi0.rspck.p102" configurationId="spi0.rspck"/>
      <configSetting altId="spi0.ssl0.p103" configurationId="spi0.ssl0"/>
      <configSetting altId="spi1.pairing.free" configurationId="spi1.pairing"/>
      <lockSetting id="dac0.da" lock="true"/>
    </pincfg>
    <pincfg active="true" name="VOICE_RA2L1" selected="true" symbol="g_bsp_pin_cfg">
      <configSetting altId="adc0.an00.p000" configurationId="adc0.an00"/>
      <configSetting altId="adc0.an01.p001" configurationId="adc0.an01"/>
      <configSetting altId="adc0.mode.custom" configurationId="adc0.mode"/>
      <configSetting altId="cgc0.mode.sub" configurationId="cgc0.mode"/>
      <configSetting altId="cgc0.xcin.p215" configurationId="cgc0.xcin"/>
      <configSetting altId="cgc0.xcout.p214" configurationId="cgc0.xcout"/>
      <configSetting altId="dac0.da.p014" configurationId="dac0.da"/>
      <configSetting altId="dac0.mode.enabled" configurationId="dac0.mode"/>
      <configSetting altId="debug0.mode.swd" configurationId="debug0.mode"/>
      <configSetting altId="debug0.swclk.p300" configurationId="debug0.swclk"/>
      <configSetting altId="debug0.swdio.p108" configurationId="debug0.swdio"/>
      <configSetting altId="gpt2.mode.gtiocaorgtiocb.free" configurationId="gpt2.mode"/>
      <configSetting altId="gpt3.gtiocb.p112" configurationId="gpt3.gtiocb"/>
      <configSetting altId="gpt3.mode.gtiocaorgtiocb.free" configurationId="gpt3.mode"/>
      <configSetting altId="gpt5.gtiocb.p100" configurationId="gpt5.gtiocb"/>
      <configSetting altId="gpt5.mode.gtiocaorgtiocb.free" configurationId="gpt5.mode"/>
      <configSetting altId="gpt6.gtiocb.p401" configurationId="gpt6.gtiocb"/>
      <configSetting altId="gpt6.mode.gtiocaorgtiocb.free" configurationId="gpt6.mode"/>
      <configSetting altId="iic0.pairing.free" configurationId="iic0.pairing"/>
      <configSetting altId="irq0.irq00.p400" configurationId="irq0.irq00"/>
      <configSetting altId="irq0.mode.enabled" configurationId="irq0.mode"/>
      <configSetting altId="p000.adc0.an00" configurationId="p000"/>
      <configSetting altId="p000.gpio_mode.gpio_mode_an" configurationId="p000.gpio_mode"/>
      <configSetting altId="p001.adc0.an01" configurationId="p001"/>
      <configSetting altId="p001.gpio_mode.gpio_mode_an" configurationId="p001.gpio_mode"/>
      <configSetting altId="p014.dac0.da" configurationId="p014"/>
      <configSetting altId="p014.gpio_mode.gpio_mode_an" configurationId="p014.gpio_mode"/>
      <configSetting altId="p100.gpt5.gtiocb" configurationId="p100"/>
      <configSetting altId="p100.gpio_mode.gpio_mode_peripheral" configurationId="p100.gpio_mode"/>
      <configSetting altId="p101.spi0.mosi" configurationId="p101"/>
      <configSetting altId="p101.gpio_mode.gpio_mode_peripheral" configurationId="p101.gpio_mode"/>
      <configSetting altId="p102.spi0.rspck" configurationId="p102"/>
      <configSetting altId="p102.gpio_mode.gpio_mode_peripheral" configurationId="p102.gpio_mode"/>
      <configSetting altId="p103.spi0.ssl0" configurationId="p103"/>
      <configSetting altId="p103.gpio_mode.gpio_mode_peripheral" configurationId="p103.gpio_mode"/>
      <configSetting altId="p104.poeg1.gtetrg" configurationId="p104"/>
      <configSetting altId="p104.gpio_mode.gpio_mode_peripheral" configurationId="p104.gpio_mode"/>
      <configSetting altId="p108.debug0.swdio" configurationId="p108"/>
      <configSetting altId="p108.gpio_mode.gpio_mode_peripheral" configurationId="p108.gpio_mode"/>
      <configSetting altId="p109.sci9.txd" configurationId="p109"/>
      <configSetting altId="p109.gpio_mode.gpio_mode_peripheral" configurationId="p109.gpio_mode"/>
      <configSetting altId="p110.sci9.rxd" configurationId="p110"/>
      <configSetting altId="p110.gpio_mode.gpio_mode_peripheral" configurationId="p110.gpio_mode"/>
      <configSetting altId="p111.sci9.sck" configurationId="p111"/>
      <configSetting altId="p111.gpio_mode.gpio_mode_peripheral" configurationId="p111.gpio_mode"/>
      <configSetting altId="p112.gpt3.gtiocb" configurationId="p112"/>
      <configSetting altId="p112.gpio_mode.gpio_mode_peripheral" configurationId="p112.gpio_mode"/>
      <configSetting altId="p206.output.low" configurationId="p206"/>
      <configSetting altId="p206.gpio_mode.gpio_mode_out.low" configurationId="p206.gpio_mode"/>
      <configSetting altId="p207.output.low" configurationId="p207"/>
      <configSetting altId="p207.gpio_mode.gpio_mode_out.low" configurationId="p207.gpio_mode"/>
      <configSetting altId="p208.output.low" configurationId="p208"/>
      <configSetting altId="p208.gpio_mode.gpio_mode_out.low" configurationId="p208.gpio_mode"/>
      <configSetting altId="p212.output.high" configurationId="p212"/>
      <configSetting altId="p212.gpio_mode.gpio_mode_out.high" configurationId="p212.gpio_mode"/>
      <configSetting altId="p213.output.high" configurationId="p213"/>
      <configSetting altId="p213.gpio_mode.gpio_mode_out.high" configurationId="p213.gpio_mode"/>
      <configSetting altId="p214.cgc0.xcout" configurationId="p214"/>
      <configSetting altId="p214.gpio_mode.gpio_mode_peripheral" configurationId="p214.gpio_mode"/>
      <configSetting altId="p215.cgc0.xcin" configurationId="p215"/>
      <configSetting altId="p215.gpio_mode.gpio_mode_peripheral" configurationId="p215.gpio_mode"/>
      <configSetting altId="p300.debug0.swclk" configurationId="p300"/>
      <configSetting altId="p300.gpio_mode.gpio_mode_peripheral" configurationId="p300.gpio_mode"/>
      <configSetting altId="p301.output.high" configurationId="p301"/>
      <configSetting altId="p301.gpio_mode.gpio_mode_out.high" configurationId="p301.gpio_mode"/>
      <configSetting altId="p302.input" configurationId="p302"/>
      <configSetting altId="p302.gpio_irq.gpio_irq_enabled" configurationId="p302.gpio_irq"/>
      <configSetting altId="p302.gpio_mode.gpio_mode_in" configurationId="p302.gpio_mode"/>
      <configSetting altId="p400.irq0.irq00" configurationId="p400"/>
      <configSetting altId="p400.gpio_irq.gpio_irq_enabled" configurationId="p400.gpio_irq"/>
      <configSetting altId="p400.gpio_mode.gpio_mode_irq" configurationId="p400.gpio_mode"/>
      <configSetting altId="p401.gpt6.gtiocb" configurationId="p401"/>
      <configSetting altId="p401.gpio_mode.gpio_mode_peripheral" configurationId="p401.gpio_mode"/>
      <configSetting altId="p408.sci3.rxd" configurationId="p408"/>
      <configSetting altId="p408.gpio_mode.gpio_mode_peripheral" configurationId="p408.gpio_mode"/>
      <configSetting altId="p409.sci3.txd" configurationId="p409"/>
      <configSetting altId="p409.gpio_mode.gpio_mode_peripheral" configurationId="p409.gpio_mode"/>
      <configSetting altId="p500.output.high" configurationId="p500"/>
      <configSetting altId="p500.gpio_mode.gpio_mode_out.high" configurationId="p500.gpio_mode"/>
      <configSetting altId="poeg1.gtetrg.p104" configurationId="poeg1.gtetrg"/>
      <configSetting altId="poeg1.mode.enabled" configurationId="poeg1.mode"/>
      <configSetting altId="sci3.mode.asynchronous.free" configurationId="sci3.mode"/>
      <configSetting altId="sci3.rxd.p408" configurationId="sci3.rxd"/>
      <configSetting altId="sci3.txd.p409" configurationId="sci3.txd"/>
      <configSetting altId="sci9.mode.spi.free" configurationId="sci9.mode"/>
      <configSetting altId="sci9.rxd.p110" configurationId="sci9.rxd"/>
      <configSetting altId="sci9.sck.p111" configurationId="sci9.sck"/>
      <configSetting altId="sci9.txd.p109" configurationId="sci9.txd"/>
      <configSetting altId="spi0.mode.custom.free" configurationId="spi0.mode"/>
      <configSetting altId="spi0.mosi.p101" configurationId="spi0.mosi"/>
      <configSetting altId="spi0.pairing.free" configurationId="spi0.pairing"/>
      <configSetting altId="spi0.rspck.p102" configurationId="spi0.rspck"/>
      <configSetting altId="spi0.ssl0.p103" configurationId="spi0.ssl0"/>
      <configSetting altId="spi1.pairing.free" configurationId="spi1.pairing"/>
      <lockSetting id="dac0.da" lock="true"/>
    </pincfg>
  </raPinConfiguration>
</raConfiguration>
