<?xml version="1.0" encoding="UTF-8" standalone="no"?>
<raConfiguration version="4">
  <raPinConfiguration>
    <symbolicName propertyId="p000.symbolic_name" value="ETH_RMII_IRQ"/>
    <symbolicName propertyId="p001.symbolic_name" value="PMOD3_INT"/>
    <symbolicName propertyId="p003.symbolic_name" value="DISP_RST"/>
    <symbolicName propertyId="p004.symbolic_name" value="MIC_AN1"/>
    <symbolicName propertyId="p005.symbolic_name" value="MIC_AN2"/>
    <symbolicName propertyId="p008.symbolic_name" value="DISP_INT"/>
    <symbolicName propertyId="p015.symbolic_name" value="PMOD4_INT"/>
    <symbolicName propertyId="p100.symbolic_name" value="PMOD5_RXD_MISO"/>
    <symbolicName propertyId="p101.symbolic_name" value="PMOD5_TXD_MOSI"/>
    <symbolicName propertyId="p102.symbolic_name" value="PMOD5_RTS_SCK"/>
    <symbolicName propertyId="p103.symbolic_name" value="J9_CAN0_CTX"/>
    <symbolicName propertyId="p104.symbolic_name" value="PMOD5_CTS_SS"/>
    <symbolicName propertyId="p105.symbolic_name" value="PMOD5_INT"/>
    <symbolicName propertyId="p106.symbolic_name" value="PMOD5_GPIO1_CS2"/>
    <symbolicName propertyId="p107.symbolic_name" value="PMOD5_RESET"/>
    <symbolicName propertyId="p112.symbolic_name" value="SDRAM_DQM1__ETH_CRS_DV"/>
    <symbolicName propertyId="p113.symbolic_name" value="SDRAM_CKE"/>
    <symbolicName propertyId="p114.symbolic_name" value="SDRAM_WE"/>
    <symbolicName propertyId="p115.symbolic_name" value="SDRAM_SDCS"/>
    <symbolicName propertyId="p201.symbolic_name" value="JTAG_MD"/>
    <symbolicName propertyId="p206.symbolic_name" value="DISP_DSI_TE"/>
    <symbolicName propertyId="p207.symbolic_name" value="PMOD2_GPIO3_SW2IIC"/>
    <symbolicName propertyId="p208.symbolic_name" value="DEBUG0_TDI"/>
    <symbolicName propertyId="p209.symbolic_name" value="DEBUG0_TDO"/>
    <symbolicName propertyId="p210.symbolic_name" value="DEBUG0_TMS"/>
    <symbolicName propertyId="p211.symbolic_name" value="DEBUG0_TCK"/>
    <symbolicName propertyId="p212.symbolic_name" value="CGC0_EXTAL"/>
    <symbolicName propertyId="p213.symbolic_name" value="CGC0_XTAL"/>
    <symbolicName propertyId="p300.symbolic_name" value="SDRAM_A01__ETH_RX_ER"/>
    <symbolicName propertyId="p301.symbolic_name" value="SDRAM_A02__ETH_RXD1"/>
    <symbolicName propertyId="p302.symbolic_name" value="SDRAM_A03__ETH_RXD0"/>
    <symbolicName propertyId="p303.symbolic_name" value="SDRAM_A04__ETH_REF50CK0"/>
    <symbolicName propertyId="p304.symbolic_name" value="SDRAM_A05__ETH_TXD0"/>
    <symbolicName propertyId="p305.symbolic_name" value="SDRAM_A06__ETH_TXD1"/>
    <symbolicName propertyId="p306.symbolic_name" value="SDRAM_A07__ETH_TXD_EN"/>
    <symbolicName propertyId="p307.symbolic_name" value="SDRAM_A08__ETH_MDIO"/>
    <symbolicName propertyId="p308.symbolic_name" value="SDRAM_A09__ETH_MDC"/>
    <symbolicName propertyId="p309.symbolic_name" value="SDRAM_A10"/>
    <symbolicName propertyId="p310.symbolic_name" value="SDRAM_A11"/>
    <symbolicName propertyId="p311.symbolic_name" value="SDRAM_A12"/>
    <symbolicName propertyId="p312.symbolic_name" value="SDRAM_A13"/>
    <symbolicName propertyId="p400.symbolic_name" value="J6_PIXD0"/>
    <symbolicName propertyId="p401.symbolic_name" value="J6_PIXD1"/>
    <symbolicName propertyId="p402.symbolic_name" value="J9_CAN0_CRX"/>
    <symbolicName propertyId="p403.symbolic_name" value="J6_XCLK"/>
    <symbolicName propertyId="p404.symbolic_name" value="J6_PIXD3"/>
    <symbolicName propertyId="p405.symbolic_name" value="J6_PIXD2"/>
    <symbolicName propertyId="p406.symbolic_name" value="J9_CAN1_DE"/>
    <symbolicName propertyId="p407.symbolic_name" value="USB_FS_USB_VBUS"/>
    <symbolicName propertyId="p408.symbolic_name" value="PMOD2_MISO_RXD_SW2SPI"/>
    <symbolicName propertyId="p409.symbolic_name" value="PMOD2_RESET_SW2IIC_MOSI_TXD_SW2SPI"/>
    <symbolicName propertyId="p410.symbolic_name" value="PMOD2_SCK_RTS_SW2SPI"/>
    <symbolicName propertyId="p411.symbolic_name" value="PMOD2_SS_CTS_SW2SPI"/>
    <symbolicName propertyId="p412.symbolic_name" value="PMOD2_GPIO4_SW2IIC_RESET_SW2SPI"/>
    <symbolicName propertyId="p413.symbolic_name" value="PMOD2_GPIO2_CS3"/>
    <symbolicName propertyId="p414.symbolic_name" value="PMOD2_GPIO1_CS2"/>
    <symbolicName propertyId="p415.symbolic_name" value="PMOD2_INT"/>
    <symbolicName propertyId="p500.symbolic_name" value="PMOD6_RESET"/>
    <symbolicName propertyId="p501.symbolic_name" value="PMOD4_GPIO3"/>
    <symbolicName propertyId="p504.symbolic_name" value="PMOD6_GPIO1"/>
    <symbolicName propertyId="p506.symbolic_name" value="J6_GPIO1"/>
    <symbolicName propertyId="p507.symbolic_name" value="J6_GPIO2"/>
    <symbolicName propertyId="p508.symbolic_name" value="USR_BTN1_S3"/>
    <symbolicName propertyId="p509.symbolic_name" value="PMOD6_INT"/>
    <symbolicName propertyId="p510.symbolic_name" value="USR_BTN2_S2"/>
    <symbolicName propertyId="p511.symbolic_name" value="II2C1_PMOD1_PMOD2_PMOD4_SDA"/>
    <symbolicName propertyId="p512.symbolic_name" value="II2C1_PMOD1_PMOD2_PMOD4_SCL"/>
    <symbolicName propertyId="p600.symbolic_name" value="PMOD5_GPIO2_CS3"/>
    <symbolicName propertyId="p601.symbolic_name" value="SDRAM_DQ0"/>
    <symbolicName propertyId="p602.symbolic_name" value="SDRAM_DQ1"/>
    <symbolicName propertyId="p603.symbolic_name" value="SDRAM_DQ2"/>
    <symbolicName propertyId="p604.symbolic_name" value="SDRAM_DQ3"/>
    <symbolicName propertyId="p605.symbolic_name" value="SDRAM_DQ4"/>
    <symbolicName propertyId="p606.symbolic_name" value="SDRAM_DQ5"/>
    <symbolicName propertyId="p607.symbolic_name" value="SDRAM_DQ6"/>
    <symbolicName propertyId="p609.symbolic_name" value="SDRAM_DQ8"/>
    <symbolicName propertyId="p610.symbolic_name" value="SDRAM_DQ9"/>
    <symbolicName propertyId="p611.symbolic_name" value="SDRAM_DQ10"/>
    <symbolicName propertyId="p612.symbolic_name" value="SDRAM_DQ11"/>
    <symbolicName propertyId="p613.symbolic_name" value="SDRAM_DQ12"/>
    <symbolicName propertyId="p614.symbolic_name" value="SDRAM_DQ13"/>
    <symbolicName propertyId="p615.symbolic_name" value="SDRAM_DQ14"/>
    <symbolicName propertyId="p700.symbolic_name" value="J6_PIXD4"/>
    <symbolicName propertyId="p701.symbolic_name" value="J6_PIXD5"/>
    <symbolicName propertyId="p702.symbolic_name" value="J6_PIXD6"/>
    <symbolicName propertyId="p703.symbolic_name" value="J6_PIXD7"/>
    <symbolicName propertyId="p704.symbolic_name" value="J6_GPIO3_D8_PWDN"/>
    <symbolicName propertyId="p705.symbolic_name" value="J6_GPIO4_D9_RET"/>
    <symbolicName propertyId="p706.symbolic_name" value="PMOD3_RXD_MISO"/>
    <symbolicName propertyId="p707.symbolic_name" value="PMOD3_TXD_MOSI"/>
    <symbolicName propertyId="p708.symbolic_name" value="J6_PIXCLK"/>
    <symbolicName propertyId="p709.symbolic_name" value="J6_HSYNC"/>
    <symbolicName propertyId="p710.symbolic_name" value="J6_VSYNC"/>
    <symbolicName propertyId="p713.symbolic_name" value="PMOD3_RESET"/>
    <symbolicName propertyId="p714.symbolic_name" value="JLOB_RXD"/>
    <symbolicName propertyId="p715.symbolic_name" value="JLOB_TXD"/>
    <symbolicName propertyId="p800.symbolic_name" value="PMOD1_INT"/>
    <symbolicName propertyId="p801.symbolic_name" value="PMOD1_RESET_SW1IIC_MOSI_TXD_SW1SPI"/>
    <symbolicName propertyId="p802.symbolic_name" value="PMOD1_MISO_RXD_SW1SPI"/>
    <symbolicName propertyId="p803.symbolic_name" value="PMOD1_SCK_RTS_SW1SPI"/>
    <symbolicName propertyId="p804.symbolic_name" value="PMOD1_SS_CTS_SW1SPI"/>
    <symbolicName propertyId="p808.symbolic_name" value="PMOD1_GPIO4_SW1IIC_RESET_SW1SPI"/>
    <symbolicName propertyId="p809.symbolic_name" value="PMOD1_GPIO2_CS3"/>
    <symbolicName propertyId="p810.symbolic_name" value="PMOD1_GPIO1_CS2"/>
    <symbolicName propertyId="p812.symbolic_name" value="PMOD1_GPIO3_SW1IIC"/>
    <symbolicName propertyId="p813.symbolic_name" value="PMOD6_GPIO3"/>
    <symbolicName propertyId="p814.symbolic_name" value="USB_FS_USB_DP"/>
    <symbolicName propertyId="p815.symbolic_name" value="USB_FS_USB_DM"/>
    <symbolicName propertyId="p903.symbolic_name" value="LED1_RED"/>
    <symbolicName propertyId="p904.symbolic_name" value="LED1_GREEN"/>
    <symbolicName propertyId="p905.symbolic_name" value="SDRAM_A14"/>
    <symbolicName propertyId="p906.symbolic_name" value="SDRAM_A15"/>
    <symbolicName propertyId="p908.symbolic_name" value="SDRAM_RAS"/>
    <symbolicName propertyId="p909.symbolic_name" value="SDRAM_CAS"/>
    <symbolicName propertyId="p910.symbolic_name" value="PMOD4_RESET"/>
    <symbolicName propertyId="p911.symbolic_name" value="PMOD4_GPIO1"/>
    <symbolicName propertyId="p912.symbolic_name" value="PMOD4_GPIO2"/>
    <symbolicName propertyId="p914.symbolic_name" value="PMOD4_GPIO4"/>
    <symbolicName propertyId="p915.symbolic_name" value="DISP_BLEN"/>
    <symbolicName propertyId="pa00.symbolic_name" value="SDRAM_DQ7"/>
    <symbolicName propertyId="pa01.symbolic_name" value="PMOD6_GPIO4"/>
    <symbolicName propertyId="pa06.symbolic_name" value="PMOD6_GPIO2"/>
    <symbolicName propertyId="pa08.symbolic_name" value="SDRAM_DQ15"/>
    <symbolicName propertyId="pa09.symbolic_name" value="SDRAM_SDCLK"/>
    <symbolicName propertyId="pa10.symbolic_name" value="SDRAM_DQM0"/>
    <symbolicName propertyId="pa12.symbolic_name" value="ETH_RMII_RST"/>
    <symbolicName propertyId="pa14.symbolic_name" value="I2CS9_J2_J6_PMOD6_SDA"/>
    <symbolicName propertyId="pa15.symbolic_name" value="I2CS9_J2_J6_PMOD6_SCL"/>
    <symbolicName propertyId="pb00.symbolic_name" value="PMOD3_RTS_SCK"/>
    <symbolicName propertyId="pb01.symbolic_name" value="PMOD3_CTS_SS"/>
    <symbolicName propertyId="pb04.symbolic_name" value="PMOD3_GPIO2_CS3"/>
    <symbolicName propertyId="pb05.symbolic_name" value="PMOD3_GPIO1_CS2"/>
    <symbolicName propertyId="pb07.symbolic_name" value="LED1_BLUE"/>
    <comment propertyId="p403.comment" value="add stack module timer periodic GPT3:GTIOC3A 24000 Kiloherz"/>
    <comment propertyId="p714.comment" value="(over Segger debug chip USB)"/>
    <comment propertyId="p715.comment" value="(over Segger debug chip USB)"/>
    <comment propertyId="p801.comment" value="shared JLOB for SPI/UART mode"/>
    <comment propertyId="p802.comment" value="shared JLOB for SPI/UART mode"/>
    <comment propertyId="p906.comment" value="unused with mounted device"/>
    <comment propertyId="p915.comment" value="(PWM control by GTIOC5A)"/>
    <pincfg active="false" name="R7FA8D1BHECBD.pincfg" selected="false" symbol="">
      <configSetting altId="jtag_fslash_swd.mode.jtag.free" configurationId="jtag_fslash_swd.mode"/>
      <configSetting altId="jtag_fslash_swd.tck.p211" configurationId="jtag_fslash_swd.tck"/>
      <configSetting altId="jtag_fslash_swd.tdi.p208" configurationId="jtag_fslash_swd.tdi"/>
      <configSetting altId="jtag_fslash_swd.tdo.p209" configurationId="jtag_fslash_swd.tdo"/>
      <configSetting altId="jtag_fslash_swd.tms.p210" configurationId="jtag_fslash_swd.tms"/>
      <configSetting altId="p208.jtag_fslash_swd.tdi" configurationId="p208"/>
      <configSetting altId="p208.gpio_mode.gpio_mode_peripheral" configurationId="p208.gpio_mode"/>
      <configSetting altId="p209.jtag_fslash_swd.tdo" configurationId="p209"/>
      <configSetting altId="p209.gpio_mode.gpio_mode_peripheral" configurationId="p209.gpio_mode"/>
      <configSetting altId="p210.jtag_fslash_swd.tms" configurationId="p210"/>
      <configSetting altId="p210.gpio_mode.gpio_mode_peripheral" configurationId="p210.gpio_mode"/>
      <configSetting altId="p211.jtag_fslash_swd.tck" configurationId="p211"/>
      <configSetting altId="p211.gpio_mode.gpio_mode_peripheral" configurationId="p211.gpio_mode"/>
    </pincfg>
  </raPinConfiguration>
</raConfiguration>
