<?xml version="1.0" encoding="UTF-8" standalone="no"?>
<raConfiguration version="4">
  <raPinConfiguration>
    <symbolicName propertyId="p000.symbolic_name" value="ETH_RMII_IRQ"/>
    <symbolicName propertyId="p001.symbolic_name" value="PMOD3_INT"/>
    <symbolicName propertyId="p003.symbolic_name" value="DISP_RST"/>
    <symbolicName propertyId="p004.symbolic_name" value="MIC_AN1"/>
    <symbolicName propertyId="p005.symbolic_name" value="MIC_AN2"/>
    <symbolicName propertyId="p008.symbolic_name" value="DISP_INT"/>
    <symbolicName propertyId="p015.symbolic_name" value="PMOD4_INT"/>
    <symbolicName propertyId="p100.symbolic_name" value="PMOD5_RXD_MISO"/>
    <symbolicName propertyId="p101.symbolic_name" value="PMOD5_TXD_MOSI"/>
    <symbolicName propertyId="p102.symbolic_name" value="PMOD5_RTS_SCK"/>
    <symbolicName propertyId="p103.symbolic_name" value="J9_CAN0_CTX"/>
    <symbolicName propertyId="p104.symbolic_name" value="PMOD5_CTS_SS"/>
    <symbolicName propertyId="p105.symbolic_name" value="PMOD5_INT"/>
    <symbolicName propertyId="p106.symbolic_name" value="PMOD5_GPIO1_CS2"/>
    <symbolicName propertyId="p107.symbolic_name" value="PMOD5_RESET"/>
    <symbolicName propertyId="p112.symbolic_name" value="SDRAM_DQM1__ETH_CRS_DV"/>
    <symbolicName propertyId="p113.symbolic_name" value="SDRAM_CKE"/>
    <symbolicName propertyId="p114.symbolic_name" value="SDRAM_WE"/>
    <symbolicName propertyId="p115.symbolic_name" value="SDRAM_SDCS"/>
    <symbolicName propertyId="p201.symbolic_name" value="JTAG_MD"/>
    <symbolicName propertyId="p206.symbolic_name" value="DISP_DSI_TE"/>
    <symbolicName propertyId="p207.symbolic_name" value="PMOD2_GPIO3_SW2IIC"/>
    <symbolicName propertyId="p208.symbolic_name" value="DEBUG0_TDI"/>
    <symbolicName propertyId="p209.symbolic_name" value="DEBUG0_TDO"/>
    <symbolicName propertyId="p210.symbolic_name" value="DEBUG0_TMS"/>
    <symbolicName propertyId="p211.symbolic_name" value="DEBUG0_TCK"/>
    <symbolicName propertyId="p212.symbolic_name" value="CGC0_EXTAL"/>
    <symbolicName propertyId="p213.symbolic_name" value="CGC0_XTAL"/>
    <symbolicName propertyId="p300.symbolic_name" value="SDRAM_A01__ETH_RX_ER"/>
    <symbolicName propertyId="p301.symbolic_name" value="SDRAM_A02__ETH_RXD1"/>
    <symbolicName propertyId="p302.symbolic_name" value="SDRAM_A03__ETH_RXD0"/>
    <symbolicName propertyId="p303.symbolic_name" value="SDRAM_A04__ETH_REF50CK0"/>
    <symbolicName propertyId="p304.symbolic_name" value="SDRAM_A05__ETH_TXD0"/>
    <symbolicName propertyId="p305.symbolic_name" value="SDRAM_A06__ETH_TXD1"/>
    <symbolicName propertyId="p306.symbolic_name" value="SDRAM_A07__ETH_TXD_EN"/>
    <symbolicName propertyId="p307.symbolic_name" value="SDRAM_A08__ETH_MDIO"/>
    <symbolicName propertyId="p308.symbolic_name" value="SDRAM_A09__ETH_MDC"/>
    <symbolicName propertyId="p309.symbolic_name" value="SDRAM_A10"/>
    <symbolicName propertyId="p310.symbolic_name" value="SDRAM_A11"/>
    <symbolicName propertyId="p311.symbolic_name" value="SDRAM_A12"/>
    <symbolicName propertyId="p312.symbolic_name" value="SDRAM_A13"/>
    <symbolicName propertyId="p400.symbolic_name" value="J6_PIXD0"/>
    <symbolicName propertyId="p401.symbolic_name" value="J6_PIXD1"/>
    <symbolicName propertyId="p402.symbolic_name" value="J9_CAN0_CRX"/>
    <symbolicName propertyId="p403.symbolic_name" value="J6_XCLK"/>
    <symbolicName propertyId="p404.symbolic_name" value="J6_PIXD3"/>
    <symbolicName propertyId="p405.symbolic_name" value="J6_PIXD2"/>
    <symbolicName propertyId="p406.symbolic_name" value="J9_CAN1_DE"/>
    <symbolicName propertyId="p407.symbolic_name" value="USB_FS_USB_VBUS"/>
    <symbolicName propertyId="p408.symbolic_name" value="PMOD2_MISO_RXD_SW2SPI"/>
    <symbolicName propertyId="p409.symbolic_name" value="PMOD2_RESET_SW2IIC_MOSI_TXD_SW2SPI"/>
    <symbolicName propertyId="p410.symbolic_name" value="PMOD2_SCK_RTS_SW2SPI"/>
    <symbolicName propertyId="p411.symbolic_name" value="PMOD2_SS_CTS_SW2SPI"/>
    <symbolicName propertyId="p412.symbolic_name" value="PMOD2_GPIO4_SW2IIC_RESET_SW2SPI"/>
    <symbolicName propertyId="p413.symbolic_name" value="PMOD2_GPIO2_CS3"/>
    <symbolicName propertyId="p414.symbolic_name" value="PMOD2_GPIO1_CS2"/>
    <symbolicName propertyId="p415.symbolic_name" value="PMOD2_INT"/>
    <symbolicName propertyId="p500.symbolic_name" value="PMOD6_RESET"/>
    <symbolicName propertyId="p501.symbolic_name" value="PMOD4_GPIO3"/>
    <symbolicName propertyId="p504.symbolic_name" value="PMOD6_GPIO1"/>
    <symbolicName propertyId="p506.symbolic_name" value="J6_GPIO1"/>
    <symbolicName propertyId="p507.symbolic_name" value="J6_GPIO2"/>
    <symbolicName propertyId="p508.symbolic_name" value="USR_BTN1_S3"/>
    <symbolicName propertyId="p509.symbolic_name" value="PMOD6_INT"/>
    <symbolicName propertyId="p510.symbolic_name" value="USR_BTN2_S2"/>
    <symbolicName propertyId="p511.symbolic_name" value="II2C1_PMOD1_PMOD2_PMOD4_SDA"/>
    <symbolicName propertyId="p512.symbolic_name" value="II2C1_PMOD1_PMOD2_PMOD4_SCL"/>
    <symbolicName propertyId="p600.symbolic_name" value="PMOD5_GPIO2_CS3"/>
    <symbolicName propertyId="p601.symbolic_name" value="SDRAM_DQ0"/>
    <symbolicName propertyId="p602.symbolic_name" value="SDRAM_DQ1"/>
    <symbolicName propertyId="p603.symbolic_name" value="SDRAM_DQ2"/>
    <symbolicName propertyId="p604.symbolic_name" value="SDRAM_DQ3"/>
    <symbolicName propertyId="p605.symbolic_name" value="SDRAM_DQ4"/>
    <symbolicName propertyId="p606.symbolic_name" value="SDRAM_DQ5"/>
    <symbolicName propertyId="p607.symbolic_name" value="SDRAM_DQ6"/>
    <symbolicName propertyId="p609.symbolic_name" value="SDRAM_DQ8"/>
    <symbolicName propertyId="p610.symbolic_name" value="SDRAM_DQ9"/>
    <symbolicName propertyId="p611.symbolic_name" value="SDRAM_DQ10"/>
    <symbolicName propertyId="p612.symbolic_name" value="SDRAM_DQ11"/>
    <symbolicName propertyId="p613.symbolic_name" value="SDRAM_DQ12"/>
    <symbolicName propertyId="p614.symbolic_name" value="SDRAM_DQ13"/>
    <symbolicName propertyId="p615.symbolic_name" value="SDRAM_DQ14"/>
    <symbolicName propertyId="p700.symbolic_name" value="J6_PIXD4"/>
    <symbolicName propertyId="p701.symbolic_name" value="J6_PIXD5"/>
    <symbolicName propertyId="p702.symbolic_name" value="J6_PIXD6"/>
    <symbolicName propertyId="p703.symbolic_name" value="J6_PIXD7"/>
    <symbolicName propertyId="p704.symbolic_name" value="J6_GPIO3_D8_PWDN"/>
    <symbolicName propertyId="p705.symbolic_name" value="J6_GPIO4_D9_RET"/>
    <symbolicName propertyId="p706.symbolic_name" value="PMOD3_RXD_MISO"/>
    <symbolicName propertyId="p707.symbolic_name" value="PMOD3_TXD_MOSI"/>
    <symbolicName propertyId="p708.symbolic_name" value="J6_PIXCLK"/>
    <symbolicName propertyId="p709.symbolic_name" value="J6_HSYNC"/>
    <symbolicName propertyId="p710.symbolic_name" value="J6_VSYNC"/>
    <symbolicName propertyId="p713.symbolic_name" value="PMOD3_RESET"/>
    <symbolicName propertyId="p714.symbolic_name" value="JLOB_RXD"/>
    <symbolicName propertyId="p715.symbolic_name" value="JLOB_TXD"/>
    <symbolicName propertyId="p800.symbolic_name" value="PMOD1_INT"/>
    <symbolicName propertyId="p801.symbolic_name" value="PMOD1_RESET_SW1IIC_MOSI_TXD_SW1SPI"/>
    <symbolicName propertyId="p802.symbolic_name" value="PMOD1_MISO_RXD_SW1SPI"/>
    <symbolicName propertyId="p803.symbolic_name" value="PMOD1_SCK_RTS_SW1SPI"/>
    <symbolicName propertyId="p804.symbolic_name" value="PMOD1_SS_CTS_SW1SPI"/>
    <symbolicName propertyId="p808.symbolic_name" value="PMOD1_GPIO4_SW1IIC_RESET_SW1SPI"/>
    <symbolicName propertyId="p809.symbolic_name" value="PMOD1_GPIO2_CS3"/>
    <symbolicName propertyId="p810.symbolic_name" value="PMOD1_GPIO1_CS2"/>
    <symbolicName propertyId="p812.symbolic_name" value="PMOD1_GPIO3_SW1IIC"/>
    <symbolicName propertyId="p813.symbolic_name" value="PMOD6_GPIO3"/>
    <symbolicName propertyId="p814.symbolic_name" value="USB_FS_USB_DP"/>
    <symbolicName propertyId="p815.symbolic_name" value="USB_FS_USB_DM"/>
    <symbolicName propertyId="p903.symbolic_name" value="LED1_RED"/>
    <symbolicName propertyId="p904.symbolic_name" value="LED1_GREEN"/>
    <symbolicName propertyId="p905.symbolic_name" value="SDRAM_A14"/>
    <symbolicName propertyId="p906.symbolic_name" value="SDRAM_A15"/>
    <symbolicName propertyId="p908.symbolic_name" value="SDRAM_RAS"/>
    <symbolicName propertyId="p909.symbolic_name" value="SDRAM_CAS"/>
    <symbolicName propertyId="p910.symbolic_name" value="PMOD4_RESET"/>
    <symbolicName propertyId="p911.symbolic_name" value="PMOD4_GPIO1"/>
    <symbolicName propertyId="p912.symbolic_name" value="PMOD4_GPIO2"/>
    <symbolicName propertyId="p914.symbolic_name" value="PMOD4_GPIO4"/>
    <symbolicName propertyId="p915.symbolic_name" value="DISP_BLEN"/>
    <symbolicName propertyId="pa00.symbolic_name" value="SDRAM_DQ7"/>
    <symbolicName propertyId="pa01.symbolic_name" value="PMOD6_GPIO4"/>
    <symbolicName propertyId="pa06.symbolic_name" value="PMOD6_GPIO2"/>
    <symbolicName propertyId="pa08.symbolic_name" value="SDRAM_DQ15"/>
    <symbolicName propertyId="pa09.symbolic_name" value="SDRAM_SDCLK"/>
    <symbolicName propertyId="pa10.symbolic_name" value="SDRAM_DQM0"/>
    <symbolicName propertyId="pa12.symbolic_name" value="ETH_RMII_RST"/>
    <symbolicName propertyId="pa14.symbolic_name" value="I2CS9_J2_J6_PMOD6_SDA"/>
    <symbolicName propertyId="pa15.symbolic_name" value="I2CS9_J2_J6_PMOD6_SCL"/>
    <symbolicName propertyId="pb00.symbolic_name" value="PMOD3_RTS_SCK"/>
    <symbolicName propertyId="pb01.symbolic_name" value="PMOD3_CTS_SS"/>
    <symbolicName propertyId="pb04.symbolic_name" value="PMOD3_GPIO2_CS3"/>
    <symbolicName propertyId="pb05.symbolic_name" value="PMOD3_GPIO1_CS2"/>
    <symbolicName propertyId="pb07.symbolic_name" value="LED1_BLUE"/>
    <comment propertyId="p403.comment" value="add stack module timer periodic GPT3:GTIOC3A 24000 Kiloherz"/>
    <comment propertyId="p714.comment" value="(over Segger debug chip USB)"/>
    <comment propertyId="p715.comment" value="(over Segger debug chip USB)"/>
    <comment propertyId="p801.comment" value="shared JLOB for SPI/UART mode"/>
    <comment propertyId="p802.comment" value="shared JLOB for SPI/UART mode"/>
    <comment propertyId="p906.comment" value="unused with mounted device"/>
    <comment propertyId="p915.comment" value="(PWM control by GTIOC5A)"/>
    <pincfg active="true" name="RA8D1-AIK.pincfg" selected="true" symbol="g_bsp_pin_cfg">
      <configSetting altId="adc0.an000.p004" configurationId="adc0.an000"/>
      <configSetting altId="adc0.an001.p005" configurationId="adc0.an001"/>
      <configSetting altId="adc0.mode.custom.free" configurationId="adc0.mode"/>
      <configSetting altId="canfd0.crx0.p402" configurationId="canfd0.crx0"/>
      <configSetting altId="canfd0.ctx0.p103" configurationId="canfd0.ctx0"/>
      <configSetting altId="canfd0.mode.enabled.free" configurationId="canfd0.mode"/>
      <configSetting altId="canfd1.pairing.d" configurationId="canfd1.pairing"/>
      <configSetting altId="ceu.mode.custom.free" configurationId="ceu.mode"/>
      <configSetting altId="ceu.vio_clk.p708" configurationId="ceu.vio_clk"/>
      <configSetting altId="ceu.vio_d0.p400" configurationId="ceu.vio_d0"/>
      <configSetting altId="ceu.vio_d1.p401" configurationId="ceu.vio_d1"/>
      <configSetting altId="ceu.vio_d2.p405" configurationId="ceu.vio_d2"/>
      <configSetting altId="ceu.vio_d3.p404" configurationId="ceu.vio_d3"/>
      <configSetting altId="ceu.vio_d4.p700" configurationId="ceu.vio_d4"/>
      <configSetting altId="ceu.vio_d5.p701" configurationId="ceu.vio_d5"/>
      <configSetting altId="ceu.vio_d6.p702" configurationId="ceu.vio_d6"/>
      <configSetting altId="ceu.vio_d7.p703" configurationId="ceu.vio_d7"/>
      <configSetting altId="ceu.vio_hd.p709" configurationId="ceu.vio_hd"/>
      <configSetting altId="ceu.vio_vd.p710" configurationId="ceu.vio_vd"/>
      <configSetting altId="cgc.extal.p212" configurationId="cgc.extal"/>
      <configSetting altId="cgc.mode.custom.free" configurationId="cgc.mode"/>
      <configSetting altId="cgc.xtal.p213" configurationId="cgc.xtal"/>
      <configSetting altId="iic1.mode.enabled.a" configurationId="iic1.mode"/>
      <configSetting altId="iic1.scl1.p512" configurationId="iic1.scl1"/>
      <configSetting altId="iic1.sda1.p511" configurationId="iic1.sda1"/>
      <configSetting altId="irq0.irq0.p105" configurationId="irq0.irq0"/>
      <configSetting altId="irq0.mode.custom.free" configurationId="irq0.mode"/>
      <configSetting altId="irq11.irq11.p800" configurationId="irq11.irq11"/>
      <configSetting altId="irq11.mode.custom.free" configurationId="irq11.mode"/>
      <configSetting altId="irq12.irq12_dash_ds.p008" configurationId="irq12.irq12_dash_ds"/>
      <configSetting altId="irq12.mode.custom.free" configurationId="irq12.mode"/>
      <configSetting altId="irq13.irq13.p015" configurationId="irq13.irq13"/>
      <configSetting altId="irq13.mode.custom.free" configurationId="irq13.mode"/>
      <configSetting altId="irq2.irq2.p509" configurationId="irq2.irq2"/>
      <configSetting altId="irq2.mode.custom.free" configurationId="irq2.mode"/>
      <configSetting altId="irq6.irq6_dash_ds.p000" configurationId="irq6.irq6_dash_ds"/>
      <configSetting altId="irq6.mode.custom.free" configurationId="irq6.mode"/>
      <configSetting altId="irq7.irq7_dash_ds.p001" configurationId="irq7.irq7_dash_ds"/>
      <configSetting altId="irq7.mode.custom.free" configurationId="irq7.mode"/>
      <configSetting altId="irq8.irq8.p415" configurationId="irq8.irq8"/>
      <configSetting altId="irq8.mode.custom.free" configurationId="irq8.mode"/>
      <configSetting altId="jtag_fslash_swd.mode.jtag.free" configurationId="jtag_fslash_swd.mode"/>
      <configSetting altId="jtag_fslash_swd.tck.p211" configurationId="jtag_fslash_swd.tck"/>
      <configSetting altId="jtag_fslash_swd.tdi.p208" configurationId="jtag_fslash_swd.tdi"/>
      <configSetting altId="jtag_fslash_swd.tdo.p209" configurationId="jtag_fslash_swd.tdo"/>
      <configSetting altId="jtag_fslash_swd.tms.p210" configurationId="jtag_fslash_swd.tms"/>
      <configSetting altId="mipi.dsi_te.p206" configurationId="mipi.dsi_te"/>
      <configSetting altId="mipi.mode.enabled.free" configurationId="mipi.mode"/>
      <configSetting altId="p000.irq6.irq6_dash_ds" configurationId="p000"/>
      <configSetting altId="p000.gpio_irq.gpio_irq_enabled" configurationId="p000.gpio_irq"/>
      <configSetting altId="p000.gpio_mode.gpio_mode_irq" configurationId="p000.gpio_mode"/>
      <configSetting altId="p001.irq7.irq7_dash_ds" configurationId="p001"/>
      <configSetting altId="p001.gpio_irq.gpio_irq_enabled" configurationId="p001.gpio_irq"/>
      <configSetting altId="p001.gpio_mode.gpio_mode_irq" configurationId="p001.gpio_mode"/>
      <configSetting altId="p003.output.high" configurationId="p003"/>
      <configSetting altId="p003.gpio_mode.gpio_mode_out.high" configurationId="p003.gpio_mode"/>
      <configSetting altId="p004.adc0.an000" configurationId="p004"/>
      <configSetting altId="p004.gpio_mode.gpio_mode_an" configurationId="p004.gpio_mode"/>
      <configSetting altId="p005.adc0.an001" configurationId="p005"/>
      <configSetting altId="p005.gpio_mode.gpio_mode_an" configurationId="p005.gpio_mode"/>
      <configSetting altId="p008.irq12.irq12_dash_ds" configurationId="p008"/>
      <configSetting altId="p008.gpio_irq.gpio_irq_enabled" configurationId="p008.gpio_irq"/>
      <configSetting altId="p008.gpio_mode.gpio_mode_irq" configurationId="p008.gpio_mode"/>
      <configSetting altId="p015.irq13.irq13" configurationId="p015"/>
      <configSetting altId="p015.gpio_irq.gpio_irq_enabled" configurationId="p015.gpio_irq"/>
      <configSetting altId="p015.gpio_mode.gpio_mode_irq" configurationId="p015.gpio_mode"/>
      <configSetting altId="p100.spi1.miso1" configurationId="p100"/>
      <configSetting altId="p100.gpio_speed.gpio_speed_m" configurationId="p100.gpio_drivecapacity"/>
      <configSetting altId="p100.gpio_mode.gpio_mode_peripheral" configurationId="p100.gpio_mode"/>
      <configSetting altId="p101.spi1.mosi1" configurationId="p101"/>
      <configSetting altId="p101.gpio_speed.gpio_speed_m" configurationId="p101.gpio_drivecapacity"/>
      <configSetting altId="p101.gpio_mode.gpio_mode_peripheral" configurationId="p101.gpio_mode"/>
      <configSetting altId="p102.spi1.rspck1" configurationId="p102"/>
      <configSetting altId="p102.gpio_mode.gpio_mode_peripheral" configurationId="p102.gpio_mode"/>
      <configSetting altId="p103.canfd0.ctx0" configurationId="p103"/>
      <configSetting altId="p103.gpio_speed.gpio_speed_m" configurationId="p103.gpio_drivecapacity"/>
      <configSetting altId="p103.gpio_mode.gpio_mode_peripheral" configurationId="p103.gpio_mode"/>
      <configSetting altId="p104.input" configurationId="p104"/>
      <configSetting altId="p104.gpio_mode.gpio_mode_in" configurationId="p104.gpio_mode"/>
      <configSetting altId="p104.gpio_pupd.gpio_pupd_ip_up" configurationId="p104.gpio_pupd"/>
      <configSetting altId="p105.irq0.irq0" configurationId="p105"/>
      <configSetting altId="p105.gpio_irq.gpio_irq_enabled" configurationId="p105.gpio_irq"/>
      <configSetting altId="p105.gpio_mode.gpio_mode_irq" configurationId="p105.gpio_mode"/>
      <configSetting altId="p106.output.high" configurationId="p106"/>
      <configSetting altId="p106.gpio_mode.gpio_mode_out.high" configurationId="p106.gpio_mode"/>
      <configSetting altId="p107.output.high" configurationId="p107"/>
      <configSetting altId="p107.gpio_mode.gpio_mode_out.high" configurationId="p107.gpio_mode"/>
      <configSetting altId="p112.sdram.dqm1" configurationId="p112"/>
      <configSetting altId="p112.gpio_speed.gpio_speed_h" configurationId="p112.gpio_drivecapacity"/>
      <configSetting altId="p112.gpio_mode.gpio_mode_peripheral" configurationId="p112.gpio_mode"/>
      <configSetting altId="p113.sdram.cke" configurationId="p113"/>
      <configSetting altId="p113.gpio_speed.gpio_speed_h" configurationId="p113.gpio_drivecapacity"/>
      <configSetting altId="p113.gpio_mode.gpio_mode_peripheral" configurationId="p113.gpio_mode"/>
      <configSetting altId="p114.sdram.we" configurationId="p114"/>
      <configSetting altId="p114.gpio_speed.gpio_speed_h" configurationId="p114.gpio_drivecapacity"/>
      <configSetting altId="p114.gpio_mode.gpio_mode_peripheral" configurationId="p114.gpio_mode"/>
      <configSetting altId="p115.sdram.sdcs" configurationId="p115"/>
      <configSetting altId="p115.gpio_speed.gpio_speed_h" configurationId="p115.gpio_drivecapacity"/>
      <configSetting altId="p115.gpio_mode.gpio_mode_peripheral" configurationId="p115.gpio_mode"/>
      <configSetting altId="p201.input" configurationId="p201"/>
      <configSetting altId="p201.gpio_mode.gpio_mode_in" configurationId="p201.gpio_mode"/>
      <configSetting altId="p206.mipi.dsi_te" configurationId="p206"/>
      <configSetting altId="p206.gpio_mode.gpio_mode_peripheral" configurationId="p206.gpio_mode"/>
      <configSetting altId="p207.input" configurationId="p207"/>
      <configSetting altId="p207.gpio_mode.gpio_mode_in" configurationId="p207.gpio_mode"/>
      <configSetting altId="p207.gpio_pupd.gpio_pupd_ip_up" configurationId="p207.gpio_pupd"/>
      <configSetting altId="p208.jtag_fslash_swd.tdi" configurationId="p208"/>
      <configSetting altId="p208.gpio_mode.gpio_mode_peripheral" configurationId="p208.gpio_mode"/>
      <configSetting altId="p209.jtag_fslash_swd.tdo" configurationId="p209"/>
      <configSetting altId="p209.gpio_mode.gpio_mode_peripheral" configurationId="p209.gpio_mode"/>
      <configSetting altId="p210.jtag_fslash_swd.tms" configurationId="p210"/>
      <configSetting altId="p210.gpio_mode.gpio_mode_peripheral" configurationId="p210.gpio_mode"/>
      <configSetting altId="p211.jtag_fslash_swd.tck" configurationId="p211"/>
      <configSetting altId="p211.gpio_mode.gpio_mode_peripheral" configurationId="p211.gpio_mode"/>
      <configSetting altId="p212.cgc.extal" configurationId="p212"/>
      <configSetting altId="p212.gpio_mode.gpio_mode_peripheral" configurationId="p212.gpio_mode"/>
      <configSetting altId="p213.cgc.xtal" configurationId="p213"/>
      <configSetting altId="p213.gpio_mode.gpio_mode_peripheral" configurationId="p213.gpio_mode"/>
      <configSetting altId="p300.sdram.a1" configurationId="p300"/>
      <configSetting altId="p300.gpio_speed.gpio_speed_h" configurationId="p300.gpio_drivecapacity"/>
      <configSetting altId="p300.gpio_mode.gpio_mode_peripheral" configurationId="p300.gpio_mode"/>
      <configSetting altId="p301.sdram.a2" configurationId="p301"/>
      <configSetting altId="p301.gpio_speed.gpio_speed_h" configurationId="p301.gpio_drivecapacity"/>
      <configSetting altId="p301.gpio_mode.gpio_mode_peripheral" configurationId="p301.gpio_mode"/>
      <configSetting altId="p302.sdram.a3" configurationId="p302"/>
      <configSetting altId="p302.gpio_speed.gpio_speed_h" configurationId="p302.gpio_drivecapacity"/>
      <configSetting altId="p302.gpio_mode.gpio_mode_peripheral" configurationId="p302.gpio_mode"/>
      <configSetting altId="p303.sdram.a4" configurationId="p303"/>
      <configSetting altId="p303.gpio_speed.gpio_speed_h" configurationId="p303.gpio_drivecapacity"/>
      <configSetting altId="p303.gpio_mode.gpio_mode_peripheral" configurationId="p303.gpio_mode"/>
      <configSetting altId="p304.sdram.a5" configurationId="p304"/>
      <configSetting altId="p304.gpio_speed.gpio_speed_h" configurationId="p304.gpio_drivecapacity"/>
      <configSetting altId="p304.gpio_mode.gpio_mode_peripheral" configurationId="p304.gpio_mode"/>
      <configSetting altId="p305.sdram.a6" configurationId="p305"/>
      <configSetting altId="p305.gpio_speed.gpio_speed_h" configurationId="p305.gpio_drivecapacity"/>
      <configSetting altId="p305.gpio_mode.gpio_mode_peripheral" configurationId="p305.gpio_mode"/>
      <configSetting altId="p306.sdram.a7" configurationId="p306"/>
      <configSetting altId="p306.gpio_speed.gpio_speed_h" configurationId="p306.gpio_drivecapacity"/>
      <configSetting altId="p306.gpio_mode.gpio_mode_peripheral" configurationId="p306.gpio_mode"/>
      <configSetting altId="p307.sdram.a8" configurationId="p307"/>
      <configSetting altId="p307.gpio_speed.gpio_speed_m" configurationId="p307.gpio_drivecapacity"/>
      <configSetting altId="p307.gpio_mode.gpio_mode_peripheral" configurationId="p307.gpio_mode"/>
      <configSetting altId="p308.sdram.a9" configurationId="p308"/>
      <configSetting altId="p308.gpio_speed.gpio_speed_m" configurationId="p308.gpio_drivecapacity"/>
      <configSetting altId="p308.gpio_mode.gpio_mode_peripheral" configurationId="p308.gpio_mode"/>
      <configSetting altId="p309.sdram.a10" configurationId="p309"/>
      <configSetting altId="p309.gpio_speed.gpio_speed_h" configurationId="p309.gpio_drivecapacity"/>
      <configSetting altId="p309.gpio_mode.gpio_mode_peripheral" configurationId="p309.gpio_mode"/>
      <configSetting altId="p310.sdram.a11" configurationId="p310"/>
      <configSetting altId="p310.gpio_speed.gpio_speed_h" configurationId="p310.gpio_drivecapacity"/>
      <configSetting altId="p310.gpio_mode.gpio_mode_peripheral" configurationId="p310.gpio_mode"/>
      <configSetting altId="p311.sdram.a12" configurationId="p311"/>
      <configSetting altId="p311.gpio_speed.gpio_speed_h" configurationId="p311.gpio_drivecapacity"/>
      <configSetting altId="p311.gpio_mode.gpio_mode_peripheral" configurationId="p311.gpio_mode"/>
      <configSetting altId="p312.sdram.a13" configurationId="p312"/>
      <configSetting altId="p312.gpio_speed.gpio_speed_h" configurationId="p312.gpio_drivecapacity"/>
      <configSetting altId="p312.gpio_mode.gpio_mode_peripheral" configurationId="p312.gpio_mode"/>
      <configSetting altId="p400.ceu.vio_d0" configurationId="p400"/>
      <configSetting altId="p400.gpio_mode.gpio_mode_peripheral" configurationId="p400.gpio_mode"/>
      <configSetting altId="p401.ceu.vio_d1" configurationId="p401"/>
      <configSetting altId="p401.gpio_speed.gpio_speed_m" configurationId="p401.gpio_drivecapacity"/>
      <configSetting altId="p401.gpio_mode.gpio_mode_peripheral" configurationId="p401.gpio_mode"/>
      <configSetting altId="p402.canfd0.crx0" configurationId="p402"/>
      <configSetting altId="p402.gpio_speed.gpio_speed_m" configurationId="p402.gpio_drivecapacity"/>
      <configSetting altId="p402.gpio_mode.gpio_mode_peripheral" configurationId="p402.gpio_mode"/>
      <configSetting altId="p403.output.low" configurationId="p403"/>
      <configSetting altId="p403.gpio_mode.gpio_mode_out.low" configurationId="p403.gpio_mode"/>
      <configSetting altId="p404.ceu.vio_d3" configurationId="p404"/>
      <configSetting altId="p404.gpio_mode.gpio_mode_peripheral" configurationId="p404.gpio_mode"/>
      <configSetting altId="p405.ceu.vio_d2" configurationId="p405"/>
      <configSetting altId="p405.gpio_speed.gpio_speed_h" configurationId="p405.gpio_drivecapacity"/>
      <configSetting altId="p405.gpio_mode.gpio_mode_peripheral" configurationId="p405.gpio_mode"/>
      <configSetting altId="p406.output.low" configurationId="p406"/>
      <configSetting altId="p406.gpio_speed.gpio_speed_h" configurationId="p406.gpio_drivecapacity"/>
      <configSetting altId="p406.gpio_mode.gpio_mode_peripheral" configurationId="p406.gpio_mode"/>
      <configSetting altId="p407.usbfs.usb_vbus" configurationId="p407"/>
      <configSetting altId="p407.gpio_mode.gpio_mode_peripheral" configurationId="p407.gpio_mode"/>
      <configSetting altId="p408.sci3.rxd3" configurationId="p408"/>
      <configSetting altId="p408.gpio_mode.gpio_mode_peripheral" configurationId="p408.gpio_mode"/>
      <configSetting altId="p409.sci3.txd3" configurationId="p409"/>
      <configSetting altId="p409.gpio_speed.gpio_speed_m" configurationId="p409.gpio_drivecapacity"/>
      <configSetting altId="p409.gpio_mode.gpio_mode_peripheral" configurationId="p409.gpio_mode"/>
      <configSetting altId="p410.sci3.sck3" configurationId="p410"/>
      <configSetting altId="p410.gpio_speed.gpio_speed_m" configurationId="p410.gpio_drivecapacity"/>
      <configSetting altId="p410.gpio_mode.gpio_mode_peripheral" configurationId="p410.gpio_mode"/>
      <configSetting altId="p411.output.high" configurationId="p411"/>
      <configSetting altId="p411.gpio_mode.gpio_mode_out.high" configurationId="p411.gpio_mode"/>
      <configSetting altId="p412.output.high" configurationId="p412"/>
      <configSetting altId="p412.gpio_mode.gpio_mode_out.high" configurationId="p412.gpio_mode"/>
      <configSetting altId="p413.output.high" configurationId="p413"/>
      <configSetting altId="p413.gpio_mode.gpio_mode_out.high" configurationId="p413.gpio_mode"/>
      <configSetting altId="p414.output.high" configurationId="p414"/>
      <configSetting altId="p414.gpio_mode.gpio_mode_out.high" configurationId="p414.gpio_mode"/>
      <configSetting altId="p415.irq8.irq8" configurationId="p415"/>
      <configSetting altId="p415.gpio_irq.gpio_irq_enabled" configurationId="p415.gpio_irq"/>
      <configSetting altId="p415.gpio_mode.gpio_mode_irq" configurationId="p415.gpio_mode"/>
      <configSetting altId="p500.output.high" configurationId="p500"/>
      <configSetting altId="p500.gpio_mode.gpio_mode_out.high" configurationId="p500.gpio_mode"/>
      <configSetting altId="p501.input" configurationId="p501"/>
      <configSetting altId="p501.gpio_mode.gpio_mode_in" configurationId="p501.gpio_mode"/>
      <configSetting altId="p501.gpio_pupd.gpio_pupd_ip_up" configurationId="p501.gpio_pupd"/>
      <configSetting altId="p504.input" configurationId="p504"/>
      <configSetting altId="p504.gpio_mode.gpio_mode_in" configurationId="p504.gpio_mode"/>
      <configSetting altId="p504.gpio_pupd.gpio_pupd_ip_up" configurationId="p504.gpio_pupd"/>
      <configSetting altId="p506.input" configurationId="p506"/>
      <configSetting altId="p506.gpio_mode.gpio_mode_in" configurationId="p506.gpio_mode"/>
      <configSetting altId="p506.gpio_pupd.gpio_pupd_ip_up" configurationId="p506.gpio_pupd"/>
      <configSetting altId="p507.input" configurationId="p507"/>
      <configSetting altId="p507.gpio_mode.gpio_mode_in" configurationId="p507.gpio_mode"/>
      <configSetting altId="p507.gpio_pupd.gpio_pupd_ip_up" configurationId="p507.gpio_pupd"/>
      <configSetting altId="p508.input" configurationId="p508"/>
      <configSetting altId="p508.gpio_irq.gpio_irq_enabled" configurationId="p508.gpio_irq"/>
      <configSetting altId="p508.gpio_mode.gpio_mode_in" configurationId="p508.gpio_mode"/>
      <configSetting altId="p508.gpio_pupd.gpio_pupd_ip_up" configurationId="p508.gpio_pupd"/>
      <configSetting altId="p509.irq2.irq2" configurationId="p509"/>
      <configSetting altId="p509.gpio_irq.gpio_irq_enabled" configurationId="p509.gpio_irq"/>
      <configSetting altId="p509.gpio_mode.gpio_mode_irq" configurationId="p509.gpio_mode"/>
      <configSetting altId="p510.input" configurationId="p510"/>
      <configSetting altId="p510.gpio_irq.gpio_irq_enabled" configurationId="p510.gpio_irq"/>
      <configSetting altId="p510.gpio_mode.gpio_mode_in" configurationId="p510.gpio_mode"/>
      <configSetting altId="p510.gpio_pupd.gpio_pupd_ip_up" configurationId="p510.gpio_pupd"/>
      <configSetting altId="p511.iic1.sda1" configurationId="p511"/>
      <configSetting altId="p511.gpio_speed.gpio_speed_m" configurationId="p511.gpio_drivecapacity"/>
      <configSetting altId="p511.gpio_mode.gpio_mode_peripheral" configurationId="p511.gpio_mode"/>
      <configSetting altId="p511.gpio_otype.gpio_otype_n_ch_od" configurationId="p511.gpio_otype"/>
      <configSetting altId="p512.iic1.scl1" configurationId="p512"/>
      <configSetting altId="p512.gpio_speed.gpio_speed_m" configurationId="p512.gpio_drivecapacity"/>
      <configSetting altId="p512.gpio_mode.gpio_mode_peripheral" configurationId="p512.gpio_mode"/>
      <configSetting altId="p512.gpio_otype.gpio_otype_n_ch_od" configurationId="p512.gpio_otype"/>
      <configSetting altId="p600.output.high" configurationId="p600"/>
      <configSetting altId="p600.gpio_mode.gpio_mode_out.high" configurationId="p600.gpio_mode"/>
      <configSetting altId="p601.sdram.dq0" configurationId="p601"/>
      <configSetting altId="p601.gpio_speed.gpio_speed_h" configurationId="p601.gpio_drivecapacity"/>
      <configSetting altId="p601.gpio_mode.gpio_mode_peripheral" configurationId="p601.gpio_mode"/>
      <configSetting altId="p602.sdram.dq1" configurationId="p602"/>
      <configSetting altId="p602.gpio_speed.gpio_speed_h" configurationId="p602.gpio_drivecapacity"/>
      <configSetting altId="p602.gpio_mode.gpio_mode_peripheral" configurationId="p602.gpio_mode"/>
      <configSetting altId="p603.sdram.dq2" configurationId="p603"/>
      <configSetting altId="p603.gpio_speed.gpio_speed_h" configurationId="p603.gpio_drivecapacity"/>
      <configSetting altId="p603.gpio_mode.gpio_mode_peripheral" configurationId="p603.gpio_mode"/>
      <configSetting altId="p604.sdram.dq3" configurationId="p604"/>
      <configSetting altId="p604.gpio_speed.gpio_speed_h" configurationId="p604.gpio_drivecapacity"/>
      <configSetting altId="p604.gpio_mode.gpio_mode_peripheral" configurationId="p604.gpio_mode"/>
      <configSetting altId="p605.sdram.dq4" configurationId="p605"/>
      <configSetting altId="p605.gpio_speed.gpio_speed_h" configurationId="p605.gpio_drivecapacity"/>
      <configSetting altId="p605.gpio_mode.gpio_mode_peripheral" configurationId="p605.gpio_mode"/>
      <configSetting altId="p606.sdram.dq5" configurationId="p606"/>
      <configSetting altId="p606.gpio_speed.gpio_speed_h" configurationId="p606.gpio_drivecapacity"/>
      <configSetting altId="p606.gpio_mode.gpio_mode_peripheral" configurationId="p606.gpio_mode"/>
      <configSetting altId="p607.sdram.dq6" configurationId="p607"/>
      <configSetting altId="p607.gpio_speed.gpio_speed_h" configurationId="p607.gpio_drivecapacity"/>
      <configSetting altId="p607.gpio_mode.gpio_mode_peripheral" configurationId="p607.gpio_mode"/>
      <configSetting altId="p609.sdram.dq8" configurationId="p609"/>
      <configSetting altId="p609.gpio_speed.gpio_speed_h" configurationId="p609.gpio_drivecapacity"/>
      <configSetting altId="p609.gpio_mode.gpio_mode_peripheral" configurationId="p609.gpio_mode"/>
      <configSetting altId="p610.sdram.dq9" configurationId="p610"/>
      <configSetting altId="p610.gpio_speed.gpio_speed_h" configurationId="p610.gpio_drivecapacity"/>
      <configSetting altId="p610.gpio_mode.gpio_mode_peripheral" configurationId="p610.gpio_mode"/>
      <configSetting altId="p611.sdram.dq10" configurationId="p611"/>
      <configSetting altId="p611.gpio_speed.gpio_speed_h" configurationId="p611.gpio_drivecapacity"/>
      <configSetting altId="p611.gpio_mode.gpio_mode_peripheral" configurationId="p611.gpio_mode"/>
      <configSetting altId="p612.sdram.dq11" configurationId="p612"/>
      <configSetting altId="p612.gpio_speed.gpio_speed_h" configurationId="p612.gpio_drivecapacity"/>
      <configSetting altId="p612.gpio_mode.gpio_mode_peripheral" configurationId="p612.gpio_mode"/>
      <configSetting altId="p613.sdram.dq12" configurationId="p613"/>
      <configSetting altId="p613.gpio_speed.gpio_speed_h" configurationId="p613.gpio_drivecapacity"/>
      <configSetting altId="p613.gpio_mode.gpio_mode_peripheral" configurationId="p613.gpio_mode"/>
      <configSetting altId="p614.sdram.dq13" configurationId="p614"/>
      <configSetting altId="p614.gpio_speed.gpio_speed_h" configurationId="p614.gpio_drivecapacity"/>
      <configSetting altId="p614.gpio_mode.gpio_mode_peripheral" configurationId="p614.gpio_mode"/>
      <configSetting altId="p615.sdram.dq14" configurationId="p615"/>
      <configSetting altId="p615.gpio_speed.gpio_speed_h" configurationId="p615.gpio_drivecapacity"/>
      <configSetting altId="p615.gpio_mode.gpio_mode_peripheral" configurationId="p615.gpio_mode"/>
      <configSetting altId="p700.ceu.vio_d4" configurationId="p700"/>
      <configSetting altId="p700.gpio_speed.gpio_speed_h" configurationId="p700.gpio_drivecapacity"/>
      <configSetting altId="p700.gpio_mode.gpio_mode_peripheral" configurationId="p700.gpio_mode"/>
      <configSetting altId="p701.ceu.vio_d5" configurationId="p701"/>
      <configSetting altId="p701.gpio_speed.gpio_speed_h" configurationId="p701.gpio_drivecapacity"/>
      <configSetting altId="p701.gpio_mode.gpio_mode_peripheral" configurationId="p701.gpio_mode"/>
      <configSetting altId="p702.ceu.vio_d6" configurationId="p702"/>
      <configSetting altId="p702.gpio_speed.gpio_speed_h" configurationId="p702.gpio_drivecapacity"/>
      <configSetting altId="p702.gpio_mode.gpio_mode_peripheral" configurationId="p702.gpio_mode"/>
      <configSetting altId="p703.ceu.vio_d7" configurationId="p703"/>
      <configSetting altId="p703.gpio_speed.gpio_speed_h" configurationId="p703.gpio_drivecapacity"/>
      <configSetting altId="p703.gpio_mode.gpio_mode_peripheral" configurationId="p703.gpio_mode"/>
      <configSetting altId="p704.output.high" configurationId="p704"/>
      <configSetting altId="p704.gpio_speed.gpio_speed_h" configurationId="p704.gpio_drivecapacity"/>
      <configSetting altId="p704.gpio_mode.gpio_mode_out.high" configurationId="p704.gpio_mode"/>
      <configSetting altId="p705.output.high" configurationId="p705"/>
      <configSetting altId="p705.gpio_speed.gpio_speed_h" configurationId="p705.gpio_drivecapacity"/>
      <configSetting altId="p705.gpio_mode.gpio_mode_out.high" configurationId="p705.gpio_mode"/>
      <configSetting altId="p706.sci1.rxd1" configurationId="p706"/>
      <configSetting altId="p706.gpio_mode.gpio_mode_peripheral" configurationId="p706.gpio_mode"/>
      <configSetting altId="p707.sci1.txd1" configurationId="p707"/>
      <configSetting altId="p707.gpio_mode.gpio_mode_peripheral" configurationId="p707.gpio_mode"/>
      <configSetting altId="p708.ceu.vio_clk" configurationId="p708"/>
      <configSetting altId="p708.gpio_mode.gpio_mode_peripheral" configurationId="p708.gpio_mode"/>
      <configSetting altId="p709.ceu.vio_hd" configurationId="p709"/>
      <configSetting altId="p709.gpio_mode.gpio_mode_peripheral" configurationId="p709.gpio_mode"/>
      <configSetting altId="p710.ceu.vio_vd" configurationId="p710"/>
      <configSetting altId="p710.gpio_mode.gpio_mode_peripheral" configurationId="p710.gpio_mode"/>
      <configSetting altId="p713.output.high" configurationId="p713"/>
      <configSetting altId="p713.gpio_mode.gpio_mode_out.high" configurationId="p713.gpio_mode"/>
      <configSetting altId="p714.sci4.txd4" configurationId="p714"/>
      <configSetting altId="p714.gpio_mode.gpio_mode_peripheral" configurationId="p714.gpio_mode"/>
      <configSetting altId="p715.sci4.rxd4" configurationId="p715"/>
      <configSetting altId="p715.gpio_mode.gpio_mode_peripheral" configurationId="p715.gpio_mode"/>
      <configSetting altId="p800.irq11.irq11" configurationId="p800"/>
      <configSetting altId="p800.gpio_irq.gpio_irq_enabled" configurationId="p800.gpio_irq"/>
      <configSetting altId="p800.gpio_mode.gpio_mode_irq" configurationId="p800.gpio_mode"/>
      <configSetting altId="p801.sci2.txd2" configurationId="p801"/>
      <configSetting altId="p801.gpio_mode.gpio_mode_peripheral" configurationId="p801.gpio_mode"/>
      <configSetting altId="p802.sci2.rxd2" configurationId="p802"/>
      <configSetting altId="p802.gpio_mode.gpio_mode_peripheral" configurationId="p802.gpio_mode"/>
      <configSetting altId="p803.sci2.sck2" configurationId="p803"/>
      <configSetting altId="p803.gpio_mode.gpio_mode_peripheral" configurationId="p803.gpio_mode"/>
      <configSetting altId="p804.output.high" configurationId="p804"/>
      <configSetting altId="p804.gpio_mode.gpio_mode_out.high" configurationId="p804.gpio_mode"/>
      <configSetting altId="p808.output.high" configurationId="p808"/>
      <configSetting altId="p808.gpio_mode.gpio_mode_out.high" configurationId="p808.gpio_mode"/>
      <configSetting altId="p809.output.high" configurationId="p809"/>
      <configSetting altId="p809.gpio_mode.gpio_mode_out.high" configurationId="p809.gpio_mode"/>
      <configSetting altId="p810.output.high" configurationId="p810"/>
      <configSetting altId="p810.gpio_mode.gpio_mode_out.high" configurationId="p810.gpio_mode"/>
      <configSetting altId="p812.input" configurationId="p812"/>
      <configSetting altId="p812.gpio_mode.gpio_mode_in" configurationId="p812.gpio_mode"/>
      <configSetting altId="p812.gpio_pupd.gpio_pupd_ip_up" configurationId="p812.gpio_pupd"/>
      <configSetting altId="p813.input" configurationId="p813"/>
      <configSetting altId="p813.gpio_mode.gpio_mode_in" configurationId="p813.gpio_mode"/>
      <configSetting altId="p813.gpio_pupd.gpio_pupd_ip_up" configurationId="p813.gpio_pupd"/>
      <configSetting altId="p814.usbfs.usb_dp" configurationId="p814"/>
      <configSetting altId="p814.gpio_mode.gpio_mode_peripheral" configurationId="p814.gpio_mode"/>
      <configSetting altId="p815.usbfs.usb_dm" configurationId="p815"/>
      <configSetting altId="p815.gpio_mode.gpio_mode_peripheral" configurationId="p815.gpio_mode"/>
      <configSetting altId="p903.output.low" configurationId="p903"/>
      <configSetting altId="p903.gpio_mode.gpio_mode_out.low" configurationId="p903.gpio_mode"/>
      <configSetting altId="p904.output.low" configurationId="p904"/>
      <configSetting altId="p904.gpio_mode.gpio_mode_out.low" configurationId="p904.gpio_mode"/>
      <configSetting altId="p905.sdram.a14" configurationId="p905"/>
      <configSetting altId="p905.gpio_speed.gpio_speed_h" configurationId="p905.gpio_drivecapacity"/>
      <configSetting altId="p905.gpio_mode.gpio_mode_peripheral" configurationId="p905.gpio_mode"/>
      <configSetting altId="p906.output.low" configurationId="p906"/>
      <configSetting altId="p906.gpio_mode.gpio_mode_out.low" configurationId="p906.gpio_mode"/>
      <configSetting altId="p908.sdram.ras" configurationId="p908"/>
      <configSetting altId="p908.gpio_speed.gpio_speed_h" configurationId="p908.gpio_drivecapacity"/>
      <configSetting altId="p908.gpio_mode.gpio_mode_peripheral" configurationId="p908.gpio_mode"/>
      <configSetting altId="p909.sdram.cas" configurationId="p909"/>
      <configSetting altId="p909.gpio_speed.gpio_speed_h" configurationId="p909.gpio_drivecapacity"/>
      <configSetting altId="p909.gpio_mode.gpio_mode_peripheral" configurationId="p909.gpio_mode"/>
      <configSetting altId="p910.input" configurationId="p910"/>
      <configSetting altId="p910.gpio_mode.gpio_mode_in" configurationId="p910.gpio_mode"/>
      <configSetting altId="p910.gpio_pupd.gpio_pupd_ip_up" configurationId="p910.gpio_pupd"/>
      <configSetting altId="p911.input" configurationId="p911"/>
      <configSetting altId="p911.gpio_mode.gpio_mode_in" configurationId="p911.gpio_mode"/>
      <configSetting altId="p911.gpio_pupd.gpio_pupd_ip_up" configurationId="p911.gpio_pupd"/>
      <configSetting altId="p912.input" configurationId="p912"/>
      <configSetting altId="p912.gpio_mode.gpio_mode_in" configurationId="p912.gpio_mode"/>
      <configSetting altId="p912.gpio_pupd.gpio_pupd_ip_up" configurationId="p912.gpio_pupd"/>
      <configSetting altId="p914.input" configurationId="p914"/>
      <configSetting altId="p914.gpio_mode.gpio_mode_in" configurationId="p914.gpio_mode"/>
      <configSetting altId="p914.gpio_pupd.gpio_pupd_ip_up" configurationId="p914.gpio_pupd"/>
      <configSetting altId="p915.output.low" configurationId="p915"/>
      <configSetting altId="p915.gpio_mode.gpio_mode_out.low" configurationId="p915.gpio_mode"/>
      <configSetting altId="pa00.sdram.dq7" configurationId="pa00"/>
      <configSetting altId="pa00.gpio_speed.gpio_speed_h" configurationId="pa00.gpio_drivecapacity"/>
      <configSetting altId="pa00.gpio_mode.gpio_mode_peripheral" configurationId="pa00.gpio_mode"/>
      <configSetting altId="pa01.input" configurationId="pa01"/>
      <configSetting altId="pa01.gpio_mode.gpio_mode_in" configurationId="pa01.gpio_mode"/>
      <configSetting altId="pa01.gpio_pupd.gpio_pupd_ip_up" configurationId="pa01.gpio_pupd"/>
      <configSetting altId="pa06.input" configurationId="pa06"/>
      <configSetting altId="pa06.gpio_mode.gpio_mode_in" configurationId="pa06.gpio_mode"/>
      <configSetting altId="pa06.gpio_pupd.gpio_pupd_ip_up" configurationId="pa06.gpio_pupd"/>
      <configSetting altId="pa08.sdram.dq15" configurationId="pa08"/>
      <configSetting altId="pa08.gpio_speed.gpio_speed_h" configurationId="pa08.gpio_drivecapacity"/>
      <configSetting altId="pa08.gpio_mode.gpio_mode_peripheral" configurationId="pa08.gpio_mode"/>
      <configSetting altId="pa09.sdram.sdclk" configurationId="pa09"/>
      <configSetting altId="pa09.gpio_speed.gpio_speed_hh" configurationId="pa09.gpio_drivecapacity"/>
      <configSetting altId="pa09.gpio_mode.gpio_mode_peripheral" configurationId="pa09.gpio_mode"/>
      <configSetting altId="pa10.sdram.dqm0" configurationId="pa10"/>
      <configSetting altId="pa10.gpio_speed.gpio_speed_h" configurationId="pa10.gpio_drivecapacity"/>
      <configSetting altId="pa10.gpio_mode.gpio_mode_peripheral" configurationId="pa10.gpio_mode"/>
      <configSetting altId="pa12.output.high" configurationId="pa12"/>
      <configSetting altId="pa12.gpio_mode.gpio_mode_out.high" configurationId="pa12.gpio_mode"/>
      <configSetting altId="pa12.gpio_otype.gpio_otype_n_ch_od" configurationId="pa12.gpio_otype"/>
      <configSetting altId="pa14.sci9.txd9" configurationId="pa14"/>
      <configSetting altId="pa14.gpio_mode.gpio_mode_peripheral" configurationId="pa14.gpio_mode"/>
      <configSetting altId="pa14.gpio_otype.gpio_otype_n_ch_od" configurationId="pa14.gpio_otype"/>
      <configSetting altId="pa15.sci9.rxd9" configurationId="pa15"/>
      <configSetting altId="pa15.gpio_mode.gpio_mode_peripheral" configurationId="pa15.gpio_mode"/>
      <configSetting altId="pa15.gpio_otype.gpio_otype_n_ch_od" configurationId="pa15.gpio_otype"/>
      <configSetting altId="pb00.sci1.sck1" configurationId="pb00"/>
      <configSetting altId="pb00.gpio_mode.gpio_mode_peripheral" configurationId="pb00.gpio_mode"/>
      <configSetting altId="pb01.input" configurationId="pb01"/>
      <configSetting altId="pb01.gpio_mode.gpio_mode_in" configurationId="pb01.gpio_mode"/>
      <configSetting altId="pb01.gpio_pupd.gpio_pupd_ip_up" configurationId="pb01.gpio_pupd"/>
      <configSetting altId="pb04.input" configurationId="pb04"/>
      <configSetting altId="pb04.gpio_mode.gpio_mode_in" configurationId="pb04.gpio_mode"/>
      <configSetting altId="pb04.gpio_pupd.gpio_pupd_ip_up" configurationId="pb04.gpio_pupd"/>
      <configSetting altId="pb05.input" configurationId="pb05"/>
      <configSetting altId="pb05.gpio_mode.gpio_mode_in" configurationId="pb05.gpio_mode"/>
      <configSetting altId="pb05.gpio_pupd.gpio_pupd_ip_up" configurationId="pb05.gpio_pupd"/>
      <configSetting altId="pb07.output.low" configurationId="pb07"/>
      <configSetting altId="pb07.gpio_mode.gpio_mode_out.low" configurationId="pb07.gpio_mode"/>
      <configSetting altId="sci1.mode.simplespi.free" configurationId="sci1.mode"/>
      <configSetting altId="sci1.rxd1.p706" configurationId="sci1.rxd1"/>
      <configSetting altId="sci1.sck1.pb00" configurationId="sci1.sck1"/>
      <configSetting altId="sci1.txd1.p707" configurationId="sci1.txd1"/>
      <configSetting altId="sci2.mode.simplespi.free" configurationId="sci2.mode"/>
      <configSetting altId="sci2.rxd2.p802" configurationId="sci2.rxd2"/>
      <configSetting altId="sci2.sck2.p803" configurationId="sci2.sck2"/>
      <configSetting altId="sci2.txd2.p801" configurationId="sci2.txd2"/>
      <configSetting altId="sci3.mode.simplespi.free" configurationId="sci3.mode"/>
      <configSetting altId="sci3.rxd3.p408" configurationId="sci3.rxd3"/>
      <configSetting altId="sci3.sck3.p410" configurationId="sci3.sck3"/>
      <configSetting altId="sci3.txd3.p409" configurationId="sci3.txd3"/>
      <configSetting altId="sci4.mode.asynchronousuart.free" configurationId="sci4.mode"/>
      <configSetting altId="sci4.rxd4.p715" configurationId="sci4.rxd4"/>
      <configSetting altId="sci4.txd4.p714" configurationId="sci4.txd4"/>
      <configSetting altId="sci9.mode.simplei2c.free" configurationId="sci9.mode"/>
      <configSetting altId="sci9.rxd9.pa15" configurationId="sci9.rxd9"/>
      <configSetting altId="sci9.txd9.pa14" configurationId="sci9.txd9"/>
      <configSetting altId="sdram.a1.p300" configurationId="sdram.a1"/>
      <configSetting altId="sdram.a10.p309" configurationId="sdram.a10"/>
      <configSetting altId="sdram.a11.p310" configurationId="sdram.a11"/>
      <configSetting altId="sdram.a12.p311" configurationId="sdram.a12"/>
      <configSetting altId="sdram.a13.p312" configurationId="sdram.a13"/>
      <configSetting altId="sdram.a14.p905" configurationId="sdram.a14"/>
      <configSetting altId="sdram.a2.p301" configurationId="sdram.a2"/>
      <configSetting altId="sdram.a3.p302" configurationId="sdram.a3"/>
      <configSetting altId="sdram.a4.p303" configurationId="sdram.a4"/>
      <configSetting altId="sdram.a5.p304" configurationId="sdram.a5"/>
      <configSetting altId="sdram.a6.p305" configurationId="sdram.a6"/>
      <configSetting altId="sdram.a7.p306" configurationId="sdram.a7"/>
      <configSetting altId="sdram.a8.p307" configurationId="sdram.a8"/>
      <configSetting altId="sdram.a9.p308" configurationId="sdram.a9"/>
      <configSetting altId="sdram.cas.p909" configurationId="sdram.cas"/>
      <configSetting altId="sdram.cke.p113" configurationId="sdram.cke"/>
      <configSetting altId="sdram.dq0.p601" configurationId="sdram.dq0"/>
      <configSetting altId="sdram.dq1.p602" configurationId="sdram.dq1"/>
      <configSetting altId="sdram.dq10.p611" configurationId="sdram.dq10"/>
      <configSetting altId="sdram.dq11.p612" configurationId="sdram.dq11"/>
      <configSetting altId="sdram.dq12.p613" configurationId="sdram.dq12"/>
      <configSetting altId="sdram.dq13.p614" configurationId="sdram.dq13"/>
      <configSetting altId="sdram.dq14.p615" configurationId="sdram.dq14"/>
      <configSetting altId="sdram.dq15.pa08" configurationId="sdram.dq15"/>
      <configSetting altId="sdram.dq2.p603" configurationId="sdram.dq2"/>
      <configSetting altId="sdram.dq3.p604" configurationId="sdram.dq3"/>
      <configSetting altId="sdram.dq4.p605" configurationId="sdram.dq4"/>
      <configSetting altId="sdram.dq5.p606" configurationId="sdram.dq5"/>
      <configSetting altId="sdram.dq6.p607" configurationId="sdram.dq6"/>
      <configSetting altId="sdram.dq7.pa00" configurationId="sdram.dq7"/>
      <configSetting altId="sdram.dq8.p609" configurationId="sdram.dq8"/>
      <configSetting altId="sdram.dq9.p610" configurationId="sdram.dq9"/>
      <configSetting altId="sdram.dqm0.pa10" configurationId="sdram.dqm0"/>
      <configSetting altId="sdram.dqm1.p112" configurationId="sdram.dqm1"/>
      <configSetting altId="sdram.mode.custom.free" configurationId="sdram.mode"/>
      <configSetting altId="sdram.ras.p908" configurationId="sdram.ras"/>
      <configSetting altId="sdram.sdclk.pa09" configurationId="sdram.sdclk"/>
      <configSetting altId="sdram.sdcs.p115" configurationId="sdram.sdcs"/>
      <configSetting altId="sdram.we.p114" configurationId="sdram.we"/>
      <configSetting altId="spi1.miso1.p100" configurationId="spi1.miso1"/>
      <configSetting altId="spi1.mode.custom.free" configurationId="spi1.mode"/>
      <configSetting altId="spi1.mosi1.p101" configurationId="spi1.mosi1"/>
      <configSetting altId="spi1.rspck1.p102" configurationId="spi1.rspck1"/>
      <configSetting altId="system.mode.custom.free" configurationId="system.mode"/>
      <configSetting altId="usbfs.mode.custom.free" configurationId="usbfs.mode"/>
      <configSetting altId="usbfs.usb_dm.p815" configurationId="usbfs.usb_dm"/>
      <configSetting altId="usbfs.usb_dp.p814" configurationId="usbfs.usb_dp"/>
      <configSetting altId="usbfs.usb_vbus.p407" configurationId="usbfs.usb_vbus"/>
    </pincfg>
  </raPinConfiguration>
</raConfiguration>
