<?xml version="1.0" encoding="UTF-8" standalone="no"?>
<raConfiguration version="9">
  <generalSettings>
    <option key="#Board#" value="board.ra8m1_vk"/>
    <option key="CPU" value="RA8M1"/>
    <option key="Core" value="CM85"/>
    <option key="#TargetName#" value="R7FA8M1AHECFP"/>
    <option key="#TargetARCHITECTURE#" value="cortex-m85"/>
    <option key="#DeviceCommand#" value="R7FA8M1AH"/>
    <option key="#RTOS#" value="_none"/>
    <option key="#pinconfiguration#" value="R7FA2A1AB3CFM.pincfg"/>
    <option key="#FSPVersion#" value="5.3.0"/>
    <option key="#ConfigurationFragments#" value="Renesas##BSP##Board##ra6e1_vk##|Renesas##BSP##Board##ra8m1_voice##"/>
    <option key="#SELECTED_TOOLCHAIN#" value="gcc-arm-embedded"/>
    <option key="#ToolchainVersion#" value="13.2.1.arm-13-7"/>
  </generalSettings>
  <raBspConfiguration>
    <config id="config.bsp.ra8m1.R7FA8M1AHECFP">
      <property id="config.bsp.part_number" value="config.bsp.part_number.value"/>
      <property id="config.bsp.rom_size_bytes" value="config.bsp.rom_size_bytes.value"/>
      <property id="config.bsp.rom_size_bytes_hidden" value="2064384"/>
      <property id="config.bsp.ram_size_bytes" value="config.bsp.ram_size_bytes.value"/>
      <property id="config.bsp.data_flash_size_bytes" value="config.bsp.data_flash_size_bytes.value"/>
      <property id="config.bsp.package_style" value="config.bsp.package_style.value"/>
      <property id="config.bsp.package_pins" value="config.bsp.package_pins.value"/>
      <property id="config.bsp.irq_count_hidden" value="96"/>
    </config>
    <config id="config.bsp.ra8m1">
      <property id="config.bsp.series" value="config.bsp.series.value"/>
    </config>
    <config id="config.bsp.ra8m1.fsp">
      <property id="config.bsp.fsp.inline_irq_functions" value="config.bsp.common.inline_irq_functions.enabled"/>
      <property id="config.bsp.fsp.tz.exception_response" value="config.bsp.fsp.tz.exception_response.nmi"/>
      <property id="config.bsp.fsp.tz.cmsis.bfhfnmins" value="config.bsp.fsp.tz.cmsis.bfhfnmins.secure"/>
      <property id="config.bsp.fsp.tz.cmsis.sysresetreqs" value="config.bsp.fsp.tz.cmsis.sysresetreqs.secure_only"/>
      <property id="config.bsp.fsp.tz.cmsis.s_priority_boost" value="config.bsp.fsp.tz.cmsis.s_priority_boost.disabled"/>
      <property id="config.bsp.fsp.tz.rstsar" value="config.bsp.fsp.tz.rstsar.both"/>
      <property id="config.bsp.fsp.tz.bbfsar" value="config.bsp.fsp.tz.bbfsar.both"/>
      <property id="config.bsp.fsp.tz.sramsar.sramsa0" value="config.bsp.fsp.tz.sramsar.sramsa0.both"/>
      <property id="config.bsp.fsp.tz.sramsar.sramsa1" value="config.bsp.fsp.tz.sramsar.sramsa1.both"/>
      <property id="config.bsp.fsp.tz.sramsar.stbramsa" value="config.bsp.fsp.tz.sramsar.stbramsa.both"/>
      <property id="config.bsp.fsp.tz.bussara" value="config.bsp.fsp.tz.bussara.both"/>
      <property id="config.bsp.fsp.tz.bussarb" value="config.bsp.fsp.tz.bussarb.both"/>
      <property id="config.bsp.fsp.tz.bussarc" value="config.bsp.fsp.tz.bussarc.both"/>
      <property id="config.bsp.fsp.tz.banksel_sel" value="config.bsp.fsp.tz.banksel_sel.both"/>
      <property id="config.bsp.fsp.tz.uninitialized_ns_application_fallback" value="config.bsp.fsp.tz.uninitialized_ns_application_fallback.enabled"/>
      <property id="config.bsp.fsp.OFS0.iwdt_start_mode" value="config.bsp.fsp.OFS0.iwdt_start_mode.disabled"/>
      <property id="config.bsp.fsp.OFS0.iwdt_timeout" value="config.bsp.fsp.OFS0.iwdt_timeout.2048"/>
      <property id="config.bsp.fsp.OFS0.iwdt_divisor" value="config.bsp.fsp.OFS0.iwdt_divisor.128"/>
      <property id="config.bsp.fsp.OFS0.iwdt_window_end" value="config.bsp.fsp.OFS0.iwdt_window_end.0"/>
      <property id="config.bsp.fsp.OFS0.iwdt_window_start" value="config.bsp.fsp.OFS0.iwdt_window_start.100"/>
      <property id="config.bsp.fsp.OFS0.iwdt_reset_interrupt" value="config.bsp.fsp.OFS0.iwdt_reset_interrupt.Reset"/>
      <property id="config.bsp.fsp.OFS0.iwdt_stop_control" value="config.bsp.fsp.OFS0.iwdt_stop_control.stops"/>
      <property id="config.bsp.fsp.OFS0.wdt_start_mode" value="config.bsp.fsp.OFS0.wdt_start_mode.register"/>
      <property id="config.bsp.fsp.OFS0.wdt_timeout" value="config.bsp.fsp.OFS0.wdt_timeout.16384"/>
      <property id="config.bsp.fsp.OFS0.wdt_divisor" value="config.bsp.fsp.OFS0.wdt_divisor.128"/>
      <property id="config.bsp.fsp.OFS0.wdt_window_end" value="config.bsp.fsp.OFS0.wdt_window_end.0"/>
      <property id="config.bsp.fsp.OFS0.wdt_window_start" value="config.bsp.fsp.OFS0.wdt_window_start.100"/>
      <property id="config.bsp.fsp.OFS0.wdt_reset_interrupt" value="config.bsp.fsp.OFS0.wdt_reset_interrupt.Reset"/>
      <property id="config.bsp.fsp.OFS0.wdt_stop_control" value="config.bsp.fsp.OFS0.wdt_stop_control.stops"/>
      <property id="config.bsp.fsp.OFS1_SEL.voltage_detection0_level" value="config.bsp.fsp.OFS1_SEL.voltage_detection0_level.secure"/>
      <property id="config.bsp.fsp.OFS1_SEL.voltage_detection0.start" value="config.bsp.fsp.OFS1_SEL.voltage_detection0.start.secure"/>
      <property id="config.bsp.fsp.OFS1_SEL.voltage_detection0.low_power_consumption" value="config.bsp.fsp.OFS1_SEL.voltage_detection0.low_power_consumption.secure"/>
      <property id="config.bsp.fsp.OFS1_SEL.swdbg" value="config.bsp.fsp.OFS1_SEL.swdbg.secure"/>
      <property id="config.bsp.fsp.OFS1_SEL.initeccen" value="config.bsp.fsp.OFS1_SEL.initeccen.secure"/>
      <property id="config.bsp.fsp.OFS1.voltage_detection0.start" value="config.bsp.fsp.OFS1.voltage_detection0.start.disabled"/>
      <property id="config.bsp.fsp.OFS1.voltage_detection0_level" value="config.bsp.fsp.OFS1.voltage_detection0_level.160"/>
      <property id="config.bsp.fsp.OFS1.voltage_detection0.low_power_consumption" value="config.bsp.fsp.OFS1.voltage_detection0.low_power_consumption.disabled"/>
      <property id="config.bsp.fsp.OFS1.hoco_osc" value="config.bsp.fsp.OFS1.hoco_osc.disabled"/>
      <property id="config.bsp.fsp.OFS1.swdbg" value="config.bsp.fsp.OFS1.swdbg.disabled"/>
      <property id="config.bsp.fsp.OFS1.initeccen" value="config.bsp.fsp.OFS1.initeccen.disabled"/>
      <property id="config.bsp.fsp.OFS2.dcdc" value="config.bsp.fsp.OFS2.dcdc.enabled"/>
      <property id="config.bsp.fsp.BPS.BPS0" value=""/>
      <property id="config.bsp.fsp.BPS.BPS1" value=""/>
      <property id="config.bsp.fsp.BPS.BPS2" value=""/>
      <property id="config.bsp.fsp.BPS.BPS3" value=""/>
      <property id="config.bsp.fsp.PBPS.PBPS0" value=""/>
      <property id="config.bsp.fsp.PBPS.PBPS1" value=""/>
      <property id="config.bsp.fsp.PBPS.PBPS2" value=""/>
      <property id="config.bsp.fsp.PBPS.PBPS3" value=""/>
      <property id="config.bsp.fsp.dual_bank" value="config.bsp.fsp.dual_bank.disabled"/>
      <property id="config.bsp.fsp.FSBLCTRL0.FSBLEN" value="config.bsp.fsp.FSBLCTRL0.FSBLEN.disabled"/>
      <property id="config.bsp.fsp.FSBLCTRL0.FSBLSKIPSW" value="config.bsp.fsp.FSBLCTRL0.FSBLSKIPSW.disabled"/>
      <property id="config.bsp.fsp.FSBLCTRL0.FSBLSKIPDS" value="config.bsp.fsp.FSBLCTRL0.FSBLSKIPDS.disabled"/>
      <property id="config.bsp.fsp.FSBLCTRL0.FSBLCLK" value="config.bsp.fsp.FSBLCTRL0.FSBLCLK.240"/>
      <property id="config.bsp.fsp.FSBLCTRL1.FSBLEXMD" value="config.bsp.fsp.FSBLCTRL1.FSBLEXMD.secure_report"/>
      <property id="config.bsp.fsp.FSBLCTRL2.PORTPN" value="config.bsp.fsp.FSBLCTRL2.PORTPN.15"/>
      <property id="config.bsp.fsp.FSBLCTRL2.PORTGN" value="config.bsp.fsp.FSBLCTRL2.PORTGN.reserved"/>
      <property id="config.bsp.fsp.SACC0" value="0xFFFFFFFF"/>
      <property id="config.bsp.fsp.SACC1" value="0xFFFFFFFF"/>
      <property id="config.bsp.fsp.SAMR" value="0xFFFFFFFF"/>
      <property id="config.bsp.fsp.hoco_fll" value="config.bsp.fsp.hoco_fll.disabled"/>
      <property id="config.bsp.fsp.clock_settling_delay" value="config.bsp.fsp.clock_settling_delay.enabled"/>
      <property id="config.bsp.fsp.sleep_mode_delays" value="config.bsp.fsp.sleep_mode_delays.enabled"/>
      <property id="config.bsp.fsp.rtos_idle_sleep" value="config.bsp.fsp.rtos_idle_sleep.disabled"/>
      <property id="config.bsp.fsp.mstp_change_delays" value="config.bsp.fsp.mstp_change_delays.enabled"/>
      <property id="config.bsp.fsp.settling_delay_us" value="150"/>
      <property id="config.bsp.common.main_osc_wait" value="config.bsp.common.main_osc_wait.wait_8163"/>
      <property id="config.bsp.fsp.mcu.adc.max_freq_hz" value="60000000"/>
      <property id="config.bsp.fsp.mcu.sci_b_uart.max_baud" value="20000000"/>
      <property id="config.bsp.fsp.mcu.sci_b_uart.ctspen_channels" value="0x021F"/>
      <property id="config.bsp.fsp.mcu.adc.sample_and_hold" value="1"/>
      <property id="config.bsp.fsp.mcu.sci_spi.max_bitrate" value="30000000"/>
      <property id="config.bsp.fsp.mcu.spi.max_bitrate" value="60000000"/>
      <property id="config.bsp.fsp.mcu.iic_master.rate.rate_fastplus" value="1"/>
      <property id="config.bsp.fsp.mcu.iic_master.fastplus_channels" value="0x3"/>
      <property id="config.bsp.fsp.mcu.iic_slave.rate.rate_fastplus" value="1"/>
      <property id="config.bsp.fsp.mcu.iic_slave.fastplus_channels" value="0x3"/>
      <property id="config.bsp.fsp.mcu.gpt.pin_count_source_channels" value="0xFF0F"/>
      <property id="config.bsp.fsp.mcu.canfd.num_channels" value="2"/>
      <property id="config.bsp.fsp.mcu.canfd.rx_fifos" value="2"/>
      <property id="config.bsp.fsp.mcu.canfd.buffer_ram" value="1216"/>
      <property id="config.bsp.fsp.mcu.canfd.afl_rules" value="32"/>
      <property id="config.bsp.fsp.mcu.canfd.afl_rules_each_chnl" value="16"/>
      <property id="config.bsp.fsp.mcu.canfd.max_data_rate_hz" value="8"/>
      <property id="config.bsp.fsp.mcu.adc_dmac.samples_per_channel" value="32767"/>
      <property id="config.bsp.fsp.mcu.sci_b_lin.max_baud" value="7500000"/>
      <property id="config.bsp.fsp.dcache" value="config.bsp.fsp.dcache.disabled"/>
    </config>
    <config id="config.bsp.ra">
      <property id="config.bsp.common.main" value="0x400"/>
      <property id="config.bsp.common.heap" value="0"/>
      <property id="config.bsp.common.vcc" value="3300"/>
      <property id="config.bsp.common.checking" value="config.bsp.common.checking.disabled"/>
      <property id="config.bsp.common.assert" value="config.bsp.common.assert.none"/>
      <property id="config.bsp.common.error_log" value="config.bsp.common.error_log.none"/>
      <property id="config.bsp.common.soft_reset" value="config.bsp.common.soft_reset.disabled"/>
      <property id="config.bsp.common.main_osc_populated" value="config.bsp.common.main_osc_populated.enabled"/>
      <property id="config.bsp.common.pfs_protect" value="config.bsp.common.pfs_protect.enabled"/>
      <property id="config.bsp.common.c_runtime_init" value="config.bsp.common.c_runtime_init.enabled"/>
      <property id="config.bsp.common.early_init" value="config.bsp.common.early_init.disabled"/>
      <property id="config.bsp.common.main_osc_clock_source" value="config.bsp.common.main_osc_clock_source.crystal"/>
      <property id="config.bsp.common.subclock_populated" value="config.bsp.common.subclock_populated.disabled"/>
      <property id="config.bsp.common.subclock_drive" value="config.bsp.common.subclock_drive.standard"/>
      <property id="config.bsp.common.subclock_stabilization_ms" value="1000"/>
    </config>
  </raBspConfiguration>
  <raClockConfiguration>
    <node id="board.clock.xtal.freq" mul="24000000" option="_edit"/>
    <node id="board.clock.hoco.freq" option="board.clock.hoco.freq.48m"/>
    <node id="board.clock.loco.freq" option="board.clock.loco.freq.32768"/>
    <node id="board.clock.moco.freq" option="board.clock.moco.freq.8m"/>
    <node id="board.clock.subclk.freq" option="board.clock.subclk.freq.32768"/>
    <node id="board.clock.pll.source" option="board.clock.pll.source.xtal"/>
    <node id="board.clock.pll.div" option="board.clock.pll.div.2"/>
    <node id="board.clock.pll.mul" option="board.clock.pll.mul.80_00"/>
    <node id="board.clock.pll.display" option="board.clock.pll.display.value"/>
    <node id="board.clock.pll1p.div" option="board.clock.pll1p.div.2"/>
    <node id="board.clock.pll1p.display" option="board.clock.pll1p.display.value"/>
    <node id="board.clock.pll1q.div" option="board.clock.pll1q.div.2"/>
    <node id="board.clock.pll1q.display" option="board.clock.pll1q.display.value"/>
    <node id="board.clock.pll1r.div" option="board.clock.pll1r.div.2"/>
    <node id="board.clock.pll1r.display" option="board.clock.pll1r.display.value"/>
    <node id="board.clock.pll2.source" option="board.clock.pll2.source.disabled"/>
    <node id="board.clock.pll2.div" option="board.clock.pll2.div.2"/>
    <node id="board.clock.pll2.mul" option="board.clock.pll2.mul.96_00"/>
    <node id="board.clock.pll2.display" option="board.clock.pll2.display.value"/>
    <node id="board.clock.pll2p.div" option="board.clock.pll2p.div.2"/>
    <node id="board.clock.pll2p.display" option="board.clock.pll2p.display.value"/>
    <node id="board.clock.pll2q.div" option="board.clock.pll2q.div.2"/>
    <node id="board.clock.pll2q.display" option="board.clock.pll2q.display.value"/>
    <node id="board.clock.pll2r.div" option="board.clock.pll2r.div.2"/>
    <node id="board.clock.pll2r.display" option="board.clock.pll2r.display.value"/>
    <node id="board.clock.clock.source" option="board.clock.clock.source.pll1p"/>
    <node id="board.clock.clkout.source" option="board.clock.clkout.source.disabled"/>
    <node id="board.clock.sciclk.source" option="board.clock.sciclk.source.pll1p"/>
    <node id="board.clock.spiclk.source" option="board.clock.spiclk.source.pll1p"/>
    <node id="board.clock.canfdclk.source" option="board.clock.canfdclk.source.disabled"/>
    <node id="board.clock.i3cclk.source" option="board.clock.i3cclk.source.disabled"/>
    <node id="board.clock.uck.source" option="board.clock.uck.source.disabled"/>
    <node id="board.clock.u60ck.source" option="board.clock.u60ck.source.disabled"/>
    <node id="board.clock.octaspiclk.source" option="board.clock.octaspiclk.source.pll1p"/>
    <node id="board.clock.cpuclk.div" option="board.clock.cpuclk.div.2"/>
    <node id="board.clock.iclk.div" option="board.clock.iclk.div.2"/>
    <node id="board.clock.pclka.div" option="board.clock.pclka.div.4"/>
    <node id="board.clock.pclkb.div" option="board.clock.pclkb.div.8"/>
    <node id="board.clock.pclkc.div" option="board.clock.pclkc.div.8"/>
    <node id="board.clock.pclkd.div" option="board.clock.pclkd.div.4"/>
    <node id="board.clock.pclke.div" option="board.clock.pclke.div.2"/>
    <node id="board.clock.sdclkout.enable" option="board.clock.sdclkout.enable.enabled"/>
    <node id="board.clock.bclk.div" option="board.clock.bclk.div.4"/>
    <node id="board.clock.bclkout.div" option="board.clock.bclkout.div.2"/>
    <node id="board.clock.fclk.div" option="board.clock.fclk.div.8"/>
    <node id="board.clock.clkout.div" option="board.clock.clkout.div.1"/>
    <node id="board.clock.sciclk.div" option="board.clock.sciclk.div.4"/>
    <node id="board.clock.spiclk.div" option="board.clock.spiclk.div.4"/>
    <node id="board.clock.canfdclk.div" option="board.clock.canfdclk.div.8"/>
    <node id="board.clock.i3cclk.div" option="board.clock.i3cclk.div.3"/>
    <node id="board.clock.uck.div" option="board.clock.uck.div.5"/>
    <node id="board.clock.u60ck.div" option="board.clock.u60ck.div.5"/>
    <node id="board.clock.octaspiclk.div" option="board.clock.octaspiclk.div.4"/>
    <node id="board.clock.cpuclk.display" option="board.clock.cpuclk.display.value"/>
    <node id="board.clock.iclk.display" option="board.clock.iclk.display.value"/>
    <node id="board.clock.pclka.display" option="board.clock.pclka.display.value"/>
    <node id="board.clock.pclkb.display" option="board.clock.pclkb.display.value"/>
    <node id="board.clock.pclkc.display" option="board.clock.pclkc.display.value"/>
    <node id="board.clock.pclkd.display" option="board.clock.pclkd.display.value"/>
    <node id="board.clock.pclke.display" option="board.clock.pclke.display.value"/>
    <node id="board.clock.sdclkout.display" option="board.clock.sdclkout.display.value"/>
    <node id="board.clock.bclk.display" option="board.clock.bclk.display.value"/>
    <node id="board.clock.bclkout.display" option="board.clock.bclkout.display.value"/>
    <node id="board.clock.fclk.display" option="board.clock.fclk.display.value"/>
    <node id="board.clock.clkout.display" option="board.clock.clkout.display.value"/>
    <node id="board.clock.sciclk.display" option="board.clock.sciclk.display.value"/>
    <node id="board.clock.spiclk.display" option="board.clock.spiclk.display.value"/>
    <node id="board.clock.canfdclk.display" option="board.clock.canfdclk.display.value"/>
    <node id="board.clock.i3cclk.display" option="board.clock.i3cclk.display.value"/>
    <node id="board.clock.uck.display" option="board.clock.uck.display.value"/>
    <node id="board.clock.u60ck.display" option="board.clock.u60ck.display.value"/>
    <node id="board.clock.octaspiclk.display" option="board.clock.octaspiclk.display.value"/>
  </raClockConfiguration>
  <raComponentSelection>
    <component apiversion="" class="BSP" condition="" group="Board" subgroup="ra8m1_vk" variant="" vendor="Renesas" version="5.3.0">
      <description>RA8M1-VOICE Board Support Files</description>
      <originalPack>Renesas.RA_board_ra8m1_vk.5.3.0.pack</originalPack>
    </component>
    <component apiversion="" class="BSP" condition="" group="ra8m1" subgroup="device" variant="R7FA8M1AHECFP" vendor="Renesas" version="5.3.0">
      <description>Board support package for R7FA8M1AHECFP</description>
      <originalPack>Renesas.RA_mcu_ra8m1.5.3.0.pack</originalPack>
    </component>
    <component apiversion="" class="BSP" condition="" group="ra8m1" subgroup="device" variant="" vendor="Renesas" version="5.3.0">
      <description>Board support package for RA8M1</description>
      <originalPack>Renesas.RA_mcu_ra8m1.5.3.0.pack</originalPack>
    </component>
    <component apiversion="" class="BSP" condition="" group="ra8m1" subgroup="fsp" variant="" vendor="Renesas" version="5.3.0">
      <description>Board support package for RA8M1 - FSP Data</description>
      <originalPack>Renesas.RA_mcu_ra8m1.5.3.0.pack</originalPack>
    </component>
    <component apiversion="" class="BSP" condition="" group="ra8m1" subgroup="events" variant="" vendor="Renesas" version="5.3.0">
      <description>Board support package for RA8M1 - Events</description>
      <originalPack>Renesas.RA_mcu_ra8m1.5.3.0.pack</originalPack>
    </component>
    <component apiversion="" class="Common" condition="" group="all" subgroup="fsp_common" variant="" vendor="Renesas" version="5.3.0">
      <description>Board Support Package Common Files</description>
      <originalPack>Renesas.RA.5.3.0.pack</originalPack>
    </component>
    <component apiversion="" class="HAL Drivers" condition="" group="all" subgroup="r_adc" variant="" vendor="Renesas" version="5.3.0">
      <description>A/D Converter</description>
      <originalPack>Renesas.RA.5.3.0.pack</originalPack>
    </component>
    <component apiversion="" class="HAL Drivers" condition="" group="all" subgroup="r_dmac" variant="" vendor="Renesas" version="5.3.0">
      <description>Direct Memory Access Controller</description>
      <originalPack>Renesas.RA.5.3.0.pack</originalPack>
    </component>
    <component apiversion="" class="HAL Drivers" condition="" group="all" subgroup="r_elc" variant="" vendor="Renesas" version="5.3.0">
      <description>Event Link Controller</description>
      <originalPack>Renesas.RA.5.3.0.pack</originalPack>
    </component>
    <component apiversion="" class="HAL Drivers" condition="" group="all" subgroup="r_gpt" variant="" vendor="Renesas" version="5.3.0">
      <description>General PWM Timer</description>
      <originalPack>Renesas.RA.5.3.0.pack</originalPack>
    </component>
    <component apiversion="" class="HAL Drivers" condition="" group="all" subgroup="r_ioport" variant="" vendor="Renesas" version="5.3.0">
      <description>I/O Port</description>
      <originalPack>Renesas.RA.5.3.0.pack</originalPack>
    </component>
    <component apiversion="" class="CMSIS" condition="" group="CMSIS5" subgroup="CoreM" variant="" vendor="Arm" version="5.9.0+renesas.1.fsp.5.3.0">
      <description>Arm CMSIS Version 5 - Core (M)</description>
      <originalPack>Arm.CMSIS5.5.9.0+renesas.1.fsp.5.3.0.pack</originalPack>
    </component>
  </raComponentSelection>
  <raElcConfiguration/>
  <raIcuConfiguration/>
  <raModuleConfiguration>
    <module id="module.driver.ioport_on_ioport.0">
      <property id="module.driver.ioport.name" value="g_ioport"/>
      <property id="module.driver.ioport.elc_trigger_ioport1" value="_disabled"/>
      <property id="module.driver.ioport.elc_trigger_ioport2" value="_disabled"/>
      <property id="module.driver.ioport.elc_trigger_ioport3" value="_disabled"/>
      <property id="module.driver.ioport.elc_trigger_ioport4" value="_disabled"/>
      <property id="module.driver.ioport.pincfg" value="g_bsp_pin_cfg"/>
    </module>
    <module id="module.driver.timer_on_gpt.719123377">
      <property id="module.driver.timer.name" value="g_timer0"/>
      <property id="module.driver.timer.channel" value="2"/>
      <property id="module.driver.timer.mode" value="module.driver.timer.mode.mode_periodic"/>
      <property id="module.driver.timer.period" value="16000"/>
      <property id="module.driver.timer.compare_match.a.status" value="module.driver.timer.compare_match.a.status.disabled"/>
      <property id="module.driver.timer.compare_match.a.value" value="0"/>
      <property id="module.driver.timer.compare_match.b.status" value="module.driver.timer.compare_match.b.status.disabled"/>
      <property id="module.driver.timer.compare_match.b.value" value="0"/>
      <property id="module.driver.timer.unit" value="module.driver.timer.unit.unit_frequency_hz"/>
      <property id="module.driver.timer.gtior.gtioa.initial_output_level" value="module.driver.timer.gtior.gtioa.initial_output_level.low"/>
      <property id="module.driver.timer.gtior.gtioa.cycle_end_output_level" value="module.driver.timer.gtior.gtioa.cycle_end_output_level.retain"/>
      <property id="module.driver.timer.gtior.gtioa.compare_match_output_level" value="module.driver.timer.gtior.gtioa.compare_match_output_level.retain"/>
      <property id="module.driver.timer.gtior.gtioa.count_stop_retain" value="module.driver.timer.gtior.gtioa.count_stop_retain.disabled"/>
      <property id="module.driver.timer.gtior.gtiob.initial_output_level" value="module.driver.timer.gtior.gtiob.initial_output_level.low"/>
      <property id="module.driver.timer.gtior.gtiob.cycle_end_output_level" value="module.driver.timer.gtior.gtiob.cycle_end_output_level.retain"/>
      <property id="module.driver.timer.gtior.gtiob.compare_match_output_level" value="module.driver.timer.gtior.gtiob.compare_match_output_level.retain"/>
      <property id="module.driver.timer.gtior.gtiob.count_stop_retain" value="module.driver.timer.gtior.gtiob.count_stop_retain.disabled"/>
      <property id="module.driver.timer.gtior.custom_waveform_enable" value="module.driver.timer.gtior.custom_waveform_enable.disabled"/>
      <property id="module.driver.timer.duty_cycle" value="50"/>
      <property id="module.driver.timer.gtioca_output_enabled" value="module.driver.timer.gtioca_output_enabled.false"/>
      <property id="module.driver.timer.gtioca_stop_level" value="module.driver.timer.gtioca_stop_level.pin_level_low"/>
      <property id="module.driver.timer.gtiocb_output_enabled" value="module.driver.timer.gtiocb_output_enabled.false"/>
      <property id="module.driver.timer.gtiocb_stop_level" value="module.driver.timer.gtiocb_stop_level.pin_level_low"/>
      <property id="module.driver.timer.count_up_source" value=""/>
      <property id="module.driver.timer.count_down_source" value=""/>
      <property id="module.driver.timer.start_source" value=""/>
      <property id="module.driver.timer.stop_source" value=""/>
      <property id="module.driver.timer.clear_source" value=""/>
      <property id="module.driver.timer.capture_a_source" value=""/>
      <property id="module.driver.timer.capture_b_source" value=""/>
      <property id="module.driver.timer.gtioca_filter" value="module.driver.timer.gtioc_filter.gtioc_filter_none"/>
      <property id="module.driver.timer.gtiocb_filter" value="module.driver.timer.gtioc_filter.gtioc_filter_none"/>
      <property id="module.driver.timer.p_callback" value="NULL"/>
      <property id="module.driver.timer.ipl" value="_disabled"/>
      <property id="module.driver.timer.capture_a_ipl" value="_disabled"/>
      <property id="module.driver.timer.capture_b_ipl" value="_disabled"/>
      <property id="module.driver.timer.trough_ipl" value="_disabled"/>
      <property id="module.driver.timer.extra" value="module.driver.timer.extra.disabled"/>
      <property id="module.driver.timer.poeg_link" value="module.driver.timer.poeg_link.poeg_link_poeg0"/>
      <property id="module.driver.timer.output_disable" value=""/>
      <property id="module.driver.timer.adc_trigger" value=""/>
      <property id="module.driver.timer.adc_a_compare_match" value="0"/>
      <property id="module.driver.timer.adc_b_compare_match" value="0"/>
      <property id="module.driver.timer.dead_time_count_up" value="0"/>
      <property id="module.driver.timer.dead_time_count_down" value="0"/>
      <property id="module.driver.timer.interrupt_skip.source" value="module.driver.timer.interrupt_skip.source.none"/>
      <property id="module.driver.timer.interrupt_skip.count" value="module.driver.timer.interrupt_skip.count.count_0"/>
      <property id="module.driver.timer.interrupt_skip.adc" value="module.driver.timer.interrupt_skip.adc.none"/>
      <property id="module.driver.timer.gtioca_disable_setting" value="module.driver.timer.gtioca_disable_setting.gtioc_disable_prohibited"/>
      <property id="module.driver.timer.gtiocb_disable_setting" value="module.driver.timer.gtiocb_disable_setting.gtioc_disable_prohibited"/>
    </module>
    <module id="module.driver.adc_on_adc.1257441989">
      <property id="module.driver.adc.name" value="g_adc0"/>
      <property id="module.driver.adc.unit" value="0"/>
      <property id="module.driver.adc.resolution" value="module.driver.adc.resolution.resolution_12_bit"/>
      <property id="module.driver.adc.alignment" value="module.driver.adc.alignment.alignment_right"/>
      <property id="module.driver.adc.clearing" value="module.driver.adc.clearing.clear_after_read_on"/>
      <property id="module.driver.adc.mode" value="module.driver.adc.mode.mode_single_scan"/>
      <property id="module.driver.adc.mode.dt" value="module.driver.adc.mode.dt.disabled"/>
      <property id="module.driver.adc.scan_mask" value="module.driver.adc.scan_mask.channel_0"/>
      <property id="module.driver.adc.scan_mask_group_b" value=""/>
      <property id="module.driver.adc.trigger" value="_signal.event.gpt2.counter.overflow"/>
      <property id="module.driver.adc.trigger_group_b" value="_disabled"/>
      <property id="module.driver.adc.priority_group_a" value="module.driver.adc.priority_group_a.group_a_priority_off"/>
      <property id="module.driver.adc.add_average_count" value="module.driver.adc.add_average_count.add_off"/>
      <property id="module.driver.adc.adc_vref_control" value="module.driver.adc.adc_vref_control.vrefh"/>
      <property id="module.driver.adc.add_mask" value=""/>
      <property id="module.driver.adc.sample_hold_mask" value=""/>
      <property id="module.driver.adc.sample_hold_states" value="24"/>
      <property id="module.driver.adc.compare.window_mode" value="module.driver.adc.compare.window_mode.disabled"/>
      <property id="module.driver.adc.compare.event_mode" value="module.driver.adc.compare.event_mode.or"/>
      <property id="module.driver.adc.compare.window_a.enable" value="module.driver.adc.compare.window_a.enable.disabled"/>
      <property id="module.driver.adc.compare.window_a.channels" value=""/>
      <property id="module.driver.adc.compare.window_a.channel_mode" value=""/>
      <property id="module.driver.adc.compare.window_a.ref_lower" value="0"/>
      <property id="module.driver.adc.compare.window_a.ref_upper" value="0"/>
      <property id="module.driver.adc.compare.window_b.enable" value="module.driver.adc.compare.window_b.enable.disabled"/>
      <property id="module.driver.adc.compare.window_b.channel" value="module.driver.adc.compare.window_b.channel.channel_0"/>
      <property id="module.driver.adc.compare.window_b.mode" value="module.driver.adc.compare.window_b.mode"/>
      <property id="module.driver.adc.compare.window_b.ref_lower" value="0"/>
      <property id="module.driver.adc.compare.window_b.ref_upper" value="0"/>
      <property id="module.driver.adc.p_callback" value="NULL"/>
      <property id="module.driver.adc.scan_end_ipl" value="_disabled"/>
      <property id="module.driver.adc.scan_end_b_ipl" value="_disabled"/>
      <property id="module.driver.adc.window_a_ipl" value="_disabled"/>
      <property id="module.driver.adc.window_b_ipl" value="_disabled"/>
      <property id="module.driver.adc.adbuf" value="module.driver.adc.adbuf.disabled"/>
    </module>
    <module id="module.driver.elc_on_elc.1054378668">
      <property id="module.driver.elc.name" value="g_elc"/>
    </module>
    <module id="module.driver.transfer_on_dmac.955820657">
      <property id="module.driver.transfer.name" value="g_transfer0"/>
      <property id="module.driver.transfer.channel" value="0"/>
      <property id="module.driver.transfer.mode" value="module.driver.transfer.mode.mode_normal"/>
      <property id="module.driver.transfer.size" value="module.driver.transfer.size.size_4_byte"/>
      <property id="module.driver.transfer.dest_addr_mode" value="module.driver.transfer.dest_addr_mode.addr_mode_incremented"/>
      <property id="module.driver.transfer.src_addr_mode" value="module.driver.transfer.src_addr_mode.addr_mode_fixed"/>
      <property id="module.driver.transfer.repeat_area" value="module.driver.transfer.repeat_area.repeat_area_source"/>
      <property id="module.driver.transfer.length" value="1"/>
      <property id="module.driver.transfer.num_blocks" value="0"/>
      <property id="module.driver.transfer.activation_event" value="_signal.event.adc0.scan.end"/>
      <property id="module.driver.transfer.p_callback" value="g_transfer0_cb"/>
      <property id="module.driver.transfer.ipl" value="board.icu.common.irq.priority11"/>
      <property id="module.driver.transfer.interrupt" value="module.driver.transfer.interrupt.interrupt_end"/>
      <property id="module.driver.transfer.offset" value="1"/>
      <property id="module.driver.transfer.src.buffer" value="1"/>
    </module>
    <context id="_hal.0">
      <stack module="module.driver.ioport_on_ioport.0"/>
      <stack module="module.driver.timer_on_gpt.719123377"/>
      <stack module="module.driver.adc_on_adc.1257441989"/>
      <stack module="module.driver.elc_on_elc.1054378668"/>
      <stack module="module.driver.transfer_on_dmac.955820657"/>
    </context>
    <config id="config.driver.adc">
      <property id="config.driver.adc.param_checking_enable" value="config.driver.adc.param_checking_enable.bsp"/>
    </config>
    <config id="config.driver.elc">
      <property id="config.driver.elc.checking" value="config.driver.elc.checking.system"/>
    </config>
    <config id="config.driver.dmac">
      <property id="config.driver.dmac.param_checking_enable" value="config.driver.dmac.param_checking_enable.bsp"/>
    </config>
    <config id="config.driver.gpt">
      <property id="config.driver.gpt.param_checking_enable" value="config.driver.gpt.param_checking_enable.bsp"/>
      <property id="config.driver.gpt.output_support_enable" value="config.driver.gpt.output_support_enable.disabled"/>
      <property id="config.driver.gpt.write_protect_enable" value="config.driver.gpt.write_protect_enable.disabled"/>
    </config>
    <config id="config.driver.ioport">
      <property id="config.driver.ioport.checking" value="config.driver.ioport.checking.system"/>
    </config>
  </raModuleConfiguration>
  <raPinConfiguration>
    <symbolicName propertyId="p404.symbolic_name" value="LED_RED"/>
    <symbolicName propertyId="p405.symbolic_name" value="LED_GREEN"/>
    <symbolicName propertyId="p406.symbolic_name" value="LED_BLUE"/>
    <symbolicName propertyId="p600.symbolic_name" value="DA7218_EN"/>
    <comment propertyId="p004.comment" value="Right AMIC"/>
    <comment propertyId="p005.comment" value="Left AMIC"/>
    <comment propertyId="p014.comment" value="DA0"/>
    <comment propertyId="p205.comment" value="Audio Codec SCL"/>
    <comment propertyId="p206.comment" value="Audio Codec SDA"/>
    <comment propertyId="p400.comment" value="USER SW1"/>
    <comment propertyId="p408.comment" value="PMOD MISO/RXD"/>
    <comment propertyId="p409.comment" value="PMOD MOSI/TXD"/>
    <comment propertyId="p410.comment" value="PMOD SCK"/>
    <comment propertyId="p411.comment" value="PMOD SS"/>
    <comment propertyId="p412.comment" value="PMOD GPIO3"/>
    <comment propertyId="p413.comment" value="PMOD GPIO2"/>
    <comment propertyId="p414.comment" value="PMOD GPIO1"/>
    <comment propertyId="p415.comment" value="PMOD IRQ8"/>
    <comment propertyId="p600.comment" value="DA7218#"/>
    <comment propertyId="p609.comment" value="VCOM RXD"/>
    <comment propertyId="p610.comment" value="VCOM TXD"/>
    <pincfg active="true" name="R7FA2A1AB3CFM.pincfg" selected="true" symbol="g_bsp_pin_cfg">
      <configSetting altId="adc0.an000.p004" configurationId="adc0.an000"/>
      <configSetting altId="adc0.an001.p005" configurationId="adc0.an001"/>
      <configSetting altId="adc0.mode.custom.free" configurationId="adc0.mode"/>
      <configSetting altId="gpt2.mode.gtiocaorgtiocb.free" configurationId="gpt2.mode"/>
      <configSetting altId="p004.adc0.an000" configurationId="p004"/>
      <configSetting altId="p004.gpio_mode.gpio_mode_an" configurationId="p004.gpio_mode"/>
      <configSetting altId="p005.adc0.an001" configurationId="p005"/>
      <configSetting altId="p005.gpio_mode.gpio_mode_an" configurationId="p005.gpio_mode"/>
    </pincfg>
    <pincfg active="false" name="R7FA6E10F2CFM.pincfg" selected="false" symbol="">
      <configSetting altId="jtag_fslash_swd.mode.jtag.free" configurationId="jtag_fslash_swd.mode"/>
    </pincfg>
    <pincfg active="false" name="VOICE_RA6E1_2DMIC.pincfg" selected="false" symbol="">
      <configSetting altId="adc0.mode.custom.free" configurationId="adc0.mode"/>
      <configSetting altId="agt1.mode.custom.free" configurationId="agt1.mode"/>
      <configSetting altId="dac120.da0.p014" configurationId="dac120.da0"/>
      <configSetting altId="dac120.mode.enabled.free" configurationId="dac120.mode"/>
      <configSetting altId="gpt1.gtioc1a.p105" configurationId="gpt1.gtioc1a"/>
      <configSetting altId="gpt1.mode.gtiocaorgtiocb.free" configurationId="gpt1.mode"/>
      <configSetting altId="gpt2.gtioc2a.p113" configurationId="gpt2.gtioc2a"/>
      <configSetting altId="gpt2.mode.gtiocaorgtiocb.free" configurationId="gpt2.mode"/>
      <configSetting altId="gpt4.gtioc4b.p301" configurationId="gpt4.gtioc4b"/>
      <configSetting altId="gpt4.mode.gtiocaorgtiocb.free" configurationId="gpt4.mode"/>
      <configSetting altId="gpt6.gtioc6a.p400" configurationId="gpt6.gtioc6a"/>
      <configSetting altId="gpt6.mode.gtiocaorgtiocb.free" configurationId="gpt6.mode"/>
      <configSetting altId="jtag_fslash_swd.mode.swd.free" configurationId="jtag_fslash_swd.mode"/>
      <configSetting altId="p014.dac120.da0" configurationId="p014"/>
      <configSetting altId="p014.gpio_mode.gpio_mode_an" configurationId="p014.gpio_mode"/>
      <configSetting altId="p100.spi1.miso1" configurationId="p100"/>
      <configSetting altId="p100.gpio_speed.gpio_speed_m" configurationId="p100.gpio_drivecapacity"/>
      <configSetting altId="p100.gpio_mode.gpio_mode_peripheral" configurationId="p100.gpio_mode"/>
      <configSetting altId="p101.spi1.mosi1" configurationId="p101"/>
      <configSetting altId="p101.gpio_speed.gpio_speed_m" configurationId="p101.gpio_drivecapacity"/>
      <configSetting altId="p101.gpio_mode.gpio_mode_peripheral" configurationId="p101.gpio_mode"/>
      <configSetting altId="p102.spi1.rspck1" configurationId="p102"/>
      <configSetting altId="p102.gpio_mode.gpio_mode_peripheral" configurationId="p102.gpio_mode"/>
      <configSetting altId="p103.spi1.sslb0" configurationId="p103"/>
      <configSetting altId="p103.gpio_speed.gpio_speed_m" configurationId="p103.gpio_drivecapacity"/>
      <configSetting altId="p103.gpio_mode.gpio_mode_peripheral" configurationId="p103.gpio_mode"/>
      <configSetting altId="p105.gpt1.gtioc1a" configurationId="p105"/>
      <configSetting altId="p105.gpio_mode.gpio_mode_peripheral" configurationId="p105.gpio_mode"/>
      <configSetting altId="p112.output.high" configurationId="p112"/>
      <configSetting altId="p112.gpio_mode.gpio_mode_out.high" configurationId="p112.gpio_mode"/>
      <configSetting altId="p113.gpt2.gtioc2a" configurationId="p113"/>
      <configSetting altId="p113.gpio_mode.gpio_mode_peripheral" configurationId="p113.gpio_mode"/>
      <configSetting altId="p206.sci4.rxd4" configurationId="p206"/>
      <configSetting altId="p206.gpio_mode.gpio_mode_peripheral" configurationId="p206.gpio_mode"/>
      <configSetting altId="p208.input" configurationId="p208"/>
      <configSetting altId="p208.gpio_mode.gpio_mode_in" configurationId="p208.gpio_mode"/>
      <configSetting altId="p301.gpt4.gtioc4b" configurationId="p301"/>
      <configSetting altId="p301.gpio_mode.gpio_mode_peripheral" configurationId="p301.gpio_mode"/>
      <configSetting altId="p303.input" configurationId="p303"/>
      <configSetting altId="p303.gpio_mode.gpio_mode_in" configurationId="p303.gpio_mode"/>
      <configSetting altId="p304.input" configurationId="p304"/>
      <configSetting altId="p304.gpio_mode.gpio_mode_in" configurationId="p304.gpio_mode"/>
      <configSetting altId="p400.gpt6.gtioc6a" configurationId="p400"/>
      <configSetting altId="p400.gpio_mode.gpio_mode_peripheral" configurationId="p400.gpio_mode"/>
      <configSetting altId="p407.usbfs.usb_vbus" configurationId="p407"/>
      <configSetting altId="p407.gpio_mode.gpio_mode_peripheral" configurationId="p407.gpio_mode"/>
      <configSetting altId="p408.sci3.rxd3" configurationId="p408"/>
      <configSetting altId="p408.gpio_mode.gpio_mode_peripheral" configurationId="p408.gpio_mode"/>
      <configSetting altId="p409.sci3.txd3" configurationId="p409"/>
      <configSetting altId="p409.gpio_mode.gpio_mode_peripheral" configurationId="p409.gpio_mode"/>
      <configSetting altId="p410.sci3.sck3" configurationId="p410"/>
      <configSetting altId="p410.gpio_mode.gpio_mode_peripheral" configurationId="p410.gpio_mode"/>
      <configSetting altId="p411.sci3.cts_rts3" configurationId="p411"/>
      <configSetting altId="p411.gpio_mode.gpio_mode_peripheral" configurationId="p411.gpio_mode"/>
      <configSetting altId="sci3.cts_rts3.p411" configurationId="sci3.cts_rts3"/>
      <configSetting altId="sci3.mode.simplespi.free" configurationId="sci3.mode"/>
      <configSetting altId="sci3.rxd3.p408" configurationId="sci3.rxd3"/>
      <configSetting altId="sci3.sck3.p410" configurationId="sci3.sck3"/>
      <configSetting altId="sci3.txd3.p409" configurationId="sci3.txd3"/>
      <configSetting altId="sci4.mode.asynchronousuart.free" configurationId="sci4.mode"/>
      <configSetting altId="sci4.rxd4.p206" configurationId="sci4.rxd4"/>
      <configSetting altId="spi1.miso1.p100" configurationId="spi1.miso1"/>
      <configSetting altId="spi1.mosi1.p101" configurationId="spi1.mosi1"/>
      <configSetting altId="spi1.rspck1.p102" configurationId="spi1.rspck1"/>
      <configSetting altId="spi1.sslb0.p103" configurationId="spi1.sslb0"/>
      <configSetting altId="usbfs.mode.custom.free" configurationId="usbfs.mode"/>
      <configSetting altId="usbfs.usb_vbus.p407" configurationId="usbfs.usb_vbus"/>
    </pincfg>
    <pincfg active="false" name="VOICE_RA6E1_QSPI.pincfg" selected="false" symbol="">
      <configSetting altId="adc0.mode.custom.free" configurationId="adc0.mode"/>
      <configSetting altId="agt1.mode.custom.free" configurationId="agt1.mode"/>
      <configSetting altId="dac120.da0.p014" configurationId="dac120.da0"/>
      <configSetting altId="dac120.mode.enabled.free" configurationId="dac120.mode"/>
      <configSetting altId="gpt1.gtioc1a.p105" configurationId="gpt1.gtioc1a"/>
      <configSetting altId="gpt1.mode.gtiocaorgtiocb.free" configurationId="gpt1.mode"/>
      <configSetting altId="gpt2.mode.gtiocaorgtiocb.free" configurationId="gpt2.mode"/>
      <configSetting altId="gpt4.gtioc4b.p301" configurationId="gpt4.gtioc4b"/>
      <configSetting altId="gpt4.mode.gtiocaorgtiocb.free" configurationId="gpt4.mode"/>
      <configSetting altId="gpt6.mode.gtiocaorgtiocb.free" configurationId="gpt6.mode"/>
      <configSetting altId="jtag_fslash_swd.mode.swd.free" configurationId="jtag_fslash_swd.mode"/>
      <configSetting altId="p014.dac120.da0" configurationId="p014"/>
      <configSetting altId="p014.gpio_mode.gpio_mode_an" configurationId="p014.gpio_mode"/>
      <configSetting altId="p105.gpt1.gtioc1a" configurationId="p105"/>
      <configSetting altId="p105.gpio_mode.gpio_mode_peripheral" configurationId="p105.gpio_mode"/>
      <configSetting altId="p113.output.high" configurationId="p113"/>
      <configSetting altId="p113.gpio_mode.gpio_mode_out.high" configurationId="p113.gpio_mode"/>
      <configSetting altId="p206.sci4.rxd4" configurationId="p206"/>
      <configSetting altId="p206.gpio_mode.gpio_mode_peripheral" configurationId="p206.gpio_mode"/>
      <configSetting altId="p208.input" configurationId="p208"/>
      <configSetting altId="p208.gpio_mode.gpio_mode_in" configurationId="p208.gpio_mode"/>
      <configSetting altId="p301.gpt4.gtioc4b" configurationId="p301"/>
      <configSetting altId="p301.gpio_mode.gpio_mode_peripheral" configurationId="p301.gpio_mode"/>
      <configSetting altId="p303.input" configurationId="p303"/>
      <configSetting altId="p303.gpio_mode.gpio_mode_in" configurationId="p303.gpio_mode"/>
      <configSetting altId="p304.input" configurationId="p304"/>
      <configSetting altId="p304.gpio_mode.gpio_mode_in" configurationId="p304.gpio_mode"/>
      <configSetting altId="p400.output.high" configurationId="p400"/>
      <configSetting altId="p400.gpio_mode.gpio_mode_out.high" configurationId="p400.gpio_mode"/>
      <configSetting altId="p407.usbfs.usb_vbus" configurationId="p407"/>
      <configSetting altId="p407.gpio_mode.gpio_mode_peripheral" configurationId="p407.gpio_mode"/>
      <configSetting altId="p408.sci3.rxd3" configurationId="p408"/>
      <configSetting altId="p408.gpio_mode.gpio_mode_peripheral" configurationId="p408.gpio_mode"/>
      <configSetting altId="p409.sci3.txd3" configurationId="p409"/>
      <configSetting altId="p409.gpio_mode.gpio_mode_peripheral" configurationId="p409.gpio_mode"/>
      <configSetting altId="p410.sci3.sck3" configurationId="p410"/>
      <configSetting altId="p410.gpio_mode.gpio_mode_peripheral" configurationId="p410.gpio_mode"/>
      <configSetting altId="p411.sci3.cts_rts3" configurationId="p411"/>
      <configSetting altId="p411.gpio_mode.gpio_mode_peripheral" configurationId="p411.gpio_mode"/>
      <configSetting altId="sci3.cts_rts3.p411" configurationId="sci3.cts_rts3"/>
      <configSetting altId="sci3.mode.simplespi.free" configurationId="sci3.mode"/>
      <configSetting altId="sci3.rxd3.p408" configurationId="sci3.rxd3"/>
      <configSetting altId="sci3.sck3.p410" configurationId="sci3.sck3"/>
      <configSetting altId="sci3.txd3.p409" configurationId="sci3.txd3"/>
      <configSetting altId="sci4.mode.asynchronousuart.free" configurationId="sci4.mode"/>
      <configSetting altId="sci4.rxd4.p206" configurationId="sci4.rxd4"/>
      <configSetting altId="usbfs.mode.custom.free" configurationId="usbfs.mode"/>
      <configSetting altId="usbfs.usb_vbus.p407" configurationId="usbfs.usb_vbus"/>
    </pincfg>
    <pincfg active="false" name="R7FA8M1AHECFP.pincfg" selected="false" symbol="">
      <configSetting altId="jtag_fslash_swd.mode.jtag.free" configurationId="jtag_fslash_swd.mode"/>
      <configSetting altId="jtag_fslash_swd.tck.p211" configurationId="jtag_fslash_swd.tck"/>
      <configSetting altId="jtag_fslash_swd.tdi.p208" configurationId="jtag_fslash_swd.tdi"/>
      <configSetting altId="jtag_fslash_swd.tdo.p209" configurationId="jtag_fslash_swd.tdo"/>
      <configSetting altId="jtag_fslash_swd.tms.p210" configurationId="jtag_fslash_swd.tms"/>
      <configSetting altId="p208.jtag_fslash_swd.tdi" configurationId="p208"/>
      <configSetting altId="p208.gpio_mode.gpio_mode_peripheral" configurationId="p208.gpio_mode"/>
      <configSetting altId="p209.jtag_fslash_swd.tdo" configurationId="p209"/>
      <configSetting altId="p209.gpio_mode.gpio_mode_peripheral" configurationId="p209.gpio_mode"/>
      <configSetting altId="p210.jtag_fslash_swd.tms" configurationId="p210"/>
      <configSetting altId="p210.gpio_mode.gpio_mode_peripheral" configurationId="p210.gpio_mode"/>
      <configSetting altId="p211.jtag_fslash_swd.tck" configurationId="p211"/>
      <configSetting altId="p211.gpio_mode.gpio_mode_peripheral" configurationId="p211.gpio_mode"/>
    </pincfg>
    <pincfg active="false" name="RA8M1 VUI" selected="false" symbol="">
      <configSetting altId="adc0.an000.p004" configurationId="adc0.an000"/>
      <configSetting altId="adc0.an001.p005" configurationId="adc0.an001"/>
      <configSetting altId="adc0.mode.custom.free" configurationId="adc0.mode"/>
      <configSetting altId="dac120.da0.p014" configurationId="dac120.da0"/>
      <configSetting altId="dac120.mode.enabled.free" configurationId="dac120.mode"/>
      <configSetting altId="iic1.mode.enabled.b" configurationId="iic1.mode"/>
      <configSetting altId="iic1.scl1.p205" configurationId="iic1.scl1"/>
      <configSetting altId="iic1.sda1.p206" configurationId="iic1.sda1"/>
      <configSetting altId="irq0.irq0.p400" configurationId="irq0.irq0"/>
      <configSetting altId="irq0.mode.custom.free" configurationId="irq0.mode"/>
      <configSetting altId="irq8.irq8.p415" configurationId="irq8.irq8"/>
      <configSetting altId="irq8.mode.custom.free" configurationId="irq8.mode"/>
      <configSetting altId="jtag_fslash_swd.mode.jtag.free" configurationId="jtag_fslash_swd.mode"/>
      <configSetting altId="jtag_fslash_swd.tck.p211" configurationId="jtag_fslash_swd.tck"/>
      <configSetting altId="jtag_fslash_swd.tdi.p208" configurationId="jtag_fslash_swd.tdi"/>
      <configSetting altId="jtag_fslash_swd.tdo.p209" configurationId="jtag_fslash_swd.tdo"/>
      <configSetting altId="jtag_fslash_swd.tms.p210" configurationId="jtag_fslash_swd.tms"/>
      <configSetting altId="ospi.mode.octaflash.free" configurationId="ospi.mode"/>
      <configSetting altId="ospi.om_cs0.p107" configurationId="ospi.om_cs0"/>
      <configSetting altId="ospi.om_dqs.p801" configurationId="ospi.om_dqs"/>
      <configSetting altId="ospi.om_ecsint1.p105" configurationId="ospi.om_ecsint1"/>
      <configSetting altId="ospi.om_reset.p106" configurationId="ospi.om_reset"/>
      <configSetting altId="ospi.om_sclk.p808" configurationId="ospi.om_sclk"/>
      <configSetting altId="ospi.om_sio0.p100" configurationId="ospi.om_sio0"/>
      <configSetting altId="ospi.om_sio1.p803" configurationId="ospi.om_sio1"/>
      <configSetting altId="ospi.om_sio2.p103" configurationId="ospi.om_sio2"/>
      <configSetting altId="ospi.om_sio3.p101" configurationId="ospi.om_sio3"/>
      <configSetting altId="ospi.om_sio4.p102" configurationId="ospi.om_sio4"/>
      <configSetting altId="ospi.om_sio5.p800" configurationId="ospi.om_sio5"/>
      <configSetting altId="ospi.om_sio6.p802" configurationId="ospi.om_sio6"/>
      <configSetting altId="ospi.om_sio7.p804" configurationId="ospi.om_sio7"/>
      <configSetting altId="p004.adc0.an000" configurationId="p004"/>
      <configSetting altId="p004.gpio_mode.gpio_mode_an" configurationId="p004.gpio_mode"/>
      <configSetting altId="p005.adc0.an001" configurationId="p005"/>
      <configSetting altId="p005.gpio_mode.gpio_mode_an" configurationId="p005.gpio_mode"/>
      <configSetting altId="p014.dac120.da0" configurationId="p014"/>
      <configSetting altId="p014.gpio_mode.gpio_mode_an" configurationId="p014.gpio_mode"/>
      <configSetting altId="p100.ospi.om_sio0" configurationId="p100"/>
      <configSetting altId="p100.gpio_mode.gpio_mode_peripheral" configurationId="p100.gpio_mode"/>
      <configSetting altId="p101.ospi.om_sio3" configurationId="p101"/>
      <configSetting altId="p101.gpio_mode.gpio_mode_peripheral" configurationId="p101.gpio_mode"/>
      <configSetting altId="p102.ospi.om_sio4" configurationId="p102"/>
      <configSetting altId="p102.gpio_mode.gpio_mode_peripheral" configurationId="p102.gpio_mode"/>
      <configSetting altId="p103.ospi.om_sio2" configurationId="p103"/>
      <configSetting altId="p103.gpio_mode.gpio_mode_peripheral" configurationId="p103.gpio_mode"/>
      <configSetting altId="p105.ospi.om_ecsint1" configurationId="p105"/>
      <configSetting altId="p105.gpio_mode.gpio_mode_peripheral" configurationId="p105.gpio_mode"/>
      <configSetting altId="p106.ospi.om_reset" configurationId="p106"/>
      <configSetting altId="p106.gpio_mode.gpio_mode_peripheral" configurationId="p106.gpio_mode"/>
      <configSetting altId="p107.ospi.om_cs0" configurationId="p107"/>
      <configSetting altId="p107.gpio_mode.gpio_mode_peripheral" configurationId="p107.gpio_mode"/>
      <configSetting altId="p112.ssie0.ssisck0" configurationId="p112"/>
      <configSetting altId="p112.gpio_mode.gpio_mode_peripheral" configurationId="p112.gpio_mode"/>
      <configSetting altId="p113.ssie0.ssiws0" configurationId="p113"/>
      <configSetting altId="p113.gpio_mode.gpio_mode_peripheral" configurationId="p113.gpio_mode"/>
      <configSetting altId="p114.ssie0.ssirxd0" configurationId="p114"/>
      <configSetting altId="p114.gpio_mode.gpio_mode_peripheral" configurationId="p114.gpio_mode"/>
      <configSetting altId="p115.ssie0.ssitxd0" configurationId="p115"/>
      <configSetting altId="p115.gpio_mode.gpio_mode_peripheral" configurationId="p115.gpio_mode"/>
      <configSetting altId="p205.iic1.scl1" configurationId="p205"/>
      <configSetting altId="p205.gpio_speed.gpio_speed_m" configurationId="p205.gpio_drivecapacity"/>
      <configSetting altId="p205.gpio_mode.gpio_mode_peripheral" configurationId="p205.gpio_mode"/>
      <configSetting altId="p206.iic1.sda1" configurationId="p206"/>
      <configSetting altId="p206.gpio_speed.gpio_speed_m" configurationId="p206.gpio_drivecapacity"/>
      <configSetting altId="p206.gpio_mode.gpio_mode_peripheral" configurationId="p206.gpio_mode"/>
      <configSetting altId="p208.jtag_fslash_swd.tdi" configurationId="p208"/>
      <configSetting altId="p208.gpio_mode.gpio_mode_peripheral" configurationId="p208.gpio_mode"/>
      <configSetting altId="p209.jtag_fslash_swd.tdo" configurationId="p209"/>
      <configSetting altId="p209.gpio_mode.gpio_mode_peripheral" configurationId="p209.gpio_mode"/>
      <configSetting altId="p210.jtag_fslash_swd.tms" configurationId="p210"/>
      <configSetting altId="p210.gpio_mode.gpio_mode_peripheral" configurationId="p210.gpio_mode"/>
      <configSetting altId="p211.jtag_fslash_swd.tck" configurationId="p211"/>
      <configSetting altId="p211.gpio_mode.gpio_mode_peripheral" configurationId="p211.gpio_mode"/>
      <configSetting altId="p400.irq0.irq0" configurationId="p400"/>
      <configSetting altId="p400.gpio_irq.gpio_irq_enabled" configurationId="p400.gpio_irq"/>
      <configSetting altId="p400.gpio_mode.gpio_mode_irq" configurationId="p400.gpio_mode"/>
      <configSetting altId="p404.output.high" configurationId="p404"/>
      <configSetting altId="p404.gpio_mode.gpio_mode_out.high" configurationId="p404.gpio_mode"/>
      <configSetting altId="p405.output.high" configurationId="p405"/>
      <configSetting altId="p405.gpio_mode.gpio_mode_out.high" configurationId="p405.gpio_mode"/>
      <configSetting altId="p406.output.high" configurationId="p406"/>
      <configSetting altId="p406.gpio_mode.gpio_mode_out.high" configurationId="p406.gpio_mode"/>
      <configSetting altId="p407.usbfs.usb_vbus" configurationId="p407"/>
      <configSetting altId="p407.gpio_mode.gpio_mode_peripheral" configurationId="p407.gpio_mode"/>
      <configSetting altId="p408.sci3.rxd3" configurationId="p408"/>
      <configSetting altId="p408.gpio_mode.gpio_mode_peripheral" configurationId="p408.gpio_mode"/>
      <configSetting altId="p409.sci3.txd3" configurationId="p409"/>
      <configSetting altId="p409.gpio_mode.gpio_mode_peripheral" configurationId="p409.gpio_mode"/>
      <configSetting altId="p410.sci3.sck3" configurationId="p410"/>
      <configSetting altId="p410.gpio_mode.gpio_mode_peripheral" configurationId="p410.gpio_mode"/>
      <configSetting altId="p411.sci3.cts_rts3" configurationId="p411"/>
      <configSetting altId="p411.gpio_mode.gpio_mode_peripheral" configurationId="p411.gpio_mode"/>
      <configSetting altId="p412.output.low" configurationId="p412"/>
      <configSetting altId="p412.gpio_mode.gpio_mode_out.low" configurationId="p412.gpio_mode"/>
      <configSetting altId="p413.output.low" configurationId="p413"/>
      <configSetting altId="p413.gpio_mode.gpio_mode_out.low" configurationId="p413.gpio_mode"/>
      <configSetting altId="p414.output.low" configurationId="p414"/>
      <configSetting altId="p414.gpio_mode.gpio_mode_out.low" configurationId="p414.gpio_mode"/>
      <configSetting altId="p415.irq8.irq8" configurationId="p415"/>
      <configSetting altId="p415.gpio_irq.gpio_irq_enabled" configurationId="p415.gpio_irq"/>
      <configSetting altId="p415.gpio_mode.gpio_mode_irq" configurationId="p415.gpio_mode"/>
      <configSetting altId="p600.input" configurationId="p600"/>
      <configSetting altId="p600.gpio_mode.gpio_mode_in" configurationId="p600.gpio_mode"/>
      <configSetting altId="p609.sci0.txd0" configurationId="p609"/>
      <configSetting altId="p609.gpio_mode.gpio_mode_peripheral" configurationId="p609.gpio_mode"/>
      <configSetting altId="p610.sci0.rxd0" configurationId="p610"/>
      <configSetting altId="p610.gpio_mode.gpio_mode_peripheral" configurationId="p610.gpio_mode"/>
      <configSetting altId="p800.ospi.om_sio5" configurationId="p800"/>
      <configSetting altId="p800.gpio_mode.gpio_mode_peripheral" configurationId="p800.gpio_mode"/>
      <configSetting altId="p801.ospi.om_dqs" configurationId="p801"/>
      <configSetting altId="p801.gpio_mode.gpio_mode_peripheral" configurationId="p801.gpio_mode"/>
      <configSetting altId="p802.ospi.om_sio6" configurationId="p802"/>
      <configSetting altId="p802.gpio_mode.gpio_mode_peripheral" configurationId="p802.gpio_mode"/>
      <configSetting altId="p803.ospi.om_sio1" configurationId="p803"/>
      <configSetting altId="p803.gpio_mode.gpio_mode_peripheral" configurationId="p803.gpio_mode"/>
      <configSetting altId="p804.ospi.om_sio7" configurationId="p804"/>
      <configSetting altId="p804.gpio_mode.gpio_mode_peripheral" configurationId="p804.gpio_mode"/>
      <configSetting altId="p808.ospi.om_sclk" configurationId="p808"/>
      <configSetting altId="p808.gpio_mode.gpio_mode_peripheral" configurationId="p808.gpio_mode"/>
      <configSetting altId="p814.usbfs.usb_dp" configurationId="p814"/>
      <configSetting altId="p814.gpio_mode.gpio_mode_peripheral" configurationId="p814.gpio_mode"/>
      <configSetting altId="p815.usbfs.usb_dm" configurationId="p815"/>
      <configSetting altId="p815.gpio_mode.gpio_mode_peripheral" configurationId="p815.gpio_mode"/>
      <configSetting altId="sci0.mode.asynchronousuart.free" configurationId="sci0.mode"/>
      <configSetting altId="sci0.rxd0.p610" configurationId="sci0.rxd0"/>
      <configSetting altId="sci0.txd0.p609" configurationId="sci0.txd0"/>
      <configSetting altId="sci3.cts_rts3.p411" configurationId="sci3.cts_rts3"/>
      <configSetting altId="sci3.mode.simplespi.free" configurationId="sci3.mode"/>
      <configSetting altId="sci3.rxd3.p408" configurationId="sci3.rxd3"/>
      <configSetting altId="sci3.sck3.p410" configurationId="sci3.sck3"/>
      <configSetting altId="sci3.txd3.p409" configurationId="sci3.txd3"/>
      <configSetting altId="ssie0.mode.custom.free" configurationId="ssie0.mode"/>
      <configSetting altId="ssie0.ssirxd0.p114" configurationId="ssie0.ssirxd0"/>
      <configSetting altId="ssie0.ssisck0.p112" configurationId="ssie0.ssisck0"/>
      <configSetting altId="ssie0.ssitxd0.p115" configurationId="ssie0.ssitxd0"/>
      <configSetting altId="ssie0.ssiws0.p113" configurationId="ssie0.ssiws0"/>
      <configSetting altId="usbfs.mode.custom.free" configurationId="usbfs.mode"/>
      <configSetting altId="usbfs.usb_dm.p815" configurationId="usbfs.usb_dm"/>
      <configSetting altId="usbfs.usb_dp.p814" configurationId="usbfs.usb_dp"/>
      <configSetting altId="usbfs.usb_vbus.p407" configurationId="usbfs.usb_vbus"/>
    </pincfg>
  </raPinConfiguration>
</raConfiguration>
