<?xml version="1.0" encoding="UTF-8" standalone="no"?>
<raConfiguration version="9">
  <generalSettings>
    <option key="#Board#" value="board.ra4e1_voice"/>
    <option key="CPU" value="RA4E1"/>
    <option key="Core" value="CM33"/>
    <option key="#TargetName#" value="R7FA4E10D2CNE"/>
    <option key="#TargetARCHITECTURE#" value="cortex-m33"/>
    <option key="#DeviceCommand#" value="R7FA4E10D"/>
    <option key="#RTOS#" value="_none"/>
    <option key="#pinconfiguration#" value="R7FA4E10D2CNE.pincfg"/>
    <option key="#FSPVersion#" value="5.7.0"/>
    <option key="#ConfigurationFragments#" value="Renesas##BSP##Board##ra4e1_voice##|Renesas##BSP##Board##ra6m5_ck##"/>
    <option key="#SELECTED_TOOLCHAIN#" value="gcc-arm-embedded"/>
    <option key="#ToolchainVersion#" value="10.3.1.20210824"/>
  </generalSettings>
  <raBspConfiguration>
    <config id="config.bsp.ra4e1.R7FA4E10D2CNE">
      <property id="config.bsp.part_number" value="config.bsp.part_number.value"/>
      <property id="config.bsp.rom_size_bytes" value="config.bsp.rom_size_bytes.value"/>
      <property id="config.bsp.rom_size_bytes_hidden" value="524288"/>
      <property id="config.bsp.ram_size_bytes" value="config.bsp.ram_size_bytes.value"/>
      <property id="config.bsp.data_flash_size_bytes" value="config.bsp.data_flash_size_bytes.value"/>
      <property id="config.bsp.package_style" value="config.bsp.package_style.value"/>
      <property id="config.bsp.package_pins" value="config.bsp.package_pins.value"/>
      <property id="config.bsp.irq_count_hidden" value="96"/>
    </config>
    <config id="config.bsp.ra4e1">
      <property id="config.bsp.series" value="config.bsp.series.value"/>
    </config>
    <config id="config.bsp.ra4e1.fsp">
      <property id="config.bsp.fsp.inline_irq_functions" value="config.bsp.common.inline_irq_functions.enabled"/>
      <property id="config.bsp.fsp.tz.exception_response" value="config.bsp.fsp.tz.exception_response.nmi"/>
      <property id="config.bsp.fsp.tz.cmsis.bfhfnmins" value="config.bsp.fsp.tz.cmsis.bfhfnmins.secure"/>
      <property id="config.bsp.fsp.tz.cmsis.sysresetreqs" value="config.bsp.fsp.tz.cmsis.sysresetreqs.secure_only"/>
      <property id="config.bsp.fsp.tz.cmsis.s_priority_boost" value="config.bsp.fsp.tz.cmsis.s_priority_boost.disabled"/>
      <property id="config.bsp.fsp.tz.rstsar" value="config.bsp.fsp.tz.rstsar.both"/>
      <property id="config.bsp.fsp.tz.bbfsar" value="config.bsp.fsp.tz.bbfsar.both"/>
      <property id="config.bsp.fsp.tz.sramsar.sramprcr" value="config.bsp.fsp.tz.sramsar.sramprcr.both"/>
      <property id="config.bsp.fsp.tz.stbramsar" value="config.bsp.fsp.tz.stbramsar.both"/>
      <property id="config.bsp.fsp.tz.bussara" value="config.bsp.fsp.tz.bussara.both"/>
      <property id="config.bsp.fsp.tz.bussarb" value="config.bsp.fsp.tz.bussarb.both"/>
      <property id="config.bsp.fsp.tz.uninitialized_ns_application_fallback" value="config.bsp.fsp.tz.uninitialized_ns_application_fallback.enabled"/>
      <property id="config.bsp.fsp.OFS0.iwdt_start_mode" value="config.bsp.fsp.OFS0.iwdt_start_mode.disabled"/>
      <property id="config.bsp.fsp.OFS0.iwdt_timeout" value="config.bsp.fsp.OFS0.iwdt_timeout.2048"/>
      <property id="config.bsp.fsp.OFS0.iwdt_divisor" value="config.bsp.fsp.OFS0.iwdt_divisor.128"/>
      <property id="config.bsp.fsp.OFS0.iwdt_window_end" value="config.bsp.fsp.OFS0.iwdt_window_end.0"/>
      <property id="config.bsp.fsp.OFS0.iwdt_window_start" value="config.bsp.fsp.OFS0.iwdt_window_start.100"/>
      <property id="config.bsp.fsp.OFS0.iwdt_reset_interrupt" value="config.bsp.fsp.OFS0.iwdt_reset_interrupt.Reset"/>
      <property id="config.bsp.fsp.OFS0.iwdt_stop_control" value="config.bsp.fsp.OFS0.iwdt_stop_control.stops"/>
      <property id="config.bsp.fsp.OFS0.wdt_start_mode" value="config.bsp.fsp.OFS0.wdt_start_mode.register"/>
      <property id="config.bsp.fsp.OFS0.wdt_timeout" value="config.bsp.fsp.OFS0.wdt_timeout.16384"/>
      <property id="config.bsp.fsp.OFS0.wdt_divisor" value="config.bsp.fsp.OFS0.wdt_divisor.128"/>
      <property id="config.bsp.fsp.OFS0.wdt_window_end" value="config.bsp.fsp.OFS0.wdt_window_end.0"/>
      <property id="config.bsp.fsp.OFS0.wdt_window_start" value="config.bsp.fsp.OFS0.wdt_window_start.100"/>
      <property id="config.bsp.fsp.OFS0.wdt_reset_interrupt" value="config.bsp.fsp.OFS0.wdt_reset_interrupt.Reset"/>
      <property id="config.bsp.fsp.OFS0.wdt_stop_control" value="config.bsp.fsp.OFS0.wdt_stop_control.stops"/>
      <property id="config.bsp.fsp.OFS1_SEL.voltage_detection0_level" value="config.bsp.fsp.OFS1_SEL.voltage_detection0_level.secure"/>
      <property id="config.bsp.fsp.OFS1_SEL.voltage_detection0.start" value="config.bsp.fsp.OFS1_SEL.voltage_detection0.start.secure"/>
      <property id="config.bsp.fsp.OFS1.voltage_detection0.start" value="config.bsp.fsp.OFS1.voltage_detection0.start.disabled"/>
      <property id="config.bsp.fsp.OFS1.voltage_detection0_level" value="config.bsp.fsp.OFS1.voltage_detection0_level.280"/>
      <property id="config.bsp.fsp.OFS1.hoco_osc" value="config.bsp.fsp.OFS1.hoco_osc.enabled"/>
      <property id="config.bsp.fsp.BPS.BPS0" value=""/>
      <property id="config.bsp.fsp.PBPS.PBPS0" value=""/>
      <property id="config.bsp.fsp.hoco_fll" value="config.bsp.fsp.hoco_fll.disabled"/>
      <property id="config.bsp.common.main_osc_wait" value="config.bsp.common.main_osc_wait.wait_8163"/>
      <property id="config.bsp.fsp.mcu.adc.max_freq_hz" value="50000000"/>
      <property id="config.bsp.fsp.mcu.sci_uart.max_baud" value="16666667"/>
      <property id="config.bsp.fsp.mcu.adc.sensors_are_exclusive" value="0"/>
      <property id="config.bsp.fsp.mcu.sci_spi.max_bitrate" value="25000000"/>
      <property id="config.bsp.fsp.mcu.spi.max_bitrate" value="50000000"/>
      <property id="config.bsp.fsp.mcu.iic_master.rate.rate_fastplus" value="1"/>
      <property id="config.bsp.fsp.mcu.iic_master.fastplus_channels" value="0x1"/>
      <property id="config.bsp.fsp.mcu.iic_slave.rate.rate_fastplus" value="1"/>
      <property id="config.bsp.fsp.mcu.iic_slave.fastplus_channels" value="0x1"/>
      <property id="config.bsp.fsp.mcu.sci_uart.cstpen_channels" value="0x0219"/>
      <property id="config.bsp.fsp.mcu.gpt.pin_count_source_channels" value="0xFFFF"/>
      <property id="config.bsp.fsp.mcu.adc_dmac.samples_per_channel" value="32767"/>
    </config>
    <config id="config.bsp.ra">
      <property id="config.bsp.common.main" value="0x400"/>
      <property id="config.bsp.common.heap" value="0"/>
      <property id="config.bsp.common.vcc" value="3300"/>
      <property id="config.bsp.common.checking" value="config.bsp.common.checking.disabled"/>
      <property id="config.bsp.common.assert" value="config.bsp.common.assert.none"/>
      <property id="config.bsp.common.error_log" value="config.bsp.common.error_log.none"/>
      <property id="config.bsp.common.soft_reset" value="config.bsp.common.soft_reset.disabled"/>
      <property id="config.bsp.common.main_osc_populated" value="config.bsp.common.main_osc_populated.disabled"/>
      <property id="config.bsp.common.pfs_protect" value="config.bsp.common.pfs_protect.enabled"/>
      <property id="config.bsp.common.c_runtime_init" value="config.bsp.common.c_runtime_init.enabled"/>
      <property id="config.bsp.common.early_init" value="config.bsp.common.early_init.disabled"/>
      <property id="config.bsp.common.main_osc_clock_source" value="config.bsp.common.main_osc_clock_source.crystal"/>
      <property id="config.bsp.common.subclock_populated" value="config.bsp.common.subclock_populated.enabled"/>
      <property id="config.bsp.common.subclock_drive" value="config.bsp.common.subclock_drive.standard"/>
      <property id="config.bsp.common.subclock_stabilization_ms" value="1000"/>
    </config>
  </raBspConfiguration>
  <raClockConfiguration>
    <node id="board.clock.xtal.freq" mul="24000000" option="_edit"/>
    <node id="board.clock.hoco.freq" option="board.clock.hoco.freq.20m"/>
    <node id="board.clock.loco.freq" option="board.clock.loco.freq.32768"/>
    <node id="board.clock.moco.freq" option="board.clock.moco.freq.8m"/>
    <node id="board.clock.subclk.freq" option="board.clock.subclk.freq.32768"/>
    <node id="board.clock.pll.source" option="board.clock.pll.source.hoco"/>
    <node id="board.clock.pll.div" option="board.clock.pll.div.2"/>
    <node id="board.clock.pll.mul" option="board.clock.pll.mul.200"/>
    <node id="board.clock.pll.display" option="board.clock.pll.display.value"/>
    <node id="board.clock.pll2.source" option="board.clock.pll2.source.hoco"/>
    <node id="board.clock.pll2.div" option="board.clock.pll2.div.2"/>
    <node id="board.clock.pll2.mul" option="board.clock.pll2.mul.240"/>
    <node id="board.clock.pll2.display" option="board.clock.pll2.display.value"/>
    <node id="board.clock.clock.source" option="board.clock.clock.source.pll"/>
    <node id="board.clock.clkout.source" option="board.clock.clkout.source.disabled"/>
    <node id="board.clock.uclk.source" option="board.clock.uclk.source.pll2"/>
    <node id="board.clock.iclk.div" option="board.clock.iclk.div.2"/>
    <node id="board.clock.pclka.div" option="board.clock.pclka.div.2"/>
    <node id="board.clock.pclkb.div" option="board.clock.pclkb.div.4"/>
    <node id="board.clock.pclkc.div" option="board.clock.pclkc.div.4"/>
    <node id="board.clock.pclkd.div" option="board.clock.pclkd.div.2"/>
    <node id="board.clock.fclk.div" option="board.clock.fclk.div.4"/>
    <node id="board.clock.clkout.div" option="board.clock.clkout.div.1"/>
    <node id="board.clock.uclk.div" option="board.clock.uclk.div.5"/>
    <node id="board.clock.iclk.display" option="board.clock.iclk.display.value"/>
    <node id="board.clock.pclka.display" option="board.clock.pclka.display.value"/>
    <node id="board.clock.pclkb.display" option="board.clock.pclkb.display.value"/>
    <node id="board.clock.pclkc.display" option="board.clock.pclkc.display.value"/>
    <node id="board.clock.pclkd.display" option="board.clock.pclkd.display.value"/>
    <node id="board.clock.fclk.display" option="board.clock.fclk.display.value"/>
    <node id="board.clock.clkout.display" option="board.clock.clkout.display.value"/>
    <node id="board.clock.uclk.display" option="board.clock.uclk.display.value"/>
  </raClockConfiguration>
  <raComponentSelection>
    <component apiversion="" class="BSP" condition="" group="ra4e1" subgroup="device" variant="R7FA4E10D2CNE" vendor="Renesas" version="5.7.0">
      <description>Board support package for R7FA4E10D2CNE</description>
      <originalPack>Renesas.RA_mcu_ra4e1.5.7.0.pack</originalPack>
    </component>
    <component apiversion="" class="BSP" condition="" group="ra4e1" subgroup="device" variant="" vendor="Renesas" version="5.7.0">
      <description>Board support package for RA4E1</description>
      <originalPack>Renesas.RA_mcu_ra4e1.5.7.0.pack</originalPack>
    </component>
    <component apiversion="" class="BSP" condition="" group="ra4e1" subgroup="fsp" variant="" vendor="Renesas" version="5.7.0">
      <description>Board support package for RA4E1 - FSP Data</description>
      <originalPack>Renesas.RA_mcu_ra4e1.5.7.0.pack</originalPack>
    </component>
    <component apiversion="" class="BSP" condition="" group="ra4e1" subgroup="events" variant="" vendor="Renesas" version="5.7.0">
      <description>Board support package for RA4E1 - Events</description>
      <originalPack>Renesas.RA_mcu_ra4e1.5.7.0.pack</originalPack>
    </component>
    <component apiversion="" class="BSP" condition="" group="Board" subgroup="ra4e1_voice" variant="" vendor="Renesas" version="5.7.0">
      <description>RA4E1-VOICE Board Support Files</description>
      <originalPack>Renesas.RA_board_ra4e1_voice.5.7.0.pack</originalPack>
    </component>
    <component apiversion="" class="CMSIS" condition="" group="CMSIS5" subgroup="CoreM" variant="" vendor="Arm" version="6.1.0+fsp.5.7.0">
      <description>Arm CMSIS Version 6 - Core (M)</description>
      <originalPack>Arm.CMSIS6.6.1.0+fsp.5.7.0.pack</originalPack>
    </component>
    <component apiversion="" class="Common" condition="" group="all" subgroup="fsp_common" variant="" vendor="Renesas" version="5.7.0">
      <description>Board Support Package Common Files</description>
      <originalPack>Renesas.RA.5.7.0.pack</originalPack>
    </component>
    <component apiversion="" class="HAL Drivers" condition="" group="all" subgroup="r_dac" variant="" vendor="Renesas" version="5.7.0">
      <description>12-bit D/A Converter</description>
      <originalPack>Renesas.RA.5.7.0.pack</originalPack>
    </component>
    <component apiversion="" class="HAL Drivers" condition="" group="all" subgroup="r_dmac" variant="" vendor="Renesas" version="5.7.0">
      <description>Direct Memory Access Controller</description>
      <originalPack>Renesas.RA.5.7.0.pack</originalPack>
    </component>
    <component apiversion="" class="HAL Drivers" condition="" group="all" subgroup="r_gpt" variant="" vendor="Renesas" version="5.7.0">
      <description>General PWM Timer</description>
      <originalPack>Renesas.RA.5.7.0.pack</originalPack>
    </component>
    <component apiversion="" class="HAL Drivers" condition="" group="all" subgroup="r_ioport" variant="" vendor="Renesas" version="5.7.0">
      <description>I/O Port</description>
      <originalPack>Renesas.RA.5.7.0.pack</originalPack>
    </component>
  </raComponentSelection>
  <raElcConfiguration/>
  <raIcuConfiguration/>
  <raModuleConfiguration>
    <module id="module.driver.ioport_on_ioport.0">
      <property id="module.driver.ioport.name" value="g_ioport"/>
      <property id="module.driver.ioport.elc_trigger_ioport1" value="_disabled"/>
      <property id="module.driver.ioport.elc_trigger_ioport2" value="_disabled"/>
      <property id="module.driver.ioport.elc_trigger_ioport3" value="_disabled"/>
      <property id="module.driver.ioport.elc_trigger_ioport4" value="_disabled"/>
      <property id="module.driver.ioport.pincfg" value="g_bsp_pin_cfg"/>
    </module>
    <module id="module.driver.timer_on_gpt.1100916139">
      <property id="module.driver.timer.name" value="g_timer_dac"/>
      <property id="module.driver.timer.channel" value="5"/>
      <property id="module.driver.timer.mode" value="module.driver.timer.mode.mode_periodic"/>
      <property id="module.driver.timer.period" value="16000"/>
      <property id="module.driver.timer.compare_match.a.status" value="module.driver.timer.compare_match.a.status.disabled"/>
      <property id="module.driver.timer.compare_match.a.value" value="0"/>
      <property id="module.driver.timer.compare_match.b.status" value="module.driver.timer.compare_match.b.status.disabled"/>
      <property id="module.driver.timer.compare_match.b.value" value="0"/>
      <property id="module.driver.timer.unit" value="module.driver.timer.unit.unit_frequency_hz"/>
      <property id="module.driver.timer.gtior.gtioa.initial_output_level" value="module.driver.timer.gtior.gtioa.initial_output_level.low"/>
      <property id="module.driver.timer.gtior.gtioa.cycle_end_output_level" value="module.driver.timer.gtior.gtioa.cycle_end_output_level.retain"/>
      <property id="module.driver.timer.gtior.gtioa.compare_match_output_level" value="module.driver.timer.gtior.gtioa.compare_match_output_level.retain"/>
      <property id="module.driver.timer.gtior.gtioa.count_stop_retain" value="module.driver.timer.gtior.gtioa.count_stop_retain.disabled"/>
      <property id="module.driver.timer.gtior.gtiob.initial_output_level" value="module.driver.timer.gtior.gtiob.initial_output_level.low"/>
      <property id="module.driver.timer.gtior.gtiob.cycle_end_output_level" value="module.driver.timer.gtior.gtiob.cycle_end_output_level.retain"/>
      <property id="module.driver.timer.gtior.gtiob.compare_match_output_level" value="module.driver.timer.gtior.gtiob.compare_match_output_level.retain"/>
      <property id="module.driver.timer.gtior.gtiob.count_stop_retain" value="module.driver.timer.gtior.gtiob.count_stop_retain.disabled"/>
      <property id="module.driver.timer.gtior.custom_waveform_enable" value="module.driver.timer.gtior.custom_waveform_enable.disabled"/>
      <property id="module.driver.timer.duty_cycle" value="50"/>
      <property id="module.driver.timer.gtioca_output_enabled" value="module.driver.timer.gtioca_output_enabled.false"/>
      <property id="module.driver.timer.gtioca_stop_level" value="module.driver.timer.gtioca_stop_level.pin_level_low"/>
      <property id="module.driver.timer.gtiocb_output_enabled" value="module.driver.timer.gtiocb_output_enabled.false"/>
      <property id="module.driver.timer.gtiocb_stop_level" value="module.driver.timer.gtiocb_stop_level.pin_level_low"/>
      <property id="module.driver.timer.count_up_source" value=""/>
      <property id="module.driver.timer.count_down_source" value=""/>
      <property id="module.driver.timer.start_source" value=""/>
      <property id="module.driver.timer.stop_source" value=""/>
      <property id="module.driver.timer.clear_source" value=""/>
      <property id="module.driver.timer.capture_a_source" value=""/>
      <property id="module.driver.timer.capture_b_source" value=""/>
      <property id="module.driver.timer.gtioca_filter" value="module.driver.timer.gtioc_filter.gtioc_filter_none"/>
      <property id="module.driver.timer.gtiocb_filter" value="module.driver.timer.gtioc_filter.gtioc_filter_none"/>
      <property id="module.driver.timer.p_callback" value="NULL"/>
      <property id="module.driver.timer.ipl" value="_disabled"/>
      <property id="module.driver.timer.capture_a_ipl" value="_disabled"/>
      <property id="module.driver.timer.capture_b_ipl" value="_disabled"/>
      <property id="module.driver.timer.trough_ipl" value="_disabled"/>
      <property id="module.driver.timer.extra" value="module.driver.timer.extra.disabled"/>
      <property id="module.driver.timer.poeg_link" value="enum.driver.poeg.channels.poeg_link_poeg0"/>
      <property id="module.driver.timer.output_disable" value=""/>
      <property id="module.driver.timer.adc_trigger" value=""/>
      <property id="module.driver.timer.adc_a_compare_match" value="0"/>
      <property id="module.driver.timer.adc_b_compare_match" value="0"/>
      <property id="module.driver.timer.dead_time_count_up" value="0"/>
      <property id="module.driver.timer.dead_time_count_down" value="0"/>
      <property id="module.driver.timer.interrupt_skip.source" value="module.driver.timer.interrupt_skip.source.none"/>
      <property id="module.driver.timer.interrupt_skip.count" value="module.driver.timer.interrupt_skip.count.count_0"/>
      <property id="module.driver.timer.interrupt_skip.adc" value="module.driver.timer.interrupt_skip.skip_sources.interrupt_skip.adc.none"/>
      <property id="module.driver.timer.gtioca_disable_setting" value="module.driver.timer.gtioca_disable_setting.gtioc_disable_prohibited"/>
      <property id="module.driver.timer.gtiocb_disable_setting" value="module.driver.timer.gtiocb_disable_setting.gtioc_disable_prohibited"/>
    </module>
    <module id="module.driver.dac_on_dac.244336727">
      <property id="module.driver.dac.name" value="g_dac0"/>
      <property id="module.driver.dac.channel_id" value="0"/>
      <property id="module.driver.dac.ad_da_synchronized" value="module.driver.dac.ad_da_synchronized.disabled"/>
      <property id="module.driver.dac.data_format" value="module.driver.dac.data_format.data_format_flush_left"/>
      <property id="module.driver.dac.output_amplifier_enabled" value="module.driver.dac.output_amplifier.disabled"/>
      <property id="module.driver.dac.charge_pump_enabled" value="enum.mcu.dac.charge_pump.disabled"/>
      <property id="module.driver.dac.internal_output" value="enum.mcu.dac.internal_output.disabled"/>
      <property id="module.driver.dac.elc_trigger" value="_disabled"/>
      <property id="module.driver.dac.ref_volt_sel" value="module.driver.dac.ref_volt_sel.disable"/>
    </module>
    <module id="module.driver.transfer_on_dmac.830619644">
      <property id="module.driver.transfer.name" value="g_transfer_dac"/>
      <property id="module.driver.transfer.channel" value="1"/>
      <property id="module.driver.transfer.mode" value="module.driver.transfer.mode.mode_normal"/>
      <property id="module.driver.transfer.size" value="module.driver.transfer.size.size_2_byte"/>
      <property id="module.driver.transfer.dest_addr_mode" value="module.driver.transfer.dest_addr_mode.addr_mode_fixed"/>
      <property id="module.driver.transfer.src_addr_mode" value="module.driver.transfer.src_addr_mode.addr_mode_incremented"/>
      <property id="module.driver.transfer.repeat_area" value="module.driver.transfer.repeat_area.repeat_area_source"/>
      <property id="module.driver.transfer.length" value="1"/>
      <property id="module.driver.transfer.num_blocks" value="0"/>
      <property id="module.driver.transfer.activation_event" value="_signal.event.gpt5.counter.overflow"/>
      <property id="module.driver.transfer.p_callback" value="g_transfer_dac_cb"/>
      <property id="module.driver.transfer.ipl" value="board.icu.common.irq.priority13"/>
      <property id="module.driver.transfer.interrupt" value="module.driver.transfer.interrupt.interrupt_end"/>
      <property id="module.driver.transfer.offset" value="1"/>
      <property id="module.driver.transfer.src.buffer" value="1"/>
    </module>
    <context id="_hal.0">
      <stack module="module.driver.ioport_on_ioport.0"/>
      <stack module="module.driver.timer_on_gpt.1100916139"/>
      <stack module="module.driver.dac_on_dac.244336727"/>
      <stack module="module.driver.transfer_on_dmac.830619644"/>
    </context>
    <config id="config.driver.dmac">
      <property id="config.driver.dmac.param_checking_enable" value="config.driver.dmac.param_checking_enable.bsp"/>
    </config>
    <config id="config.driver.dac">
      <property id="config.driver.dac.param_checking_enable" value="config.driver.dac.param_checking_enable.bsp"/>
    </config>
    <config id="config.driver.gpt">
      <property id="config.driver.gpt.param_checking_enable" value="config.driver.gpt.param_checking_enable.bsp"/>
      <property id="config.driver.gpt.output_support_enable" value="config.driver.gpt.output_support_enable.disabled"/>
      <property id="config.driver.gpt.write_protect_enable" value="config.driver.gpt.write_protect_enable.disabled"/>
    </config>
    <config id="config.driver.ioport">
      <property id="config.driver.ioport.checking" value="config.driver.ioport.checking.system"/>
    </config>
  </raModuleConfiguration>
  <raPinConfiguration>
    <symbolicName propertyId="p000.symbolic_name" value="ARDUINO_A0"/>
    <symbolicName propertyId="p001.symbolic_name" value="ARDUINO_A1"/>
    <symbolicName propertyId="p002.symbolic_name" value="ARDUINO_A2"/>
    <symbolicName propertyId="p014.symbolic_name" value="ARDUINO_A4"/>
    <symbolicName propertyId="p015.symbolic_name" value="ARDUINO_A5"/>
    <symbolicName propertyId="p104.symbolic_name" value="ARDUINO_D6"/>
    <symbolicName propertyId="p108.symbolic_name" value="SWDIO"/>
    <symbolicName propertyId="p109.symbolic_name" value="TDO"/>
    <symbolicName propertyId="p110.symbolic_name" value="TDI"/>
    <symbolicName propertyId="p111.symbolic_name" value="ARDUINO_D3_PWM"/>
    <symbolicName propertyId="p112.symbolic_name" value="MIC_SCK"/>
    <symbolicName propertyId="p200.symbolic_name" value="NMI"/>
    <symbolicName propertyId="p201.symbolic_name" value="BOOT_MODE"/>
    <symbolicName propertyId="p206.symbolic_name" value="PMOD1_SS2_GPIO"/>
    <symbolicName propertyId="p207.symbolic_name" value="PMOD1_SS3_GPIO"/>
    <symbolicName propertyId="p212.symbolic_name" value="EXTAL"/>
    <symbolicName propertyId="p213.symbolic_name" value="XTAL"/>
    <symbolicName propertyId="p300.symbolic_name" value="SWCLK"/>
    <symbolicName propertyId="p402.symbolic_name" value="ZMOD4410_INT"/>
    <symbolicName propertyId="p407.symbolic_name" value="USBFS_VBUS"/>
    <symbolicName propertyId="p409.symbolic_name" value="PMOD2_RESET"/>
    <symbolicName propertyId="p500.symbolic_name" value="USB_SERIAL_CTS"/>
    <comment propertyId="p000.comment" value="AMIC_L"/>
    <comment propertyId="p001.comment" value="AMIC_R"/>
    <comment propertyId="p014.comment" value="PLAYBACK"/>
    <comment propertyId="p100.comment" value="QSPI_CLK / SCI0_RXD0"/>
    <comment propertyId="p101.comment" value="QSPI_DQ1 / SCI0_TXD0"/>
    <comment propertyId="p102.comment" value="QSPI_DQ0 / SCI0_SCK0"/>
    <comment propertyId="p103.comment" value="P103 / SCI0_CTS_RTS0"/>
    <comment propertyId="p104.comment" value="SCKO (as I2S_CLK)"/>
    <comment propertyId="p108.comment" value="SWD_SWDIO"/>
    <comment propertyId="p109.comment" value="SPI0_MOSI, TXD9"/>
    <comment propertyId="p110.comment" value="(SPI0_MISO), RXD9"/>
    <comment propertyId="p111.comment" value="SPI0_SCK (as SCKI)"/>
    <comment propertyId="p112.comment" value="SPI0_SSL"/>
    <comment propertyId="p201.comment" value="PMOD IO1"/>
    <comment propertyId="p206.comment" value="PMOD IO2"/>
    <comment propertyId="p207.comment" value="QSPI_CS"/>
    <comment propertyId="p212.comment" value="LED2"/>
    <comment propertyId="p213.comment" value="LED3"/>
    <comment propertyId="p300.comment" value="SWD_SWCLK"/>
    <comment propertyId="p301.comment" value="I2S_WS"/>
    <comment propertyId="p302.comment" value="POMD IRQ"/>
    <comment propertyId="p402.comment" value="USER SW"/>
    <comment propertyId="p407.comment" value="USB VBUS"/>
    <comment propertyId="p408.comment" value="VCOM_TXD"/>
    <comment propertyId="p409.comment" value="VCOM_RXD"/>
    <comment propertyId="p500.comment" value="LED1"/>
    <pincfg active="false" name="R7FA4E10D2CNE.pincfg" selected="false" symbol="g_bsp_pin_cfg"/>
    <pincfg active="false" name="VOICE_RA4E1_PMOD.pincfg" selected="false" symbol="g_bsp_pin_cfg">
      <configSetting altId="gpt1.mode.gtiocaorgtiocb.free" configurationId="gpt1.mode"/>
      <configSetting altId="gpt2.mode.gtiocaorgtiocb.free" configurationId="gpt2.mode"/>
      <configSetting altId="gpt4.mode.gtiocaorgtiocb.free" configurationId="gpt4.mode"/>
      <configSetting altId="gpt5.mode.gtiocaorgtiocb.free" configurationId="gpt5.mode"/>
      <configSetting altId="p112.output.high" configurationId="p112"/>
      <configSetting altId="p112.gpio_mode.gpio_mode_out.high" configurationId="p112.gpio_mode"/>
      <configSetting altId="p201.input" configurationId="p201"/>
      <configSetting altId="p201.gpio_mode.gpio_mode_in" configurationId="p201.gpio_mode"/>
      <configSetting altId="p206.input" configurationId="p206"/>
      <configSetting altId="p206.gpio_mode.gpio_mode_in" configurationId="p206.gpio_mode"/>
      <configSetting altId="p207.output.high" configurationId="p207"/>
      <configSetting altId="p207.gpio_mode.gpio_mode_out.high" configurationId="p207.gpio_mode"/>
      <configSetting altId="p212.output.high" configurationId="p212"/>
      <configSetting altId="p212.gpio_mode.gpio_mode_out.high" configurationId="p212.gpio_mode"/>
      <configSetting altId="p213.output.high" configurationId="p213"/>
      <configSetting altId="p213.gpio_mode.gpio_mode_out.high" configurationId="p213.gpio_mode"/>
      <configSetting altId="p500.output.high" configurationId="p500"/>
      <configSetting altId="p500.gpio_mode.gpio_mode_out.high" configurationId="p500.gpio_mode"/>
      <configSetting altId="spi0.mode.enabled.free" configurationId="spi0.mode"/>
    </pincfg>
    <pincfg active="true" name="VOICE_RA4E1_QSPI.pincfg" selected="true" symbol="g_bsp_pin_cfg">
      <configSetting altId="gpt1.mode.gtiocaorgtiocb.free" configurationId="gpt1.mode"/>
      <configSetting altId="gpt2.mode.gtiocaorgtiocb.free" configurationId="gpt2.mode"/>
      <configSetting altId="gpt4.mode.gtiocaorgtiocb.free" configurationId="gpt4.mode"/>
      <configSetting altId="gpt5.mode.gtiocaorgtiocb.free" configurationId="gpt5.mode"/>
      <configSetting altId="p109.spi0.mosi0" configurationId="p109"/>
      <configSetting altId="p109.gpio_speed.gpio_speed_m" configurationId="p109.gpio_drivecapacity"/>
      <configSetting altId="p109.gpio_mode.gpio_mode_peripheral" configurationId="p109.gpio_mode"/>
      <configSetting altId="p110.spi0.miso0" configurationId="p110"/>
      <configSetting altId="p110.gpio_speed.gpio_speed_m" configurationId="p110.gpio_drivecapacity"/>
      <configSetting altId="p110.gpio_mode.gpio_mode_peripheral" configurationId="p110.gpio_mode"/>
      <configSetting altId="p111.spi0.rspck0" configurationId="p111"/>
      <configSetting altId="p111.gpio_mode.gpio_mode_peripheral" configurationId="p111.gpio_mode"/>
      <configSetting altId="p212.output.high" configurationId="p212"/>
      <configSetting altId="p212.gpio_mode.gpio_mode_out.high" configurationId="p212.gpio_mode"/>
      <configSetting altId="p213.output.high" configurationId="p213"/>
      <configSetting altId="p213.gpio_mode.gpio_mode_out.high" configurationId="p213.gpio_mode"/>
      <configSetting altId="p500.output.high" configurationId="p500"/>
      <configSetting altId="p500.gpio_mode.gpio_mode_out.high" configurationId="p500.gpio_mode"/>
      <configSetting altId="spi0.miso0.p110" configurationId="spi0.miso0"/>
      <configSetting altId="spi0.mode.enabled.free" configurationId="spi0.mode"/>
      <configSetting altId="spi0.mosi0.p109" configurationId="spi0.mosi0"/>
      <configSetting altId="spi0.rspck0.p111" configurationId="spi0.rspck0"/>
    </pincfg>
    <pincfg active="false" name="R7FA4E10D2CFM.pincfg" selected="false" symbol=""/>
    <pincfg active="false" name="RA6M5 CK" selected="false" symbol="">
      <configSetting altId="p104.input" configurationId="p104"/>
      <configSetting altId="p104.gpio_mode.gpio_mode_in" configurationId="p104.gpio_mode"/>
      <configSetting altId="p111.input" configurationId="p111"/>
      <configSetting altId="p111.gpio_mode.gpio_mode_in" configurationId="p111.gpio_mode"/>
      <configSetting altId="p206.input" configurationId="p206"/>
      <configSetting altId="p206.gpio_mode.gpio_mode_in" configurationId="p206.gpio_mode"/>
      <configSetting altId="p207.input" configurationId="p207"/>
      <configSetting altId="p207.gpio_mode.gpio_mode_in" configurationId="p207.gpio_mode"/>
      <configSetting altId="p402.input" configurationId="p402"/>
      <configSetting altId="p402.gpio_irq.gpio_irq_enabled" configurationId="p402.gpio_irq"/>
      <configSetting altId="p402.gpio_mode.gpio_mode_in" configurationId="p402.gpio_mode"/>
      <configSetting altId="p402.gpio_pupd.gpio_pupd_ip_up" configurationId="p402.gpio_pupd"/>
      <configSetting altId="p409.output.high" configurationId="p409"/>
      <configSetting altId="p409.gpio_mode.gpio_mode_out.high" configurationId="p409.gpio_mode"/>
      <configSetting altId="p409.gpio_otype.gpio_otype_n_ch_od" configurationId="p409.gpio_otype"/>
    </pincfg>
    <pincfg active="false" name="R7FA6M5BH3CFC.pincfg" selected="false" symbol=""/>
  </raPinConfiguration>
</raConfiguration>
