<?xml version="1.0" encoding="UTF-8" standalone="no"?>
<raConfiguration version="10">
  <generalSettings>
    <option key="#Board#" value="board.ra4e1_voice"/>
    <option key="CPU" value="RA4E1"/>
    <option key="Core" value="CM33"/>
    <option key="#TargetName#" value="R7FA4E10D2CNE"/>
    <option key="#TargetARCHITECTURE#" value="cortex-m33"/>
    <option key="#DeviceCommand#" value="R7FA4E10D"/>
    <option key="#RTOS#" value="_none"/>
    <option key="#pinconfiguration#" value="R7FA4E10D2CNE.pincfg"/>
    <option key="#FSPVersion#" value="5.7.0"/>
    <option key="#ConfigurationFragments#" value="Renesas##BSP##Board##ra4e1_vui##|Renesas##BSP##Board##ra4e1_voice##"/>
    <option key="#SELECTED_TOOLCHAIN#" value="gcc-arm-embedded"/>
    <option key="#ToolchainVersion#" value="13.2.1.arm-13-7"/>
  </generalSettings>
  <raBspConfiguration>
    <config id="config.bsp.ra4e1.R7FA4E10D2CNE">
      <property id="config.bsp.part_number" value="config.bsp.part_number.value"/>
      <property id="config.bsp.rom_size_bytes" value="config.bsp.rom_size_bytes.value"/>
      <property id="config.bsp.rom_size_bytes_hidden" value="524288"/>
      <property id="config.bsp.ram_size_bytes" value="config.bsp.ram_size_bytes.value"/>
      <property id="config.bsp.data_flash_size_bytes" value="config.bsp.data_flash_size_bytes.value"/>
      <property id="config.bsp.package_style" value="config.bsp.package_style.value"/>
      <property id="config.bsp.package_pins" value="config.bsp.package_pins.value"/>
      <property id="config.bsp.irq_count_hidden" value="96"/>
    </config>
    <config id="config.bsp.ra4e1">
      <property id="config.bsp.series" value="config.bsp.series.value"/>
    </config>
    <config id="config.bsp.ra4e1.fsp">
      <property id="config.bsp.fsp.inline_irq_functions" value="config.bsp.common.inline_irq_functions.enabled"/>
      <property id="config.bsp.fsp.tz.exception_response" value="config.bsp.fsp.tz.exception_response.nmi"/>
      <property id="config.bsp.fsp.tz.cmsis.bfhfnmins" value="config.bsp.fsp.tz.cmsis.bfhfnmins.secure"/>
      <property id="config.bsp.fsp.tz.cmsis.sysresetreqs" value="config.bsp.fsp.tz.cmsis.sysresetreqs.secure_only"/>
      <property id="config.bsp.fsp.tz.cmsis.s_priority_boost" value="config.bsp.fsp.tz.cmsis.s_priority_boost.disabled"/>
      <property id="config.bsp.fsp.tz.rstsar" value="config.bsp.fsp.tz.rstsar.both"/>
      <property id="config.bsp.fsp.tz.bbfsar" value="config.bsp.fsp.tz.bbfsar.both"/>
      <property id="config.bsp.fsp.tz.sramsar.sramprcr" value="config.bsp.fsp.tz.sramsar.sramprcr.both"/>
      <property id="config.bsp.fsp.tz.stbramsar" value="config.bsp.fsp.tz.stbramsar.both"/>
      <property id="config.bsp.fsp.tz.bussara" value="config.bsp.fsp.tz.bussara.both"/>
      <property id="config.bsp.fsp.tz.bussarb" value="config.bsp.fsp.tz.bussarb.both"/>
      <property id="config.bsp.fsp.tz.uninitialized_ns_application_fallback" value="config.bsp.fsp.tz.uninitialized_ns_application_fallback.enabled"/>
      <property id="config.bsp.fsp.OFS0.iwdt_start_mode" value="config.bsp.fsp.OFS0.iwdt_start_mode.disabled"/>
      <property id="config.bsp.fsp.OFS0.iwdt_timeout" value="config.bsp.fsp.OFS0.iwdt_timeout.2048"/>
      <property id="config.bsp.fsp.OFS0.iwdt_divisor" value="config.bsp.fsp.OFS0.iwdt_divisor.128"/>
      <property id="config.bsp.fsp.OFS0.iwdt_window_end" value="config.bsp.fsp.OFS0.iwdt_window_end.0"/>
      <property id="config.bsp.fsp.OFS0.iwdt_window_start" value="config.bsp.fsp.OFS0.iwdt_window_start.100"/>
      <property id="config.bsp.fsp.OFS0.iwdt_reset_interrupt" value="config.bsp.fsp.OFS0.iwdt_reset_interrupt.Reset"/>
      <property id="config.bsp.fsp.OFS0.iwdt_stop_control" value="config.bsp.fsp.OFS0.iwdt_stop_control.stops"/>
      <property id="config.bsp.fsp.OFS0.wdt_start_mode" value="config.bsp.fsp.OFS0.wdt_start_mode.register"/>
      <property id="config.bsp.fsp.OFS0.wdt_timeout" value="config.bsp.fsp.OFS0.wdt_timeout.16384"/>
      <property id="config.bsp.fsp.OFS0.wdt_divisor" value="config.bsp.fsp.OFS0.wdt_divisor.128"/>
      <property id="config.bsp.fsp.OFS0.wdt_window_end" value="config.bsp.fsp.OFS0.wdt_window_end.0"/>
      <property id="config.bsp.fsp.OFS0.wdt_window_start" value="config.bsp.fsp.OFS0.wdt_window_start.100"/>
      <property id="config.bsp.fsp.OFS0.wdt_reset_interrupt" value="config.bsp.fsp.OFS0.wdt_reset_interrupt.Reset"/>
      <property id="config.bsp.fsp.OFS0.wdt_stop_control" value="config.bsp.fsp.OFS0.wdt_stop_control.stops"/>
      <property id="config.bsp.fsp.OFS1_SEL.voltage_detection0_level" value="config.bsp.fsp.OFS1_SEL.voltage_detection0_level.secure"/>
      <property id="config.bsp.fsp.OFS1_SEL.voltage_detection0.start" value="config.bsp.fsp.OFS1_SEL.voltage_detection0.start.secure"/>
      <property id="config.bsp.fsp.OFS1.voltage_detection0.start" value="config.bsp.fsp.OFS1.voltage_detection0.start.disabled"/>
      <property id="config.bsp.fsp.OFS1.voltage_detection0_level" value="config.bsp.fsp.OFS1.voltage_detection0_level.280"/>
      <property id="config.bsp.fsp.OFS1.hoco_osc" value="config.bsp.fsp.OFS1.hoco_osc.enabled"/>
      <property id="config.bsp.fsp.BPS.BPS0" value=""/>
      <property id="config.bsp.fsp.PBPS.PBPS0" value=""/>
      <property id="config.bsp.fsp.hoco_fll" value="config.bsp.fsp.hoco_fll.disabled"/>
      <property id="config.bsp.common.main_osc_wait" value="config.bsp.common.main_osc_wait.wait_8163"/>
      <property id="config.bsp.fsp.mcu.adc.max_freq_hz" value="50000000"/>
      <property id="config.bsp.fsp.mcu.sci_uart.max_baud" value="16666667"/>
      <property id="config.bsp.fsp.mcu.adc.sensors_are_exclusive" value="0"/>
      <property id="config.bsp.fsp.mcu.sci_spi.max_bitrate" value="25000000"/>
      <property id="config.bsp.fsp.mcu.spi.max_bitrate" value="50000000"/>
      <property id="config.bsp.fsp.mcu.iic_master.rate.rate_fastplus" value="1"/>
      <property id="config.bsp.fsp.mcu.iic_master.fastplus_channels" value="0x1"/>
      <property id="config.bsp.fsp.mcu.iic_slave.rate.rate_fastplus" value="1"/>
      <property id="config.bsp.fsp.mcu.iic_slave.fastplus_channels" value="0x1"/>
      <property id="config.bsp.fsp.mcu.sci_uart.cstpen_channels" value="0x0219"/>
      <property id="config.bsp.fsp.mcu.gpt.pin_count_source_channels" value="0xFFFF"/>
      <property id="config.bsp.fsp.mcu.adc_dmac.samples_per_channel" value="32767"/>
    </config>
    <config id="config.bsp.ra">
      <property id="config.bsp.common.main" value="4096"/>
      <property id="config.bsp.common.heap" value="1024"/>
      <property id="config.bsp.common.vcc" value="3300"/>
      <property id="config.bsp.common.checking" value="config.bsp.common.checking.disabled"/>
      <property id="config.bsp.common.assert" value="config.bsp.common.assert.none"/>
      <property id="config.bsp.common.error_log" value="config.bsp.common.error_log.none"/>
      <property id="config.bsp.common.soft_reset" value="config.bsp.common.soft_reset.disabled"/>
      <property id="config.bsp.common.main_osc_populated" value="config.bsp.common.main_osc_populated.disabled"/>
      <property id="config.bsp.common.pfs_protect" value="config.bsp.common.pfs_protect.enabled"/>
      <property id="config.bsp.common.c_runtime_init" value="config.bsp.common.c_runtime_init.enabled"/>
      <property id="config.bsp.common.early_init" value="config.bsp.common.early_init.disabled"/>
      <property id="config.bsp.common.main_osc_clock_source" value="config.bsp.common.main_osc_clock_source.crystal"/>
      <property id="config.bsp.common.subclock_populated" value="config.bsp.common.subclock_populated.enabled"/>
      <property id="config.bsp.common.subclock_drive" value="config.bsp.common.subclock_drive.standard"/>
      <property id="config.bsp.common.subclock_stabilization_ms" value="1000"/>
    </config>
  </raBspConfiguration>
  <raClockConfiguration>
    <node id="board.clock.xtal.freq" mul="24000000" option="_edit"/>
    <node id="board.clock.hoco.freq" option="board.clock.hoco.freq.20m"/>
    <node id="board.clock.loco.freq" option="board.clock.loco.freq.32768"/>
    <node id="board.clock.moco.freq" option="board.clock.moco.freq.8m"/>
    <node id="board.clock.subclk.freq" option="board.clock.subclk.freq.32768"/>
    <node id="board.clock.pll.source" option="board.clock.pll.source.hoco"/>
    <node id="board.clock.pll.div" option="board.clock.pll.div.2"/>
    <node id="board.clock.pll.mul" option="board.clock.pll.mul.200"/>
    <node id="board.clock.pll.display" option="board.clock.pll.display.value"/>
    <node id="board.clock.pll2.source" option="board.clock.pll2.source.hoco"/>
    <node id="board.clock.pll2.div" option="board.clock.pll2.div.2"/>
    <node id="board.clock.pll2.mul" option="board.clock.pll2.mul.240"/>
    <node id="board.clock.pll2.display" option="board.clock.pll2.display.value"/>
    <node id="board.clock.clock.source" option="board.clock.clock.source.pll"/>
    <node id="board.clock.clkout.source" option="board.clock.clkout.source.disabled"/>
    <node id="board.clock.uclk.source" option="board.clock.uclk.source.pll2"/>
    <node id="board.clock.iclk.div" option="board.clock.iclk.div.2"/>
    <node id="board.clock.pclka.div" option="board.clock.pclka.div.2"/>
    <node id="board.clock.pclkb.div" option="board.clock.pclkb.div.4"/>
    <node id="board.clock.pclkc.div" option="board.clock.pclkc.div.4"/>
    <node id="board.clock.pclkd.div" option="board.clock.pclkd.div.2"/>
    <node id="board.clock.fclk.div" option="board.clock.fclk.div.4"/>
    <node id="board.clock.clkout.div" option="board.clock.clkout.div.1"/>
    <node id="board.clock.uclk.div" option="board.clock.uclk.div.5"/>
    <node id="board.clock.iclk.display" option="board.clock.iclk.display.value"/>
    <node id="board.clock.pclka.display" option="board.clock.pclka.display.value"/>
    <node id="board.clock.pclkb.display" option="board.clock.pclkb.display.value"/>
    <node id="board.clock.pclkc.display" option="board.clock.pclkc.display.value"/>
    <node id="board.clock.pclkd.display" option="board.clock.pclkd.display.value"/>
    <node id="board.clock.fclk.display" option="board.clock.fclk.display.value"/>
    <node id="board.clock.clkout.display" option="board.clock.clkout.display.value"/>
    <node id="board.clock.uclk.display" option="board.clock.uclk.display.value"/>
  </raClockConfiguration>
  <raComponentSelection>
    <component apiversion="" class="BSP" condition="" group="Board" subgroup="ra4e1_voice" variant="" vendor="Renesas" version="5.7.0">
      <description>RA4E1-VOICE Board Support Files</description>
      <originalPack>Renesas.RA_board_ra4e1_voice.5.7.0.pack</originalPack>
    </component>
    <component apiversion="" class="BSP" condition="" group="ra4e1" subgroup="device" variant="R7FA4E10D2CNE" vendor="Renesas" version="5.7.0">
      <description>Board support package for R7FA4E10D2CNE</description>
      <originalPack>Renesas.RA_mcu_ra4e1.5.7.0.pack</originalPack>
    </component>
    <component apiversion="" class="BSP" condition="" group="ra4e1" subgroup="device" variant="" vendor="Renesas" version="5.7.0">
      <description>Board support package for RA4E1</description>
      <originalPack>Renesas.RA_mcu_ra4e1.5.7.0.pack</originalPack>
    </component>
    <component apiversion="" class="BSP" condition="" group="ra4e1" subgroup="fsp" variant="" vendor="Renesas" version="5.7.0">
      <description>Board support package for RA4E1 - FSP Data</description>
      <originalPack>Renesas.RA_mcu_ra4e1.5.7.0.pack</originalPack>
    </component>
    <component apiversion="" class="BSP" condition="" group="ra4e1" subgroup="events" variant="" vendor="Renesas" version="5.7.0">
      <description>Board support package for RA4E1 - Events</description>
      <originalPack>Renesas.RA_mcu_ra4e1.5.7.0.pack</originalPack>
    </component>
    <component apiversion="" class="CMSIS" condition="" group="CMSIS5" subgroup="CoreM" variant="" vendor="Arm" version="6.1.0+fsp.5.7.0">
      <description>Arm CMSIS Version 6 - Core (M)</description>
      <originalPack>Arm.CMSIS6.6.1.0+fsp.5.7.0.pack</originalPack>
    </component>
    <component apiversion="" class="Common" condition="" group="all" subgroup="fsp_common" variant="" vendor="Renesas" version="5.7.0">
      <description>Board Support Package Common Files</description>
      <originalPack>Renesas.RA.5.7.0.pack</originalPack>
    </component>
    <component apiversion="" class="HAL Drivers" condition="" group="all" subgroup="r_adc" variant="" vendor="Renesas" version="5.7.0">
      <description>A/D Converter</description>
      <originalPack>Renesas.RA.5.7.0.pack</originalPack>
    </component>
    <component apiversion="" class="HAL Drivers" condition="" group="all" subgroup="r_agt" variant="" vendor="Renesas" version="5.7.0">
      <description>Asynchronous General Purpose Timer</description>
      <originalPack>Renesas.RA.5.7.0.pack</originalPack>
    </component>
    <component apiversion="" class="HAL Drivers" condition="" group="all" subgroup="r_dac" variant="" vendor="Renesas" version="5.7.0">
      <description>12-bit D/A Converter</description>
      <originalPack>Renesas.RA.5.7.0.pack</originalPack>
    </component>
    <component apiversion="" class="HAL Drivers" condition="" group="all" subgroup="r_dmac" variant="" vendor="Renesas" version="5.7.0">
      <description>Direct Memory Access Controller</description>
      <originalPack>Renesas.RA.5.7.0.pack</originalPack>
    </component>
    <component apiversion="" class="HAL Drivers" condition="" group="all" subgroup="r_dtc" variant="" vendor="Renesas" version="5.7.0">
      <description>Data Transfer Controller</description>
      <originalPack>Renesas.RA.5.7.0.pack</originalPack>
    </component>
    <component apiversion="" class="HAL Drivers" condition="" group="all" subgroup="r_elc" variant="" vendor="Renesas" version="5.7.0">
      <description>Event Link Controller</description>
      <originalPack>Renesas.RA.5.7.0.pack</originalPack>
    </component>
    <component apiversion="" class="HAL Drivers" condition="" group="all" subgroup="r_flash_hp" variant="" vendor="Renesas" version="5.7.0">
      <description>Flash Memory High Performance</description>
      <originalPack>Renesas.RA.5.7.0.pack</originalPack>
    </component>
    <component apiversion="" class="HAL Drivers" condition="" group="all" subgroup="r_gpt" variant="" vendor="Renesas" version="5.7.0">
      <description>General PWM Timer</description>
      <originalPack>Renesas.RA.5.7.0.pack</originalPack>
    </component>
    <component apiversion="" class="HAL Drivers" condition="" group="all" subgroup="r_icu" variant="" vendor="Renesas" version="5.7.0">
      <description>External Interrupt</description>
      <originalPack>Renesas.RA.5.7.0.pack</originalPack>
    </component>
    <component apiversion="" class="HAL Drivers" condition="" group="all" subgroup="r_ioport" variant="" vendor="Renesas" version="5.7.0">
      <description>I/O Port</description>
      <originalPack>Renesas.RA.5.7.0.pack</originalPack>
    </component>
    <component apiversion="" class="HAL Drivers" condition="" group="all" subgroup="r_sci_uart" variant="" vendor="Renesas" version="5.7.0">
      <description>SCI UART</description>
      <originalPack>Renesas.RA.5.7.0.pack</originalPack>
    </component>
    <component apiversion="" class="HAL Drivers" condition="" group="all" subgroup="r_spi" variant="" vendor="Renesas" version="5.7.0">
      <description>Serial Peripheral Interface</description>
      <originalPack>Renesas.RA.5.7.0.pack</originalPack>
    </component>
  </raComponentSelection>
  <raElcConfiguration/>
  <raIcuConfiguration/>
  <raModuleConfiguration>
    <module id="module.driver.ioport_on_ioport.0">
      <property id="module.driver.ioport.name" value="g_ioport"/>
      <property id="module.driver.ioport.elc_trigger_ioport1" value="_disabled"/>
      <property id="module.driver.ioport.elc_trigger_ioport2" value="_disabled"/>
      <property id="module.driver.ioport.elc_trigger_ioport3" value="_disabled"/>
      <property id="module.driver.ioport.elc_trigger_ioport4" value="_disabled"/>
      <property id="module.driver.ioport.pincfg" value="g_bsp_pin_cfg"/>
    </module>
    <module id="module.driver.uart_on_sci_uart.630645421">
      <property id="module.driver.uart.name" value="g_uart_ds"/>
      <property id="module.driver.uart.channel" value="3"/>
      <property id="module.driver.uart.data_bits" value="module.driver.uart.data_bits.data_bits_8"/>
      <property id="module.driver.uart.parity" value="module.driver.uart.parity.parity_off"/>
      <property id="module.driver.uart.stop_bits" value="module.driver.uart.stop_bits.stop_bits_1"/>
      <property id="module.driver.uart.baud" value="460800"/>
      <property id="module.driver.uart.baudrate_modulation" value="module.driver.uart.baudrate_modulation.enabled"/>
      <property id="module.driver.uart.baudrate_max_err" value="5"/>
      <property id="module.driver.uart.flow_control" value="module.driver.uart.flow_control.rts"/>
      <property id="module.driver.uart.pin_control_port" value="module.driver.uart.pin_control_port.PORT_DISABLE"/>
      <property id="module.driver.uart.pin_control_pin" value="module.driver.uart.pin_control_pin.PIN_DISABLE"/>
      <property id="module.driver.uart.clk_src" value="module.driver.uart.clk_src.int_clk"/>
      <property id="module.driver.uart.rx_edge_start" value="module.driver.uart.rx_edge_start.falling_edge"/>
      <property id="module.driver.uart.noisecancel_en" value="module.driver.uart.noisecancel_en.disabled"/>
      <property id="module.driver.uart.rx_fifo_trigger" value="module.driver.uart.rx_fifo_trigger.max"/>
      <property id="module.driver.uart.irda.ire" value="module.driver.uart.irda.ire.disabled"/>
      <property id="module.driver.uart.irda.irrxinv" value="module.driver.uart.irda.irrxinv.disabled"/>
      <property id="module.driver.uart.irda.irtxinv" value="module.driver.uart.irda.irtxinv.disabled"/>
      <property id="module.driver.uart.rs485.de_enable" value="module.driver.uart.rs485.de_enable.disabled"/>
      <property id="module.driver.uart.rs485.de_polarity" value="module.driver.uart.rs485.de_polarity.high"/>
      <property id="module.driver.uart.rs485.de_port_number" value="module.driver.uart.rs485.de_port_number.PORT_DISABLE"/>
      <property id="module.driver.uart.rs485.de_pin_number" value="module.driver.uart.rs485.de_pin_number.PIN_DISABLE"/>
      <property id="module.driver.uart.callback" value="user_uart_callback"/>
      <property id="module.driver.uart.rxi_ipl" value="board.icu.common.irq.priority12"/>
      <property id="module.driver.uart.txi_ipl" value="board.icu.common.irq.priority12"/>
      <property id="module.driver.uart.tei_ipl" value="board.icu.common.irq.priority12"/>
      <property id="module.driver.uart.eri_ipl" value="board.icu.common.irq.priority12"/>
    </module>
    <module id="module.driver.flash_on_flash_hp.1805227539">
      <property id="module.driver.flash.name" value="g_flash0"/>
      <property id="module.driver.flash.data_flash_bgo" value="module.driver.flash.data_flash_bgo.enabled"/>
      <property id="module.driver.flash.p_callback" value="flash0_bgo_callback"/>
      <property id="module.driver.flash.ipl" value="board.icu.common.irq.priority8"/>
      <property id="module.driver.flash.err_ipl" value="board.icu.common.irq.priority8"/>
    </module>
    <module id="module.driver.timer_on_gpt.1317856654">
      <property id="module.driver.timer.name" value="g_timer_sck"/>
      <property id="module.driver.timer.channel" value="1"/>
      <property id="module.driver.timer.mode" value="module.driver.timer.mode.mode_periodic"/>
      <property id="module.driver.timer.period" value="1024000"/>
      <property id="module.driver.timer.compare_match.a.status" value="module.driver.timer.compare_match.a.status.disabled"/>
      <property id="module.driver.timer.compare_match.a.value" value="0"/>
      <property id="module.driver.timer.compare_match.b.status" value="module.driver.timer.compare_match.b.status.disabled"/>
      <property id="module.driver.timer.compare_match.b.value" value="0"/>
      <property id="module.driver.timer.unit" value="module.driver.timer.unit.unit_frequency_hz"/>
      <property id="module.driver.timer.gtior.gtioa.initial_output_level" value="module.driver.timer.gtior.gtioa.initial_output_level.low"/>
      <property id="module.driver.timer.gtior.gtioa.cycle_end_output_level" value="module.driver.timer.gtior.gtioa.cycle_end_output_level.retain"/>
      <property id="module.driver.timer.gtior.gtioa.compare_match_output_level" value="module.driver.timer.gtior.gtioa.compare_match_output_level.retain"/>
      <property id="module.driver.timer.gtior.gtioa.count_stop_retain" value="module.driver.timer.gtior.gtioa.count_stop_retain.disabled"/>
      <property id="module.driver.timer.gtior.gtiob.initial_output_level" value="module.driver.timer.gtior.gtiob.initial_output_level.low"/>
      <property id="module.driver.timer.gtior.gtiob.cycle_end_output_level" value="module.driver.timer.gtior.gtiob.cycle_end_output_level.retain"/>
      <property id="module.driver.timer.gtior.gtiob.compare_match_output_level" value="module.driver.timer.gtior.gtiob.compare_match_output_level.retain"/>
      <property id="module.driver.timer.gtior.gtiob.count_stop_retain" value="module.driver.timer.gtior.gtiob.count_stop_retain.disabled"/>
      <property id="module.driver.timer.gtior.custom_waveform_enable" value="module.driver.timer.gtior.custom_waveform_enable.disabled"/>
      <property id="module.driver.timer.duty_cycle" value="50"/>
      <property id="module.driver.timer.gtioca_output_enabled" value="module.driver.timer.gtioca_output_enabled.false"/>
      <property id="module.driver.timer.gtioca_stop_level" value="module.driver.timer.gtioca_stop_level.pin_level_low"/>
      <property id="module.driver.timer.gtiocb_output_enabled" value="module.driver.timer.gtiocb_output_enabled.true"/>
      <property id="module.driver.timer.gtiocb_stop_level" value="module.driver.timer.gtiocb_stop_level.pin_level_low"/>
      <property id="module.driver.timer.count_up_source" value=""/>
      <property id="module.driver.timer.count_down_source" value=""/>
      <property id="module.driver.timer.start_source" value=""/>
      <property id="module.driver.timer.stop_source" value=""/>
      <property id="module.driver.timer.clear_source" value=""/>
      <property id="module.driver.timer.capture_a_source" value=""/>
      <property id="module.driver.timer.capture_b_source" value=""/>
      <property id="module.driver.timer.gtioca_filter" value="module.driver.timer.gtioc_filter.gtioc_filter_none"/>
      <property id="module.driver.timer.gtiocb_filter" value="module.driver.timer.gtioc_filter.gtioc_filter_none"/>
      <property id="module.driver.timer.p_callback" value="NULL"/>
      <property id="module.driver.timer.ipl" value="_disabled"/>
      <property id="module.driver.timer.capture_a_ipl" value="_disabled"/>
      <property id="module.driver.timer.capture_b_ipl" value="_disabled"/>
      <property id="module.driver.timer.trough_ipl" value="_disabled"/>
      <property id="module.driver.timer.extra" value="module.driver.timer.extra.disabled"/>
      <property id="module.driver.timer.poeg_link" value="enum.driver.poeg.channels.poeg_link_poeg0"/>
      <property id="module.driver.timer.output_disable" value=""/>
      <property id="module.driver.timer.adc_trigger" value=""/>
      <property id="module.driver.timer.adc_a_compare_match" value="0"/>
      <property id="module.driver.timer.adc_b_compare_match" value="0"/>
      <property id="module.driver.timer.dead_time_count_up" value="0"/>
      <property id="module.driver.timer.dead_time_count_down" value="0"/>
      <property id="module.driver.timer.interrupt_skip.source" value="module.driver.timer.interrupt_skip.source.none"/>
      <property id="module.driver.timer.interrupt_skip.count" value="module.driver.timer.interrupt_skip.count.count_0"/>
      <property id="module.driver.timer.interrupt_skip.adc" value="module.driver.timer.interrupt_skip.skip_sources.interrupt_skip.adc.none"/>
      <property id="module.driver.timer.gtioca_disable_setting" value="module.driver.timer.gtioca_disable_setting.gtioc_disable_prohibited"/>
      <property id="module.driver.timer.gtiocb_disable_setting" value="module.driver.timer.gtiocb_disable_setting.gtioc_disable_prohibited"/>
    </module>
    <module id="module.driver.timer_on_gpt.1623916867">
      <property id="module.driver.timer.name" value="g_timer_ws"/>
      <property id="module.driver.timer.channel" value="4"/>
      <property id="module.driver.timer.mode" value="module.driver.timer.mode.mode_pwm"/>
      <property id="module.driver.timer.period" value="32"/>
      <property id="module.driver.timer.compare_match.a.status" value="module.driver.timer.compare_match.a.status.disabled"/>
      <property id="module.driver.timer.compare_match.a.value" value="0"/>
      <property id="module.driver.timer.compare_match.b.status" value="module.driver.timer.compare_match.b.status.disabled"/>
      <property id="module.driver.timer.compare_match.b.value" value="0"/>
      <property id="module.driver.timer.unit" value="module.driver.timer.unit.unit_period_raw_counts"/>
      <property id="module.driver.timer.gtior.gtioa.initial_output_level" value="module.driver.timer.gtior.gtioa.initial_output_level.low"/>
      <property id="module.driver.timer.gtior.gtioa.cycle_end_output_level" value="module.driver.timer.gtior.gtioa.cycle_end_output_level.retain"/>
      <property id="module.driver.timer.gtior.gtioa.compare_match_output_level" value="module.driver.timer.gtior.gtioa.compare_match_output_level.retain"/>
      <property id="module.driver.timer.gtior.gtioa.count_stop_retain" value="module.driver.timer.gtior.gtioa.count_stop_retain.disabled"/>
      <property id="module.driver.timer.gtior.gtiob.initial_output_level" value="module.driver.timer.gtior.gtiob.initial_output_level.high"/>
      <property id="module.driver.timer.gtior.gtiob.cycle_end_output_level" value="module.driver.timer.gtior.gtiob.cycle_end_output_level.retain"/>
      <property id="module.driver.timer.gtior.gtiob.compare_match_output_level" value="module.driver.timer.gtior.gtiob.compare_match_output_level.toggle"/>
      <property id="module.driver.timer.gtior.gtiob.count_stop_retain" value="module.driver.timer.gtior.gtiob.count_stop_retain.disabled"/>
      <property id="module.driver.timer.gtior.custom_waveform_enable" value="module.driver.timer.gtior.custom_waveform_enable.enabled"/>
      <property id="module.driver.timer.duty_cycle" value="50"/>
      <property id="module.driver.timer.gtioca_output_enabled" value="module.driver.timer.gtioca_output_enabled.false"/>
      <property id="module.driver.timer.gtioca_stop_level" value="module.driver.timer.gtioca_stop_level.pin_level_low"/>
      <property id="module.driver.timer.gtiocb_output_enabled" value="module.driver.timer.gtiocb_output_enabled.true"/>
      <property id="module.driver.timer.gtiocb_stop_level" value="module.driver.timer.gtiocb_stop_level.pin_level_low"/>
      <property id="module.driver.timer.count_up_source" value="_signal.event.gpt1.counter.overflow"/>
      <property id="module.driver.timer.count_down_source" value=""/>
      <property id="module.driver.timer.start_source" value=""/>
      <property id="module.driver.timer.stop_source" value=""/>
      <property id="module.driver.timer.clear_source" value=""/>
      <property id="module.driver.timer.capture_a_source" value=""/>
      <property id="module.driver.timer.capture_b_source" value=""/>
      <property id="module.driver.timer.gtioca_filter" value="module.driver.timer.gtioc_filter.gtioc_filter_none"/>
      <property id="module.driver.timer.gtiocb_filter" value="module.driver.timer.gtioc_filter.gtioc_filter_none"/>
      <property id="module.driver.timer.p_callback" value="NULL"/>
      <property id="module.driver.timer.ipl" value="_disabled"/>
      <property id="module.driver.timer.capture_a_ipl" value="_disabled"/>
      <property id="module.driver.timer.capture_b_ipl" value="_disabled"/>
      <property id="module.driver.timer.trough_ipl" value="_disabled"/>
      <property id="module.driver.timer.extra" value="module.driver.timer.extra.disabled"/>
      <property id="module.driver.timer.poeg_link" value="enum.driver.poeg.channels.poeg_link_poeg0"/>
      <property id="module.driver.timer.output_disable" value=""/>
      <property id="module.driver.timer.adc_trigger" value=""/>
      <property id="module.driver.timer.adc_a_compare_match" value="0"/>
      <property id="module.driver.timer.adc_b_compare_match" value="0"/>
      <property id="module.driver.timer.dead_time_count_up" value="0"/>
      <property id="module.driver.timer.dead_time_count_down" value="0"/>
      <property id="module.driver.timer.interrupt_skip.source" value="module.driver.timer.interrupt_skip.source.none"/>
      <property id="module.driver.timer.interrupt_skip.count" value="module.driver.timer.interrupt_skip.count.count_0"/>
      <property id="module.driver.timer.interrupt_skip.adc" value="module.driver.timer.interrupt_skip.skip_sources.interrupt_skip.adc.none"/>
      <property id="module.driver.timer.gtioca_disable_setting" value="module.driver.timer.gtioca_disable_setting.gtioc_disable_prohibited"/>
      <property id="module.driver.timer.gtiocb_disable_setting" value="module.driver.timer.gtiocb_disable_setting.gtioc_disable_prohibited"/>
    </module>
    <module id="module.driver.spi_on_spi.1767300380">
      <property id="module.driver.spi.name" value="g_spi_i2s"/>
      <property id="module.driver.spi.channel" value="0"/>
      <property id="module.driver.spi.rxi_ipl" value="board.icu.common.irq.priority10"/>
      <property id="module.driver.spi.txi_ipl" value="board.icu.common.irq.priority10"/>
      <property id="module.driver.spi.tei_ipl" value="board.icu.common.irq.priority10"/>
      <property id="module.driver.spi.eri_ipl" value="board.icu.common.irq.priority10"/>
      <property id="module.driver.spi.operating_mode" value="module.driver.spi.operating_mode.mode_slave"/>
      <property id="module.driver.spi.clk_phase" value="module.driver.spi.clk_phase.clk_phase_edge_odd"/>
      <property id="module.driver.spi.clk_polarity" value="module.driver.spi.clk_polarity.clk_polarity_low"/>
      <property id="module.driver.spi.mode_fault" value="module.driver.spi.mode_fault.mode_fault_error_disable"/>
      <property id="module.driver.spi.bit_order" value="module.driver.spi.bit_order.bit_order_msb_first"/>
      <property id="module.driver.spi.p_callback" value="g_spi_cb"/>
      <property id="module.driver.spi.spi_clksyn" value="module.driver.spi.spi_clksyn.spi_operation"/>
      <property id="module.driver.spi.spi_comm" value="module.driver.spi.spi_comm.full_duplex"/>
      <property id="module.driver.spi.ssl_polarity" value="module.driver.spi.ssl_polarity.low"/>
      <property id="module.driver.spi.ssl_select" value="module.driver.spi.ssl_select.zero"/>
      <property id="module.driver.spi.mosi_idle_value_fixing" value="module.driver.spi.mosi_idle_value_fixing.disable"/>
      <property id="module.driver.spi.parity" value="module.driver.spi.parity_mode.disable"/>
      <property id="module.driver.spi.byte_swap" value="module.driver.spi.byte_swap.disable"/>
      <property id="module.driver.spi.bitrate" value="1024000"/>
      <property id="module.driver.spi.spck_delay" value="module.driver.spi.spck_delay.one"/>
      <property id="module.driver.spi.ssl_negation_delay" value="module.driver.spi.ssl_negation_delay.one"/>
      <property id="module.driver.spi.next_access_delay" value="module.driver.spi.next_access_delay.one"/>
    </module>
    <module id="module.driver.transfer_on_dtc.722116317">
      <property id="module.driver.transfer.name" value="dtc_i2s_unused"/>
      <property id="module.driver.transfer.mode" value="module.driver.transfer.mode.mode_normal"/>
      <property id="module.driver.transfer.size" value="module.driver.transfer.size.size_2_byte"/>
      <property id="module.driver.transfer.dest_addr_mode" value="module.driver.transfer.dest_addr_mode.addr_mode_fixed"/>
      <property id="module.driver.transfer.src_addr_mode" value="module.driver.transfer.src_addr_mode.addr_mode_fixed"/>
      <property id="module.driver.transfer.repeat_area" value="module.driver.transfer.repeat_area.repeat_area_source"/>
      <property id="module.driver.transfer.interrupt" value="module.driver.transfer.interrupt.interrupt_end"/>
      <property id="module.driver.transfer.length" value="0"/>
      <property id="module.driver.transfer.num_blocks" value="0"/>
      <property id="module.driver.transfer.number_of_descriptors" value="1"/>
      <property id="module.driver.transfer.activation_source" value="_disabled"/>
    </module>
    <module id="module.driver.transfer_on_dtc.67318426">
      <property id="module.driver.transfer.name" value="dtc_i2s_rx"/>
      <property id="module.driver.transfer.mode" value="module.driver.transfer.mode.mode_normal"/>
      <property id="module.driver.transfer.size" value="module.driver.transfer.size.size_2_byte"/>
      <property id="module.driver.transfer.dest_addr_mode" value="module.driver.transfer.dest_addr_mode.addr_mode_fixed"/>
      <property id="module.driver.transfer.src_addr_mode" value="module.driver.transfer.src_addr_mode.addr_mode_fixed"/>
      <property id="module.driver.transfer.repeat_area" value="module.driver.transfer.repeat_area.repeat_area_source"/>
      <property id="module.driver.transfer.interrupt" value="module.driver.transfer.interrupt.interrupt_end"/>
      <property id="module.driver.transfer.length" value="0"/>
      <property id="module.driver.transfer.num_blocks" value="0"/>
      <property id="module.driver.transfer.number_of_descriptors" value="1"/>
      <property id="module.driver.transfer.activation_source" value="_disabled"/>
    </module>
    <module id="module.driver.external_irq_on_icu.942340967">
      <property id="module.driver.external_irq.name" value="g_irq_button_voice_tag"/>
      <property id="module.driver.external_irq.channel" value="4"/>
      <property id="module.driver.external_irq.trigger" value="module.driver.external_irq.trigger.trig_rising"/>
      <property id="module.driver.external_irq.filter_enable" value="module.driver.external_irq.filter_enable.true"/>
      <property id="module.driver.external_irq.clock_source_div" value="module.driver.external_irq.clock_source_div.clock_source_div_by_64"/>
      <property id="module.driver.external_irq.p_callback" value="g_irq_button_voice_tag_cb"/>
      <property id="module.driver.external_irq.ipl" value="board.icu.common.irq.priority12"/>
    </module>
    <module id="module.driver.elc_on_elc.1715750279">
      <property id="module.driver.elc.name" value="g_elc"/>
    </module>
    <module id="module.driver.dac_on_dac.558108621">
      <property id="module.driver.dac.name" value="g_dac_playback"/>
      <property id="module.driver.dac.channel_id" value="0"/>
      <property id="module.driver.dac.ad_da_synchronized" value="module.driver.dac.ad_da_synchronized.disabled"/>
      <property id="module.driver.dac.data_format" value="module.driver.dac.data_format.data_format_flush_right"/>
      <property id="module.driver.dac.output_amplifier_enabled" value="module.driver.dac.output_amplifier.disabled"/>
      <property id="module.driver.dac.charge_pump_enabled" value="enum.mcu.dac.charge_pump.disabled"/>
      <property id="module.driver.dac.internal_output" value="enum.mcu.dac.internal_output.disabled"/>
      <property id="module.driver.dac.elc_trigger" value="_disabled"/>
      <property id="module.driver.dac.ref_volt_sel" value="module.driver.dac.ref_volt_sel.disable"/>
    </module>
    <module id="module.driver.timer_on_gpt.510349363">
      <property id="module.driver.timer.name" value="g_timer_playback"/>
      <property id="module.driver.timer.channel" value="5"/>
      <property id="module.driver.timer.mode" value="module.driver.timer.mode.mode_periodic"/>
      <property id="module.driver.timer.period" value="16000"/>
      <property id="module.driver.timer.compare_match.a.status" value="module.driver.timer.compare_match.a.status.disabled"/>
      <property id="module.driver.timer.compare_match.a.value" value="0"/>
      <property id="module.driver.timer.compare_match.b.status" value="module.driver.timer.compare_match.b.status.disabled"/>
      <property id="module.driver.timer.compare_match.b.value" value="0"/>
      <property id="module.driver.timer.unit" value="module.driver.timer.unit.unit_frequency_hz"/>
      <property id="module.driver.timer.gtior.gtioa.initial_output_level" value="module.driver.timer.gtior.gtioa.initial_output_level.low"/>
      <property id="module.driver.timer.gtior.gtioa.cycle_end_output_level" value="module.driver.timer.gtior.gtioa.cycle_end_output_level.retain"/>
      <property id="module.driver.timer.gtior.gtioa.compare_match_output_level" value="module.driver.timer.gtior.gtioa.compare_match_output_level.retain"/>
      <property id="module.driver.timer.gtior.gtioa.count_stop_retain" value="module.driver.timer.gtior.gtioa.count_stop_retain.disabled"/>
      <property id="module.driver.timer.gtior.gtiob.initial_output_level" value="module.driver.timer.gtior.gtiob.initial_output_level.low"/>
      <property id="module.driver.timer.gtior.gtiob.cycle_end_output_level" value="module.driver.timer.gtior.gtiob.cycle_end_output_level.retain"/>
      <property id="module.driver.timer.gtior.gtiob.compare_match_output_level" value="module.driver.timer.gtior.gtiob.compare_match_output_level.retain"/>
      <property id="module.driver.timer.gtior.gtiob.count_stop_retain" value="module.driver.timer.gtior.gtiob.count_stop_retain.disabled"/>
      <property id="module.driver.timer.gtior.custom_waveform_enable" value="module.driver.timer.gtior.custom_waveform_enable.disabled"/>
      <property id="module.driver.timer.duty_cycle" value="50"/>
      <property id="module.driver.timer.gtioca_output_enabled" value="module.driver.timer.gtioca_output_enabled.false"/>
      <property id="module.driver.timer.gtioca_stop_level" value="module.driver.timer.gtioca_stop_level.pin_level_low"/>
      <property id="module.driver.timer.gtiocb_output_enabled" value="module.driver.timer.gtiocb_output_enabled.false"/>
      <property id="module.driver.timer.gtiocb_stop_level" value="module.driver.timer.gtiocb_stop_level.pin_level_low"/>
      <property id="module.driver.timer.count_up_source" value=""/>
      <property id="module.driver.timer.count_down_source" value=""/>
      <property id="module.driver.timer.start_source" value=""/>
      <property id="module.driver.timer.stop_source" value=""/>
      <property id="module.driver.timer.clear_source" value=""/>
      <property id="module.driver.timer.capture_a_source" value=""/>
      <property id="module.driver.timer.capture_b_source" value=""/>
      <property id="module.driver.timer.gtioca_filter" value="module.driver.timer.gtioc_filter.gtioc_filter_none"/>
      <property id="module.driver.timer.gtiocb_filter" value="module.driver.timer.gtioc_filter.gtioc_filter_none"/>
      <property id="module.driver.timer.p_callback" value="g_timer_playback_callback"/>
      <property id="module.driver.timer.ipl" value="board.icu.common.irq.priority12"/>
      <property id="module.driver.timer.capture_a_ipl" value="_disabled"/>
      <property id="module.driver.timer.capture_b_ipl" value="_disabled"/>
      <property id="module.driver.timer.trough_ipl" value="_disabled"/>
      <property id="module.driver.timer.extra" value="module.driver.timer.extra.disabled"/>
      <property id="module.driver.timer.poeg_link" value="enum.driver.poeg.channels.poeg_link_poeg0"/>
      <property id="module.driver.timer.output_disable" value=""/>
      <property id="module.driver.timer.adc_trigger" value=""/>
      <property id="module.driver.timer.adc_a_compare_match" value="0"/>
      <property id="module.driver.timer.adc_b_compare_match" value="0"/>
      <property id="module.driver.timer.dead_time_count_up" value="0"/>
      <property id="module.driver.timer.dead_time_count_down" value="0"/>
      <property id="module.driver.timer.interrupt_skip.source" value="module.driver.timer.interrupt_skip.source.none"/>
      <property id="module.driver.timer.interrupt_skip.count" value="module.driver.timer.interrupt_skip.count.count_0"/>
      <property id="module.driver.timer.interrupt_skip.adc" value="module.driver.timer.interrupt_skip.skip_sources.interrupt_skip.adc.none"/>
      <property id="module.driver.timer.gtioca_disable_setting" value="module.driver.timer.gtioca_disable_setting.gtioc_disable_prohibited"/>
      <property id="module.driver.timer.gtiocb_disable_setting" value="module.driver.timer.gtiocb_disable_setting.gtioc_disable_prohibited"/>
    </module>
    <module id="module.driver.timer_on_agt.632621025">
      <property id="module.driver.timer.name" value="g_timer_amic"/>
      <property id="module.driver.timer.bit_width" value="module.driver.timer.bit_width.16"/>
      <property id="module.driver.timer.channel" value="0"/>
      <property id="module.driver.timer.mode" value="module.driver.timer.mode.mode_periodic"/>
      <property id="module.driver.timer.period" value="16000"/>
      <property id="module.driver.timer.unit" value="module.driver.timer.unit.unit_frequency_hz"/>
      <property id="module.driver.timer.duty_cycle" value="50"/>
      <property id="module.driver.timer.count_source" value="module.driver.timer.count_source.clock_pclkb"/>
      <property id="module.driver.timer.agtoa_output_enable" value="module.driver.timer.agtoa_output_enable.false"/>
      <property id="module.driver.timer.agtob_output_enable" value="module.driver.timer.agtob_output_enable.false"/>
      <property id="module.driver.timer.agto_output_enable" value="module.driver.timer.agto_output_enable.false"/>
      <property id="module.driver.timer.measurement_mode" value="module.driver.timer.measurement_mode.measure_disabled"/>
      <property id="module.driver.timer.agtio_filter" value="module.driver.timer.agtio_filter.agtio_filter_none"/>
      <property id="module.driver.timer.enable_pin" value="module.driver.timer.enable_pin.enable_pin_not_used"/>
      <property id="module.driver.timer.trigger_edge" value="module.driver.timer.trigger_edge.trigger_edge_rising"/>
      <property id="module.driver.timer.p_callback" value="NULL"/>
      <property id="module.driver.timer.ipl" value="_disabled"/>
    </module>
    <module id="module.driver.adc_on_adc.118251783">
      <property id="module.driver.adc.name" value="g_adc_amic"/>
      <property id="module.driver.adc.unit" value="0"/>
      <property id="module.driver.adc.resolution" value="module.driver.adc.resolution.resolution_12_bit"/>
      <property id="module.driver.adc.alignment" value="module.driver.adc.alignment.alignment_right"/>
      <property id="module.driver.adc.clearing" value="module.driver.adc.clearing.clear_after_read_on"/>
      <property id="module.driver.adc.mode" value="module.driver.adc.mode.mode_single_scan"/>
      <property id="module.driver.adc.mode.dt" value="module.driver.adc.mode.dt.disabled"/>
      <property id="module.driver.adc.scan_mask" value="module.driver.adc.scan_mask.channel_0"/>
      <property id="module.driver.adc.scan_mask_group_b" value=""/>
      <property id="module.driver.adc.trigger" value="_signal.event.agt0.int"/>
      <property id="module.driver.adc.trigger_group_b" value="_disabled"/>
      <property id="module.driver.adc.priority_group_a" value="module.driver.adc.priority_group_a.group_a_priority_off"/>
      <property id="module.driver.adc.add_average_count" value="module.driver.adc.add_average_count.add_off"/>
      <property id="module.driver.adc.adc_vref_control" value="module.driver.adc.adc_vref_control.vrefh"/>
      <property id="module.driver.adc.add_mask" value=""/>
      <property id="module.driver.adc.sample_hold_mask" value=""/>
      <property id="module.driver.adc.sample_hold_states" value="24"/>
      <property id="module.driver.adc.compare.window_mode" value="module.driver.adc.compare.window_mode.disabled"/>
      <property id="module.driver.adc.compare.event_mode" value="module.driver.adc.compare.event_mode.or"/>
      <property id="module.driver.adc.compare.window_a.enable" value="module.driver.adc.compare.window_a.enable.disabled"/>
      <property id="module.driver.adc.compare.window_a.channels" value=""/>
      <property id="module.driver.adc.compare.window_a.channel_mode" value=""/>
      <property id="module.driver.adc.compare.window_a.ref_lower" value="0"/>
      <property id="module.driver.adc.compare.window_a.ref_upper" value="0"/>
      <property id="module.driver.adc.compare.window_b.enable" value="module.driver.adc.compare.window_b.enable.disabled"/>
      <property id="module.driver.adc.compare.window_b.channel" value="module.driver.adc.compare.window_b.channel.channel_0"/>
      <property id="module.driver.adc.compare.window_b.mode" value="module.driver.adc.compare.window_b.mode"/>
      <property id="module.driver.adc.compare.window_b.ref_lower" value="0"/>
      <property id="module.driver.adc.compare.window_b.ref_upper" value="0"/>
      <property id="module.driver.adc.p_callback" value="NULL"/>
      <property id="module.driver.adc.scan_end_ipl" value="_disabled"/>
      <property id="module.driver.adc.scan_end_b_ipl" value="_disabled"/>
      <property id="module.driver.adc.window_a_ipl" value="_disabled"/>
      <property id="module.driver.adc.window_b_ipl" value="_disabled"/>
      <property id="module.driver.adc.adbuf" value="module.driver.adc.adbuf.disabled"/>
    </module>
    <module id="module.driver.transfer_on_dmac.492150240">
      <property id="module.driver.transfer.name" value="g_transfer_adc"/>
      <property id="module.driver.transfer.channel" value="0"/>
      <property id="module.driver.transfer.mode" value="module.driver.transfer.mode.mode_normal"/>
      <property id="module.driver.transfer.size" value="module.driver.transfer.size.size_2_byte"/>
      <property id="module.driver.transfer.dest_addr_mode" value="module.driver.transfer.dest_addr_mode.addr_mode_incremented"/>
      <property id="module.driver.transfer.src_addr_mode" value="module.driver.transfer.src_addr_mode.addr_mode_fixed"/>
      <property id="module.driver.transfer.repeat_area" value="module.driver.transfer.repeat_area.repeat_area_source"/>
      <property id="module.driver.transfer.length" value="40"/>
      <property id="module.driver.transfer.num_blocks" value="0"/>
      <property id="module.driver.transfer.activation_event" value="_signal.event.adc0.scan.end"/>
      <property id="module.driver.transfer.p_callback" value="cb_dma_end"/>
      <property id="module.driver.transfer.ipl" value="board.icu.common.irq.priority12"/>
      <property id="module.driver.transfer.interrupt" value="module.driver.transfer.interrupt.interrupt_end"/>
      <property id="module.driver.transfer.offset" value="1"/>
      <property id="module.driver.transfer.src.buffer" value="1"/>
    </module>
    <context id="_hal.0">
      <stack module="module.driver.ioport_on_ioport.0"/>
      <stack module="module.driver.uart_on_sci_uart.630645421"/>
      <stack module="module.driver.flash_on_flash_hp.1805227539"/>
      <stack module="module.driver.timer_on_gpt.1317856654"/>
      <stack module="module.driver.timer_on_gpt.1623916867"/>
      <stack module="module.driver.spi_on_spi.1767300380">
        <stack module="module.driver.transfer_on_dtc.722116317" requires="module.driver.spi_on_spi.requires.transfer_tx"/>
        <stack module="module.driver.transfer_on_dtc.67318426" requires="module.driver.spi_on_spi.requires.transfer_rx"/>
      </stack>
      <stack module="module.driver.external_irq_on_icu.942340967"/>
      <stack module="module.driver.elc_on_elc.1715750279"/>
      <stack module="module.driver.dac_on_dac.558108621"/>
      <stack module="module.driver.timer_on_gpt.510349363"/>
      <stack module="module.driver.timer_on_agt.632621025"/>
      <stack module="module.driver.adc_on_adc.118251783"/>
      <stack module="module.driver.transfer_on_dmac.492150240"/>
    </context>
    <config id="config.driver.flash_hp">
      <property id="config.driver.flash_hp.param_checking_enable" value="config.flash_hp.param_checking_enable.bsp"/>
      <property id="config.driver.flash_hp.param_code_flash_programming_enable" value="config.driver.flash_hp.param_code_flash_programming_enable.disabled"/>
      <property id="config.driver.flash_hp.param_data_flash_programming_enable" value="config.driver.flash_hp.param_data_flash_programming_enable.enabled"/>
    </config>
    <config id="config.driver.adc">
      <property id="config.driver.adc.param_checking_enable" value="config.driver.adc.param_checking_enable.bsp"/>
    </config>
    <config id="config.driver.elc">
      <property id="config.driver.elc.checking" value="config.driver.elc.checking.system"/>
    </config>
    <config id="config.driver.dmac">
      <property id="config.driver.dmac.param_checking_enable" value="config.driver.dmac.param_checking_enable.bsp"/>
    </config>
    <config id="config.driver.dac">
      <property id="config.driver.dac.param_checking_enable" value="config.driver.dac.param_checking_enable.bsp"/>
    </config>
    <config id="config.driver.sci_uart">
      <property id="config.driver.sci_uart.param_checking_enable" value="config.driver.sci_uart.param_checking_enable.bsp"/>
      <property id="config.driver.sci_uart.fifo_support" value="config.driver.sci_uart.fifo_support.disabled"/>
      <property id="config.driver.sci_uart.dtc_support" value="config.driver.sci_uart.dtc_support.disabled"/>
      <property id="config.driver.sci_uart.flow_control" value="config.driver.sci_uart.flow_control.disabled"/>
      <property id="config.driver.sci_uart.rs485" value="config.driver.sci_uart.rs485.disabled"/>
      <property id="config.driver.sci_uart.irda" value="config.driver.sci_uart.irda.disabled"/>
    </config>
    <config id="config.driver.gpt">
      <property id="config.driver.gpt.param_checking_enable" value="config.driver.gpt.param_checking_enable.bsp"/>
      <property id="config.driver.gpt.output_support_enable" value="config.driver.gpt.output_support_enable.enabled"/>
      <property id="config.driver.gpt.write_protect_enable" value="config.driver.gpt.write_protect_enable.disabled"/>
    </config>
    <config id="config.driver.spi">
      <property id="config.driver.spi.param_checking_enable" value="config.driver.spi.param_checking_enable.bsp"/>
      <property id="config.driver.spi.dtc_enable" value="config.driver.spi.dtc_enable.enabled"/>
      <property id="config.driver.spi.rxi_transmit" value="config.driver.spi.rxi_transmit.disabled"/>
    </config>
    <config id="config.driver.ioport">
      <property id="config.driver.ioport.checking" value="config.driver.ioport.checking.system"/>
    </config>
    <config id="config.driver.icu">
      <property id="config.driver.icu.param_checking_enable" value="config.driver.icu.param_checking_enable.bsp"/>
    </config>
    <config id="config.driver.agt">
      <property id="config.driver.agt.param_checking_enable" value="config.driver.agt.param_checking_enable.bsp"/>
      <property id="config.driver.agt.output_support_enable" value="config.driver.agt.output_support_enable.disabled"/>
      <property id="config.driver.agt.input_support_enable" value="config.driver.agt.input_support_enable.disabled"/>
    </config>
    <config id="config.driver.dtc">
      <property id="config.driver.dtc.param_checking_enable" value="config.driver.dtc.param_checking_enable.bsp"/>
      <property id="config.driver.dtc.vector_table" value=".fsp_dtc_vector_table"/>
    </config>
  </raModuleConfiguration>
  <raPinConfiguration>
    <comment propertyId="p000.comment" value="AMIC_L"/>
    <comment propertyId="p001.comment" value="AMIC_R"/>
    <comment propertyId="p014.comment" value="PLAYBACK"/>
    <comment propertyId="p100.comment" value="QSPI_CLK / SCI0_RXD0"/>
    <comment propertyId="p101.comment" value="QSPI_DQ1 / SCI0_TXD0"/>
    <comment propertyId="p102.comment" value="QSPI_DQ0 / SCI0_SCK0"/>
    <comment propertyId="p103.comment" value="P103 / SCI0_CTS_RTS0"/>
    <comment propertyId="p104.comment" value="SCKO (as I2S_CLK)"/>
    <comment propertyId="p108.comment" value="SWD_SWDIO"/>
    <comment propertyId="p109.comment" value="SPI0_MOSI, TXD9"/>
    <comment propertyId="p110.comment" value="(SPI0_MISO), RXD9"/>
    <comment propertyId="p111.comment" value="SPI0_SCK (as SCKI)"/>
    <comment propertyId="p112.comment" value="SPI0_SSL"/>
    <comment propertyId="p201.comment" value="PMOD IO1"/>
    <comment propertyId="p206.comment" value="PMOD IO2"/>
    <comment propertyId="p207.comment" value="QSPI_CS"/>
    <comment propertyId="p212.comment" value="LED2"/>
    <comment propertyId="p213.comment" value="LED3"/>
    <comment propertyId="p300.comment" value="SWD_SWCLK"/>
    <comment propertyId="p301.comment" value="I2S_WS"/>
    <comment propertyId="p302.comment" value="POMD IRQ"/>
    <comment propertyId="p402.comment" value="USER SW"/>
    <comment propertyId="p407.comment" value="USB VBUS"/>
    <comment propertyId="p408.comment" value="VCOM_TXD"/>
    <comment propertyId="p409.comment" value="VCOM_RXD"/>
    <comment propertyId="p500.comment" value="LED1"/>
    <pincfg active="false" name="R7FA4E10D2CNE.pincfg" selected="false" symbol="g_bsp_pin_cfg">
      <configSetting altId="adc0.an000.p000" configurationId="adc0.an000"/>
      <configSetting altId="adc0.mode.custom.free" configurationId="adc0.mode"/>
      <configSetting altId="agt0.mode.custom.free" configurationId="agt0.mode"/>
      <configSetting altId="agt1.mode.custom.free" configurationId="agt1.mode"/>
      <configSetting altId="dac120.da0.p014" configurationId="dac120.da0"/>
      <configSetting altId="dac120.mode.enabled.free" configurationId="dac120.mode"/>
      <configSetting altId="gpt1.gtioc1b.p104" configurationId="gpt1.gtioc1b"/>
      <configSetting altId="gpt1.mode.gtiocaorgtiocb.free" configurationId="gpt1.mode"/>
      <configSetting altId="gpt2.mode.gtiocaorgtiocb.free" configurationId="gpt2.mode"/>
      <configSetting altId="gpt4.gtioc4b.p301" configurationId="gpt4.gtioc4b"/>
      <configSetting altId="gpt4.mode.gtiocaorgtiocb.free" configurationId="gpt4.mode"/>
      <configSetting altId="gpt5.mode.gtiocaorgtiocb.free" configurationId="gpt5.mode"/>
      <configSetting altId="jtag_fslash_swd.mode.swd.free" configurationId="jtag_fslash_swd.mode"/>
      <configSetting altId="jtag_fslash_swd.swclk.p300" configurationId="jtag_fslash_swd.swclk"/>
      <configSetting altId="jtag_fslash_swd.swdio.p108" configurationId="jtag_fslash_swd.swdio"/>
      <configSetting altId="p000.adc0.an000" configurationId="p000"/>
      <configSetting altId="p000.gpio_mode.gpio_mode_an" configurationId="p000.gpio_mode"/>
      <configSetting altId="p014.dac120.da0" configurationId="p014"/>
      <configSetting altId="p014.gpio_mode.gpio_mode_an" configurationId="p014.gpio_mode"/>
      <configSetting altId="p100.sci0.rxd0" configurationId="p100"/>
      <configSetting altId="p100.gpio_mode.gpio_mode_peripheral" configurationId="p100.gpio_mode"/>
      <configSetting altId="p101.sci0.txd0" configurationId="p101"/>
      <configSetting altId="p101.gpio_mode.gpio_mode_peripheral" configurationId="p101.gpio_mode"/>
      <configSetting altId="p102.sci0.sck0" configurationId="p102"/>
      <configSetting altId="p102.gpio_mode.gpio_mode_peripheral" configurationId="p102.gpio_mode"/>
      <configSetting altId="p103.sci0.cts_rts0" configurationId="p103"/>
      <configSetting altId="p103.gpio_mode.gpio_mode_peripheral" configurationId="p103.gpio_mode"/>
      <configSetting altId="p104.gpt1.gtioc1b" configurationId="p104"/>
      <configSetting altId="p104.gpio_mode.gpio_mode_peripheral" configurationId="p104.gpio_mode"/>
      <configSetting altId="p108.jtag_fslash_swd.swdio" configurationId="p108"/>
      <configSetting altId="p108.gpio_mode.gpio_mode_peripheral" configurationId="p108.gpio_mode"/>
      <configSetting altId="p109.spi0.mosi0" configurationId="p109"/>
      <configSetting altId="p109.gpio_speed.gpio_speed_m" configurationId="p109.gpio_drivecapacity"/>
      <configSetting altId="p109.gpio_mode.gpio_mode_peripheral" configurationId="p109.gpio_mode"/>
      <configSetting altId="p110.spi0.miso0" configurationId="p110"/>
      <configSetting altId="p110.gpio_speed.gpio_speed_m" configurationId="p110.gpio_drivecapacity"/>
      <configSetting altId="p110.gpio_mode.gpio_mode_peripheral" configurationId="p110.gpio_mode"/>
      <configSetting altId="p111.spi0.rspck0" configurationId="p111"/>
      <configSetting altId="p111.gpio_mode.gpio_mode_peripheral" configurationId="p111.gpio_mode"/>
      <configSetting altId="p112.output.high" configurationId="p112"/>
      <configSetting altId="p112.gpio_mode.gpio_mode_out.high" configurationId="p112.gpio_mode"/>
      <configSetting altId="p201.input" configurationId="p201"/>
      <configSetting altId="p201.gpio_mode.gpio_mode_in" configurationId="p201.gpio_mode"/>
      <configSetting altId="p206.sci4.rxd4" configurationId="p206"/>
      <configSetting altId="p206.gpio_mode.gpio_mode_peripheral" configurationId="p206.gpio_mode"/>
      <configSetting altId="p207.sci4.txd4" configurationId="p207"/>
      <configSetting altId="p207.gpio_mode.gpio_mode_peripheral" configurationId="p207.gpio_mode"/>
      <configSetting altId="p300.jtag_fslash_swd.swclk" configurationId="p300"/>
      <configSetting altId="p300.gpio_mode.gpio_mode_peripheral" configurationId="p300.gpio_mode"/>
      <configSetting altId="p301.gpt4.gtioc4b" configurationId="p301"/>
      <configSetting altId="p301.gpio_irq.gpio_irq_enabled" configurationId="p301.gpio_irq"/>
      <configSetting altId="p301.gpio_mode.gpio_mode_peripheral" configurationId="p301.gpio_mode"/>
      <configSetting altId="p407.usbfs.usb_vbus" configurationId="p407"/>
      <configSetting altId="p407.gpio_mode.gpio_mode_peripheral" configurationId="p407.gpio_mode"/>
      <configSetting altId="p408.input" configurationId="p408"/>
      <configSetting altId="p408.gpio_mode.gpio_mode_in" configurationId="p408.gpio_mode"/>
      <configSetting altId="p409.input" configurationId="p409"/>
      <configSetting altId="p409.gpio_mode.gpio_mode_in" configurationId="p409.gpio_mode"/>
      <configSetting altId="p500.output.low" configurationId="p500"/>
      <configSetting altId="p500.gpio_mode.gpio_mode_out.low" configurationId="p500.gpio_mode"/>
      <configSetting altId="sci0.cts_rts0.p103" configurationId="sci0.cts_rts0"/>
      <configSetting altId="sci0.mode.simplespi.free" configurationId="sci0.mode"/>
      <configSetting altId="sci0.rxd0.p100" configurationId="sci0.rxd0"/>
      <configSetting altId="sci0.sck0.p102" configurationId="sci0.sck0"/>
      <configSetting altId="sci0.txd0.p101" configurationId="sci0.txd0"/>
      <configSetting altId="sci4.mode.asynchronousuart.free" configurationId="sci4.mode"/>
      <configSetting altId="sci4.rxd4.p206" configurationId="sci4.rxd4"/>
      <configSetting altId="sci4.txd4.p207" configurationId="sci4.txd4"/>
      <configSetting altId="spi0.miso0.p110" configurationId="spi0.miso0"/>
      <configSetting altId="spi0.mode.enabled.free" configurationId="spi0.mode"/>
      <configSetting altId="spi0.mosi0.p109" configurationId="spi0.mosi0"/>
      <configSetting altId="spi0.rspck0.p111" configurationId="spi0.rspck0"/>
      <configSetting altId="usbfs.mode.custom.free" configurationId="usbfs.mode"/>
      <configSetting altId="usbfs.usb_vbus.p407" configurationId="usbfs.usb_vbus"/>
    </pincfg>
    <pincfg active="false" name="VOICE_RA4E1_PMOD.pincfg" selected="false" symbol="g_bsp_pin_cfg">
      <configSetting altId="adc0.an000.p000" configurationId="adc0.an000"/>
      <configSetting altId="adc0.an001.p001" configurationId="adc0.an001"/>
      <configSetting altId="adc0.mode.custom.free" configurationId="adc0.mode"/>
      <configSetting altId="agt0.mode.custom.free" configurationId="agt0.mode"/>
      <configSetting altId="agt1.mode.custom.free" configurationId="agt1.mode"/>
      <configSetting altId="dac120.da0.p014" configurationId="dac120.da0"/>
      <configSetting altId="dac120.mode.enabled.free" configurationId="dac120.mode"/>
      <configSetting altId="gpt1.gtioc1b.p104" configurationId="gpt1.gtioc1b"/>
      <configSetting altId="gpt1.mode.gtiocaorgtiocb.free" configurationId="gpt1.mode"/>
      <configSetting altId="gpt2.mode.gtiocaorgtiocb.free" configurationId="gpt2.mode"/>
      <configSetting altId="gpt4.gtioc4b.p301" configurationId="gpt4.gtioc4b"/>
      <configSetting altId="gpt4.mode.gtiocaorgtiocb.free" configurationId="gpt4.mode"/>
      <configSetting altId="gpt5.mode.gtiocaorgtiocb.free" configurationId="gpt5.mode"/>
      <configSetting altId="icu.irq4_dash_ds.p402" configurationId="icu.irq4_dash_ds"/>
      <configSetting altId="icu.irq5.p302" configurationId="icu.irq5"/>
      <configSetting altId="icu.mode.custom.free" configurationId="icu.mode"/>
      <configSetting altId="jtag_fslash_swd.mode.swd.free" configurationId="jtag_fslash_swd.mode"/>
      <configSetting altId="jtag_fslash_swd.swclk.p300" configurationId="jtag_fslash_swd.swclk"/>
      <configSetting altId="jtag_fslash_swd.swdio.p108" configurationId="jtag_fslash_swd.swdio"/>
      <configSetting altId="p000.adc0.an000" configurationId="p000"/>
      <configSetting altId="p000.gpio_mode.gpio_mode_an" configurationId="p000.gpio_mode"/>
      <configSetting altId="p001.adc0.an001" configurationId="p001"/>
      <configSetting altId="p001.gpio_mode.gpio_mode_an" configurationId="p001.gpio_mode"/>
      <configSetting altId="p014.dac120.da0" configurationId="p014"/>
      <configSetting altId="p014.gpio_mode.gpio_mode_an" configurationId="p014.gpio_mode"/>
      <configSetting altId="p100.sci0.rxd0" configurationId="p100"/>
      <configSetting altId="p100.gpio_mode.gpio_mode_peripheral" configurationId="p100.gpio_mode"/>
      <configSetting altId="p101.sci0.txd0" configurationId="p101"/>
      <configSetting altId="p101.gpio_mode.gpio_mode_peripheral" configurationId="p101.gpio_mode"/>
      <configSetting altId="p102.sci0.sck0" configurationId="p102"/>
      <configSetting altId="p102.gpio_mode.gpio_mode_peripheral" configurationId="p102.gpio_mode"/>
      <configSetting altId="p103.sci0.cts_rts0" configurationId="p103"/>
      <configSetting altId="p103.gpio_mode.gpio_mode_peripheral" configurationId="p103.gpio_mode"/>
      <configSetting altId="p104.gpt1.gtioc1b" configurationId="p104"/>
      <configSetting altId="p104.gpio_mode.gpio_mode_peripheral" configurationId="p104.gpio_mode"/>
      <configSetting altId="p108.jtag_fslash_swd.swdio" configurationId="p108"/>
      <configSetting altId="p108.gpio_mode.gpio_mode_peripheral" configurationId="p108.gpio_mode"/>
      <configSetting altId="p109.spi0.mosi0" configurationId="p109"/>
      <configSetting altId="p109.gpio_speed.gpio_speed_m" configurationId="p109.gpio_drivecapacity"/>
      <configSetting altId="p109.gpio_mode.gpio_mode_peripheral" configurationId="p109.gpio_mode"/>
      <configSetting altId="p110.spi0.miso0" configurationId="p110"/>
      <configSetting altId="p110.gpio_speed.gpio_speed_m" configurationId="p110.gpio_drivecapacity"/>
      <configSetting altId="p110.gpio_mode.gpio_mode_peripheral" configurationId="p110.gpio_mode"/>
      <configSetting altId="p111.spi0.rspck0" configurationId="p111"/>
      <configSetting altId="p111.gpio_mode.gpio_mode_peripheral" configurationId="p111.gpio_mode"/>
      <configSetting altId="p112.output.high" configurationId="p112"/>
      <configSetting altId="p112.gpio_mode.gpio_mode_out.high" configurationId="p112.gpio_mode"/>
      <configSetting altId="p201.input" configurationId="p201"/>
      <configSetting altId="p201.gpio_mode.gpio_mode_in" configurationId="p201.gpio_mode"/>
      <configSetting altId="p206.input" configurationId="p206"/>
      <configSetting altId="p206.gpio_mode.gpio_mode_in" configurationId="p206.gpio_mode"/>
      <configSetting altId="p207.output.high" configurationId="p207"/>
      <configSetting altId="p207.gpio_mode.gpio_mode_out.high" configurationId="p207.gpio_mode"/>
      <configSetting altId="p212.output.high" configurationId="p212"/>
      <configSetting altId="p212.gpio_mode.gpio_mode_out.high" configurationId="p212.gpio_mode"/>
      <configSetting altId="p213.output.high" configurationId="p213"/>
      <configSetting altId="p213.gpio_mode.gpio_mode_out.high" configurationId="p213.gpio_mode"/>
      <configSetting altId="p300.jtag_fslash_swd.swclk" configurationId="p300"/>
      <configSetting altId="p300.gpio_mode.gpio_mode_peripheral" configurationId="p300.gpio_mode"/>
      <configSetting altId="p301.gpt4.gtioc4b" configurationId="p301"/>
      <configSetting altId="p301.gpio_irq.gpio_irq_enabled" configurationId="p301.gpio_irq"/>
      <configSetting altId="p301.gpio_mode.gpio_mode_peripheral" configurationId="p301.gpio_mode"/>
      <configSetting altId="p302.icu.irq5" configurationId="p302"/>
      <configSetting altId="p302.gpio_irq.gpio_irq_enabled" configurationId="p302.gpio_irq"/>
      <configSetting altId="p302.gpio_mode.gpio_mode_irq" configurationId="p302.gpio_mode"/>
      <configSetting altId="p402.icu.irq4_dash_ds" configurationId="p402"/>
      <configSetting altId="p402.gpio_irq.gpio_irq_enabled" configurationId="p402.gpio_irq"/>
      <configSetting altId="p402.gpio_mode.gpio_mode_irq" configurationId="p402.gpio_mode"/>
      <configSetting altId="p407.usbfs.usb_vbus" configurationId="p407"/>
      <configSetting altId="p407.gpio_mode.gpio_mode_peripheral" configurationId="p407.gpio_mode"/>
      <configSetting altId="p408.sci3.rxd3" configurationId="p408"/>
      <configSetting altId="p408.gpio_mode.gpio_mode_peripheral" configurationId="p408.gpio_mode"/>
      <configSetting altId="p409.sci3.txd3" configurationId="p409"/>
      <configSetting altId="p409.gpio_mode.gpio_mode_peripheral" configurationId="p409.gpio_mode"/>
      <configSetting altId="p500.output.high" configurationId="p500"/>
      <configSetting altId="p500.gpio_mode.gpio_mode_out.high" configurationId="p500.gpio_mode"/>
      <configSetting altId="sci0.cts_rts0.p103" configurationId="sci0.cts_rts0"/>
      <configSetting altId="sci0.mode.simplespi.free" configurationId="sci0.mode"/>
      <configSetting altId="sci0.rxd0.p100" configurationId="sci0.rxd0"/>
      <configSetting altId="sci0.sck0.p102" configurationId="sci0.sck0"/>
      <configSetting altId="sci0.txd0.p101" configurationId="sci0.txd0"/>
      <configSetting altId="sci3.mode.asynchronousuart.free" configurationId="sci3.mode"/>
      <configSetting altId="sci3.rxd3.p408" configurationId="sci3.rxd3"/>
      <configSetting altId="sci3.txd3.p409" configurationId="sci3.txd3"/>
      <configSetting altId="spi0.miso0.p110" configurationId="spi0.miso0"/>
      <configSetting altId="spi0.mode.enabled.free" configurationId="spi0.mode"/>
      <configSetting altId="spi0.mosi0.p109" configurationId="spi0.mosi0"/>
      <configSetting altId="spi0.rspck0.p111" configurationId="spi0.rspck0"/>
      <configSetting altId="usbfs.mode.custom.free" configurationId="usbfs.mode"/>
      <configSetting altId="usbfs.usb_vbus.p407" configurationId="usbfs.usb_vbus"/>
    </pincfg>
    <pincfg active="true" name="VOICE_RA4E1_QSPI.pincfg" selected="true" symbol="g_bsp_pin_cfg">
      <configSetting altId="adc0.an000.p000" configurationId="adc0.an000"/>
      <configSetting altId="adc0.an001.p001" configurationId="adc0.an001"/>
      <configSetting altId="adc0.mode.custom.free" configurationId="adc0.mode"/>
      <configSetting altId="agt0.mode.custom.free" configurationId="agt0.mode"/>
      <configSetting altId="agt1.mode.custom.free" configurationId="agt1.mode"/>
      <configSetting altId="dac120.da0.p014" configurationId="dac120.da0"/>
      <configSetting altId="dac120.mode.enabled.free" configurationId="dac120.mode"/>
      <configSetting altId="gpt1.gtioc1b.p104" configurationId="gpt1.gtioc1b"/>
      <configSetting altId="gpt1.mode.gtiocaorgtiocb.free" configurationId="gpt1.mode"/>
      <configSetting altId="gpt2.mode.gtiocaorgtiocb.free" configurationId="gpt2.mode"/>
      <configSetting altId="gpt4.gtioc4b.p301" configurationId="gpt4.gtioc4b"/>
      <configSetting altId="gpt4.mode.gtiocaorgtiocb.free" configurationId="gpt4.mode"/>
      <configSetting altId="gpt5.mode.gtiocaorgtiocb.free" configurationId="gpt5.mode"/>
      <configSetting altId="icu.irq4_dash_ds.p402" configurationId="icu.irq4_dash_ds"/>
      <configSetting altId="icu.mode.custom.free" configurationId="icu.mode"/>
      <configSetting altId="jtag_fslash_swd.mode.swd.free" configurationId="jtag_fslash_swd.mode"/>
      <configSetting altId="jtag_fslash_swd.swclk.p300" configurationId="jtag_fslash_swd.swclk"/>
      <configSetting altId="jtag_fslash_swd.swdio.p108" configurationId="jtag_fslash_swd.swdio"/>
      <configSetting altId="p000.adc0.an000" configurationId="p000"/>
      <configSetting altId="p000.gpio_mode.gpio_mode_an" configurationId="p000.gpio_mode"/>
      <configSetting altId="p001.adc0.an001" configurationId="p001"/>
      <configSetting altId="p001.gpio_mode.gpio_mode_an" configurationId="p001.gpio_mode"/>
      <configSetting altId="p014.dac120.da0" configurationId="p014"/>
      <configSetting altId="p014.gpio_mode.gpio_mode_an" configurationId="p014.gpio_mode"/>
      <configSetting altId="p104.gpt1.gtioc1b" configurationId="p104"/>
      <configSetting altId="p104.gpio_mode.gpio_mode_peripheral" configurationId="p104.gpio_mode"/>
      <configSetting altId="p108.jtag_fslash_swd.swdio" configurationId="p108"/>
      <configSetting altId="p108.gpio_mode.gpio_mode_peripheral" configurationId="p108.gpio_mode"/>
      <configSetting altId="p109.spi0.mosi0" configurationId="p109"/>
      <configSetting altId="p109.gpio_speed.gpio_speed_m" configurationId="p109.gpio_drivecapacity"/>
      <configSetting altId="p109.gpio_mode.gpio_mode_peripheral" configurationId="p109.gpio_mode"/>
      <configSetting altId="p110.spi0.miso0" configurationId="p110"/>
      <configSetting altId="p110.gpio_speed.gpio_speed_m" configurationId="p110.gpio_drivecapacity"/>
      <configSetting altId="p110.gpio_mode.gpio_mode_peripheral" configurationId="p110.gpio_mode"/>
      <configSetting altId="p111.spi0.rspck0" configurationId="p111"/>
      <configSetting altId="p111.gpio_mode.gpio_mode_peripheral" configurationId="p111.gpio_mode"/>
      <configSetting altId="p112.output.high" configurationId="p112"/>
      <configSetting altId="p112.gpio_mode.gpio_mode_out.high" configurationId="p112.gpio_mode"/>
      <configSetting altId="p212.output.high" configurationId="p212"/>
      <configSetting altId="p212.gpio_mode.gpio_mode_out.high" configurationId="p212.gpio_mode"/>
      <configSetting altId="p213.output.high" configurationId="p213"/>
      <configSetting altId="p213.gpio_mode.gpio_mode_out.high" configurationId="p213.gpio_mode"/>
      <configSetting altId="p300.jtag_fslash_swd.swclk" configurationId="p300"/>
      <configSetting altId="p300.gpio_mode.gpio_mode_peripheral" configurationId="p300.gpio_mode"/>
      <configSetting altId="p301.gpt4.gtioc4b" configurationId="p301"/>
      <configSetting altId="p301.gpio_irq.gpio_irq_enabled" configurationId="p301.gpio_irq"/>
      <configSetting altId="p301.gpio_mode.gpio_mode_peripheral" configurationId="p301.gpio_mode"/>
      <configSetting altId="p402.icu.irq4_dash_ds" configurationId="p402"/>
      <configSetting altId="p402.gpio_irq.gpio_irq_enabled" configurationId="p402.gpio_irq"/>
      <configSetting altId="p402.gpio_mode.gpio_mode_irq" configurationId="p402.gpio_mode"/>
      <configSetting altId="p407.usbfs.usb_vbus" configurationId="p407"/>
      <configSetting altId="p407.gpio_mode.gpio_mode_peripheral" configurationId="p407.gpio_mode"/>
      <configSetting altId="p408.sci3.rxd3" configurationId="p408"/>
      <configSetting altId="p408.gpio_mode.gpio_mode_peripheral" configurationId="p408.gpio_mode"/>
      <configSetting altId="p409.sci3.txd3" configurationId="p409"/>
      <configSetting altId="p409.gpio_mode.gpio_mode_peripheral" configurationId="p409.gpio_mode"/>
      <configSetting altId="p500.output.high" configurationId="p500"/>
      <configSetting altId="p500.gpio_mode.gpio_mode_out.high" configurationId="p500.gpio_mode"/>
      <configSetting altId="sci3.mode.asynchronousuart.free" configurationId="sci3.mode"/>
      <configSetting altId="sci3.rxd3.p408" configurationId="sci3.rxd3"/>
      <configSetting altId="sci3.txd3.p409" configurationId="sci3.txd3"/>
      <configSetting altId="spi0.miso0.p110" configurationId="spi0.miso0"/>
      <configSetting altId="spi0.mode.enabled.free" configurationId="spi0.mode"/>
      <configSetting altId="spi0.mosi0.p109" configurationId="spi0.mosi0"/>
      <configSetting altId="spi0.rspck0.p111" configurationId="spi0.rspck0"/>
      <configSetting altId="usbfs.mode.custom.free" configurationId="usbfs.mode"/>
      <configSetting altId="usbfs.usb_vbus.p407" configurationId="usbfs.usb_vbus"/>
    </pincfg>
  </raPinConfiguration>
</raConfiguration>
