<?xml version="1.0" ?>
<RealityAI>
	<version>1.8</version>
	<endianness>default</endianness>
	<mathType>float 32</mathType>
	<library>librai_edsp_f32_arm.a</library>
	<targetDevice>
		<family>VK-RA8M1</family>
	</targetDevice>
	<toolchain>
		<name>GNU GCC</name>
		<version>13.2.1</version>
	</toolchain>
	<size>
		<parameters>1046</parameters>
		<stack>17152</stack>
		<pre-allocated>212</pre-allocated>
		<code>5976</code>
	</size>
	<model name="voice_antispoof" type="classifier" network="svm">
		<nchannels>1</nchannels>
		<winlen>4096</winlen>
		<dtype>int16</dtype>
		<classmap>
			<voice_antispoof_no_results>0</voice_antispoof_no_results>
			<voice_antispoof_fake>1</voice_antispoof_fake>
			<voice_antispoof_real>2</voice_antispoof_real>
		</classmap>
	</model>
</RealityAI>
