<?xml version="1.0" encoding="UTF-8" standalone="no"?>
<raConfiguration version="9">
  <generalSettings>
    <option key="#Board#" value="board.ra6m3_aik"/>
    <option key="CPU" value="RA6M3"/>
    <option key="Core" value="CM4"/>
    <option key="#TargetName#" value="R7FA6M3AH3CFC"/>
    <option key="#TargetARCHITECTURE#" value="cortex-m4"/>
    <option key="#DeviceCommand#" value="R7FA6M3AH"/>
    <option key="#RTOS#" value="_none"/>
    <option key="#pinconfiguration#" value="R7FA6M3AH3CFC.pincfg"/>
    <option key="#FSPVersion#" value="5.3.0"/>
    <option key="#ConfigurationFragments#" value="Renesas##BSP##Board##aik_ra6m3##|Renesas##BSP##Board##ra6m3_aik##"/>
    <option key="#SELECTED_TOOLCHAIN#" value="gcc-arm-embedded"/>
    <option key="#ToolchainVersion#" value="12.2.1.arm-12-mpacbti-34"/>
  </generalSettings>
  <raBspConfiguration>
    <config id="config.bsp.ra6m3.R7FA6M3AH3CFC">
      <property id="config.bsp.part_number" value="config.bsp.part_number.value"/>
      <property id="config.bsp.rom_size_bytes" value="config.bsp.rom_size_bytes.value"/>
      <property id="config.bsp.rom_size_bytes_hidden" value="2097152"/>
      <property id="config.bsp.ram_size_bytes" value="config.bsp.ram_size_bytes.value"/>
      <property id="config.bsp.data_flash_size_bytes" value="config.bsp.data_flash_size_bytes.value"/>
      <property id="config.bsp.package_style" value="config.bsp.package_style.value"/>
      <property id="config.bsp.package_pins" value="config.bsp.package_pins.value"/>
      <property id="config.bsp.irq_count_hidden" value="96"/>
    </config>
    <config id="config.bsp.ra6m3">
      <property id="config.bsp.series" value="config.bsp.series.value"/>
    </config>
    <config id="config.bsp.ra6m3.fsp">
      <property id="config.bsp.fsp.inline_irq_functions" value="config.bsp.common.inline_irq_functions.enabled"/>
      <property id="config.bsp.fsp.OFS0.iwdt_start_mode" value="config.bsp.fsp.OFS0.iwdt_start_mode.disabled"/>
      <property id="config.bsp.fsp.OFS0.iwdt_timeout" value="config.bsp.fsp.OFS0.iwdt_timeout.2048"/>
      <property id="config.bsp.fsp.OFS0.iwdt_divisor" value="config.bsp.fsp.OFS0.iwdt_divisor.128"/>
      <property id="config.bsp.fsp.OFS0.iwdt_window_end" value="config.bsp.fsp.OFS0.iwdt_window_end.0"/>
      <property id="config.bsp.fsp.OFS0.iwdt_window_start" value="config.bsp.fsp.OFS0.iwdt_window_start.100"/>
      <property id="config.bsp.fsp.OFS0.iwdt_reset_interrupt" value="config.bsp.fsp.OFS0.iwdt_reset_interrupt.Reset"/>
      <property id="config.bsp.fsp.OFS0.iwdt_stop_control" value="config.bsp.fsp.OFS0.iwdt_stop_control.stops"/>
      <property id="config.bsp.fsp.OFS0.wdt_start_mode" value="config.bsp.fsp.OFS0.wdt_start_mode.register"/>
      <property id="config.bsp.fsp.OFS0.wdt_timeout" value="config.bsp.fsp.OFS0.wdt_timeout.16384"/>
      <property id="config.bsp.fsp.OFS0.wdt_divisor" value="config.bsp.fsp.OFS0.wdt_divisor.128"/>
      <property id="config.bsp.fsp.OFS0.wdt_window_end" value="config.bsp.fsp.OFS0.wdt_window_end.0"/>
      <property id="config.bsp.fsp.OFS0.wdt_window_start" value="config.bsp.fsp.OFS0.wdt_window_start.100"/>
      <property id="config.bsp.fsp.OFS0.wdt_reset_interrupt" value="config.bsp.fsp.OFS0.wdt_reset_interrupt.Reset"/>
      <property id="config.bsp.fsp.OFS0.wdt_stop_control" value="config.bsp.fsp.OFS0.wdt_stop_control.stops"/>
      <property id="config.bsp.fsp.OFS1.voltage_detection0.start" value="config.bsp.fsp.OFS1.voltage_detection0.start.disabled"/>
      <property id="config.bsp.fsp.OFS1.voltage_detection0_level" value="config.bsp.fsp.OFS1.voltage_detection0_level.280"/>
      <property id="config.bsp.fsp.OFS1.hoco_osc" value="config.bsp.fsp.OFS1.hoco_osc.disabled"/>
      <property id="config.bsp.fsp.mpu_pc0_enable" value="config.bsp.fsp.mpu_pc0_enable.disabled"/>
      <property id="config.bsp.fsp.mpu_pc0_start" value="0xFFFFFFFC"/>
      <property id="config.bsp.fsp.mpu_pc0_end" value="0xFFFFFFFF"/>
      <property id="config.bsp.fsp.mpu_pc1_enable" value="config.bsp.fsp.mpu_pc1_enable.disabled"/>
      <property id="config.bsp.fsp.mpu_pc1_start" value="0xFFFFFFFC"/>
      <property id="config.bsp.fsp.mpu_pc1_end" value="0xFFFFFFFF"/>
      <property id="config.bsp.fsp.mpu_reg0_enable" value="config.bsp.fsp.mpu_reg0_enable.disabled"/>
      <property id="config.bsp.fsp.mpu_reg0_start" value="0x00FFFFFC"/>
      <property id="config.bsp.fsp.mpu_reg0_end" value="0x00FFFFFF"/>
      <property id="config.bsp.fsp.mpu_reg1_enable" value="config.bsp.fsp.mpu_reg1_enable.disabled"/>
      <property id="config.bsp.fsp.mpu_reg1_start" value="0x200FFFFC"/>
      <property id="config.bsp.fsp.mpu_reg1_end" value="0x200FFFFF"/>
      <property id="config.bsp.fsp.mpu_reg2_enable" value="config.bsp.fsp.mpu_reg2_enable.disabled"/>
      <property id="config.bsp.fsp.mpu_reg2_start" value="0x407FFFFC"/>
      <property id="config.bsp.fsp.mpu_reg2_end" value="0x407FFFFF"/>
      <property id="config.bsp.fsp.mpu_reg3_enable" value="config.bsp.fsp.mpu_reg3_enable.disabled"/>
      <property id="config.bsp.fsp.mpu_reg3_start" value="0x400DFFFC"/>
      <property id="config.bsp.fsp.mpu_reg3_end" value="0x400DFFFF"/>
      <property id="config.bsp.fsp.hoco_fll" value="config.bsp.fsp.hoco_fll.disabled"/>
      <property id="config.bsp.common.main_osc_wait" value="config.bsp.common.main_osc_wait.wait_8163"/>
      <property id="config.bsp.fsp.mcu.adc.max_freq_hz" value="60000000"/>
      <property id="config.bsp.fsp.mcu.sci_uart.max_baud" value="20000000"/>
      <property id="config.bsp.fsp.mcu.adc.sample_and_hold" value="1"/>
      <property id="config.bsp.fsp.mcu.sci_spi.max_bitrate" value="30000000"/>
      <property id="config.bsp.fsp.mcu.spi.max_bitrate" value="30000000"/>
      <property id="config.bsp.fsp.mcu.iic_master.rate.rate_fastplus" value="1"/>
      <property id="config.bsp.fsp.mcu.iic_master.fastplus_channels" value="0x1"/>
      <property id="config.bsp.fsp.mcu.iic_slave.rate.rate_fastplus" value="1"/>
      <property id="config.bsp.fsp.mcu.iic_slave.fastplus_channels" value="0x1"/>
      <property id="config.bsp.fsp.mcu.sci_uart.cstpen_channels" value="0x0"/>
      <property id="config.bsp.fsp.mcu.gpt.pin_count_source_channels" value="0xFFFF"/>
      <property id="config.bsp.common.id_mode" value="config.bsp.common.id_mode.unlocked"/>
      <property id="config.bsp.common.id_code" value="FFFFFFFFFFFFFFFFFFFFFFFFFFFFFFFF"/>
      <property id="config.bsp.common.id1" value=""/>
      <property id="config.bsp.common.id2" value=""/>
      <property id="config.bsp.common.id3" value=""/>
      <property id="config.bsp.common.id4" value=""/>
      <property id="config.bsp.common.id_fixed" value=""/>
    </config>
    <config id="config.bsp.ra">
      <property id="config.bsp.common.main" value="0x1000"/>
      <property id="config.bsp.common.heap" value="0x5000"/>
      <property id="config.bsp.common.vcc" value="3300"/>
      <property id="config.bsp.common.checking" value="config.bsp.common.checking.enabled"/>
      <property id="config.bsp.common.assert" value="config.bsp.common.assert.none"/>
      <property id="config.bsp.common.error_log" value="config.bsp.common.error_log.none"/>
      <property id="config.bsp.common.soft_reset" value="config.bsp.common.soft_reset.disabled"/>
      <property id="config.bsp.common.main_osc_populated" value="config.bsp.common.main_osc_populated.enabled"/>
      <property id="config.bsp.common.pfs_protect" value="config.bsp.common.pfs_protect.enabled"/>
      <property id="config.bsp.common.c_runtime_init" value="config.bsp.common.c_runtime_init.enabled"/>
      <property id="config.bsp.common.early_init" value="config.bsp.common.early_init.disabled"/>
      <property id="config.bsp.common.main_osc_clock_source" value="config.bsp.common.main_osc_clock_source.crystal"/>
      <property id="config.bsp.common.subclock_populated" value="config.bsp.common.subclock_populated.disabled"/>
      <property id="config.bsp.common.subclock_drive" value="config.bsp.common.subclock_drive.standard"/>
      <property id="config.bsp.common.subclock_stabilization_ms" value="1000"/>
    </config>
  </raBspConfiguration>
  <raClockConfiguration>
    <node id="board.clock.xtal.freq" mul="24000000" option="_edit"/>
    <node id="board.clock.usbmclk.freq" option="board.clock.usbmclk.freq"/>
    <node id="board.clock.pll.source" option="board.clock.pll.source.xtal"/>
    <node id="board.clock.hoco.freq" option="board.clock.hoco.freq.20m"/>
    <node id="board.clock.loco.freq" option="board.clock.loco.freq.32768"/>
    <node id="board.clock.moco.freq" option="board.clock.moco.freq.8m"/>
    <node id="board.clock.subclk.freq" option="board.clock.subclk.freq.32768"/>
    <node id="board.clock.pll.div" option="board.clock.pll.div.2"/>
    <node id="board.clock.pll.mul" option="board.clock.pll.mul.200"/>
    <node id="board.clock.pll.display" option="board.clock.pll.display.value"/>
    <node id="board.clock.clock.source" option="board.clock.clock.source.pll"/>
    <node id="board.clock.iclk.div" option="board.clock.iclk.div.2"/>
    <node id="board.clock.iclk.display" option="board.clock.iclk.display.value"/>
    <node id="board.clock.pclka.div" option="board.clock.pclka.div.2"/>
    <node id="board.clock.pclka.display" option="board.clock.pclka.display.value"/>
    <node id="board.clock.pclkb.div" option="board.clock.pclkb.div.4"/>
    <node id="board.clock.pclkb.display" option="board.clock.pclkb.display.value"/>
    <node id="board.clock.pclkc.div" option="board.clock.pclkc.div.4"/>
    <node id="board.clock.pclkc.display" option="board.clock.pclkc.display.value"/>
    <node id="board.clock.pclkd.div" option="board.clock.pclkd.div.2"/>
    <node id="board.clock.pclkd.display" option="board.clock.pclkd.display.value"/>
    <node id="board.clock.sdclkout.enable" option="board.clock.sdclkout.enable.enabled"/>
    <node id="board.clock.sdclkout.display" option="board.clock.sdclkout.display.value"/>
    <node id="board.clock.bclk.div" option="board.clock.bclk.div.2"/>
    <node id="board.clock.bclk.display" option="board.clock.bclk.display.value"/>
    <node id="board.clock.bclkout.div" option="board.clock.bclkout.div.2"/>
    <node id="board.clock.bclkout.display" option="board.clock.bclkout.display.value"/>
    <node id="board.clock.uclk.div" option="board.clock.uclk.div.5"/>
    <node id="board.clock.uclk.display" option="board.clock.uclk.display.value"/>
    <node id="board.clock.fclk.div" option="board.clock.fclk.div.4"/>
    <node id="board.clock.fclk.display" option="board.clock.fclk.display.value"/>
    <node id="board.clock.clkout.source" option="board.clock.clkout.source.disabled"/>
    <node id="board.clock.clkout.div" option="board.clock.clkout.div.1"/>
    <node id="board.clock.clkout.display" option="board.clock.clkout.display.value"/>
  </raClockConfiguration>
  <raComponentSelection>
    <component apiversion="" class="BSP" condition="" group="ra6m3" subgroup="device" variant="R7FA6M3AH3CFC" vendor="Renesas" version="5.3.0">
      <description>Board support package for R7FA6M3AH3CFC</description>
      <originalPack>Renesas.RA_mcu_ra6m3.5.3.0.pack</originalPack>
    </component>
    <component apiversion="" class="BSP" condition="" group="ra6m3" subgroup="device" variant="" vendor="Renesas" version="5.3.0">
      <description>Board support package for RA6M3</description>
      <originalPack>Renesas.RA_mcu_ra6m3.5.3.0.pack</originalPack>
    </component>
    <component apiversion="" class="BSP" condition="" group="ra6m3" subgroup="fsp" variant="" vendor="Renesas" version="5.3.0">
      <description>Board support package for RA6M3 - FSP Data</description>
      <originalPack>Renesas.RA_mcu_ra6m3.5.3.0.pack</originalPack>
    </component>
    <component apiversion="" class="BSP" condition="" group="ra6m3" subgroup="events" variant="" vendor="Renesas" version="5.3.0">
      <description>Board support package for RA6M3 - Events</description>
      <originalPack>Renesas.RA_mcu_ra6m3.5.3.0.pack</originalPack>
    </component>
    <component apiversion="" class="Common" condition="" group="all" subgroup="fsp_common" variant="" vendor="Renesas" version="5.3.0">
      <description>Board Support Package Common Files</description>
      <originalPack>Renesas.RA.5.3.0.pack</originalPack>
    </component>
    <component apiversion="" class="HAL Drivers" condition="" group="all" subgroup="r_dtc" variant="" vendor="Renesas" version="5.3.0">
      <description>Data Transfer Controller</description>
      <originalPack>Renesas.RA.5.3.0.pack</originalPack>
    </component>
    <component apiversion="" class="HAL Drivers" condition="" group="all" subgroup="r_icu" variant="" vendor="Renesas" version="5.3.0">
      <description>External Interrupt</description>
      <originalPack>Renesas.RA.5.3.0.pack</originalPack>
    </component>
    <component apiversion="" class="HAL Drivers" condition="" group="all" subgroup="r_ioport" variant="" vendor="Renesas" version="5.3.0">
      <description>I/O Port</description>
      <originalPack>Renesas.RA.5.3.0.pack</originalPack>
    </component>
    <component apiversion="" class="HAL Drivers" condition="" group="all" subgroup="r_sci_spi" variant="" vendor="Renesas" version="5.3.0">
      <description>Serial Peripheral Interface on Serial Communications Interface</description>
      <originalPack>Renesas.RA.5.3.0.pack</originalPack>
    </component>
    <component apiversion="" class="HAL Drivers" condition="" group="all" subgroup="r_spi" variant="" vendor="Renesas" version="5.3.0">
      <description>Serial Peripheral Interface</description>
      <originalPack>Renesas.RA.5.3.0.pack</originalPack>
    </component>
    <component apiversion="" class="BSP" condition="" group="Board" subgroup="ra6m3_aik" variant="" vendor="Renesas" version="5.3.0">
      <description>RA6M3-AIK Board Support Files</description>
      <originalPack>Renesas.RA_board_ra6m3_aik.5.3.0.pack</originalPack>
    </component>
    <component apiversion="" class="CMSIS" condition="" group="CMSIS5" subgroup="CoreM" variant="" vendor="Arm" version="5.9.0+renesas.1.fsp.5.3.0">
      <description>Arm CMSIS Version 5 - Core (M)</description>
      <originalPack>Arm.CMSIS5.5.9.0+renesas.1.fsp.5.3.0.pack</originalPack>
    </component>
  </raComponentSelection>
  <raElcConfiguration/>
  <raIcuConfiguration/>
  <raModuleConfiguration>
    <module id="module.driver.ioport_on_ioport.0">
      <property id="module.driver.ioport.name" value="g_ioport"/>
      <property id="module.driver.ioport.elc_trigger_ioport1" value="_disabled"/>
      <property id="module.driver.ioport.elc_trigger_ioport2" value="_disabled"/>
      <property id="module.driver.ioport.elc_trigger_ioport3" value="_disabled"/>
      <property id="module.driver.ioport.elc_trigger_ioport4" value="_disabled"/>
      <property id="module.driver.ioport.pincfg" value="g_bsp_pin_cfg"/>
    </module>
    <module id="module.driver.external_irq_on_icu.2031681822">
      <property id="module.driver.external_irq.name" value="g_external_irq_touch"/>
      <property id="module.driver.external_irq.channel" value="8"/>
      <property id="module.driver.external_irq.trigger" value="module.driver.external_irq.trigger.trig_falling"/>
      <property id="module.driver.external_irq.filter_enable" value="module.driver.external_irq.filter_enable.true"/>
      <property id="module.driver.external_irq.clock_source_div" value="module.driver.external_irq.clock_source_div.clock_source_div_by_64"/>
      <property id="module.driver.external_irq.p_callback" value="pmd_touch_irq_ep_callback"/>
      <property id="module.driver.external_irq.ipl" value="board.icu.common.irq.priority12"/>
    </module>
    <module id="module.driver.transfer_on_dtc.1296657996">
      <property id="module.driver.transfer.name" value="g_transfer0"/>
      <property id="module.driver.transfer.mode" value="module.driver.transfer.mode.mode_normal"/>
      <property id="module.driver.transfer.size" value="module.driver.transfer.size.size_2_byte"/>
      <property id="module.driver.transfer.dest_addr_mode" value="module.driver.transfer.dest_addr_mode.addr_mode_fixed"/>
      <property id="module.driver.transfer.src_addr_mode" value="module.driver.transfer.src_addr_mode.addr_mode_fixed"/>
      <property id="module.driver.transfer.repeat_area" value="module.driver.transfer.repeat_area.repeat_area_source"/>
      <property id="module.driver.transfer.interrupt" value="module.driver.transfer.interrupt.interrupt_end"/>
      <property id="module.driver.transfer.length" value="0"/>
      <property id="module.driver.transfer.num_blocks" value="0"/>
      <property id="module.driver.transfer.number_of_descriptors" value="1"/>
      <property id="module.driver.transfer.activation_source" value="_disabled"/>
    </module>
    <module id="module.driver.spi_on_spi.378349567">
      <property id="module.driver.spi.name" value="g_spi_pmod1"/>
      <property id="module.driver.spi.channel" value="1"/>
      <property id="module.driver.spi.rxi_ipl" value="board.icu.common.irq.priority2"/>
      <property id="module.driver.spi.txi_ipl" value="board.icu.common.irq.priority2"/>
      <property id="module.driver.spi.tei_ipl" value="board.icu.common.irq.priority2"/>
      <property id="module.driver.spi.eri_ipl" value="board.icu.common.irq.priority2"/>
      <property id="module.driver.spi.operating_mode" value="module.driver.spi.operating_mode.mode_master"/>
      <property id="module.driver.spi.clk_phase" value="module.driver.spi.clk_phase.clk_phase_edge_odd"/>
      <property id="module.driver.spi.clk_polarity" value="module.driver.spi.clk_polarity.clk_polarity_low"/>
      <property id="module.driver.spi.mode_fault" value="module.driver.spi.mode_fault.mode_fault_error_disable"/>
      <property id="module.driver.spi.bit_order" value="module.driver.spi.bit_order.bit_order_msb_first"/>
      <property id="module.driver.spi.p_callback" value="spi_pmod1_callback"/>
      <property id="module.driver.spi.spi_clksyn" value="module.driver.spi.spi_clksyn.spi_clksyn"/>
      <property id="module.driver.spi.spi_comm" value="module.driver.spi.spi_comm.full_duplex"/>
      <property id="module.driver.spi.ssl_polarity" value="module.driver.spi.ssl_polarity.low"/>
      <property id="module.driver.spi.ssl_select" value="module.driver.spi.ssl_select.zero"/>
      <property id="module.driver.spi.mosi_idle_value_fixing" value="module.driver.spi.mosi_idle_value_fixing.disable"/>
      <property id="module.driver.spi.parity" value="module.driver.spi.parity_mode.disable"/>
      <property id="module.driver.spi.byte_swap" value="module.driver.spi.byte_swap.disable"/>
      <property id="module.driver.spi.bitrate" value="15000000"/>
      <property id="module.driver.spi.spck_delay" value="module.driver.spi.spck_delay.one"/>
      <property id="module.driver.spi.ssl_negation_delay" value="module.driver.spi.ssl_negation_delay.one"/>
      <property id="module.driver.spi.next_access_delay" value="module.driver.spi.next_access_delay.one"/>
    </module>
    <module id="module.driver.transfer_on_dtc.155583035">
      <property id="module.driver.transfer.name" value="g_transfer1"/>
      <property id="module.driver.transfer.mode" value="module.driver.transfer.mode.mode_normal"/>
      <property id="module.driver.transfer.size" value="module.driver.transfer.size.size_2_byte"/>
      <property id="module.driver.transfer.dest_addr_mode" value="module.driver.transfer.dest_addr_mode.addr_mode_fixed"/>
      <property id="module.driver.transfer.src_addr_mode" value="module.driver.transfer.src_addr_mode.addr_mode_fixed"/>
      <property id="module.driver.transfer.repeat_area" value="module.driver.transfer.repeat_area.repeat_area_source"/>
      <property id="module.driver.transfer.interrupt" value="module.driver.transfer.interrupt.interrupt_end"/>
      <property id="module.driver.transfer.length" value="0"/>
      <property id="module.driver.transfer.num_blocks" value="0"/>
      <property id="module.driver.transfer.number_of_descriptors" value="1"/>
      <property id="module.driver.transfer.activation_source" value="_disabled"/>
    </module>
    <module id="module.driver.spi_on_sci_spi.1179227179">
      <property id="module.driver.spi.name" value="g_spi_pmod3"/>
      <property id="module.driver.spi.channel" value="8"/>
      <property id="module.driver.spi.operating_mode" value="module.driver.spi.operating_mode.mode_master"/>
      <property id="module.driver.spi.clk_phase" value="module.driver.spi.clk_phase.clk_phase_edge_odd"/>
      <property id="module.driver.spi.clk_polarity" value="module.driver.spi.clk_polarity.clk_polarity_low"/>
      <property id="module.driver.spi.mode_fault" value="module.driver.spi.mode_fault.mode_fault_error_disable"/>
      <property id="module.driver.spi.bit_order" value="module.driver.spi.bit_order.bit_order_msb_first"/>
      <property id="module.driver.spi.p_callback" value="sci_spi_pmod3_callback"/>
      <property id="module.driver.spi.rxi_ipl" value="board.icu.common.irq.priority2"/>
      <property id="module.driver.spi.txi_ipl" value="board.icu.common.irq.priority2"/>
      <property id="module.driver.spi.tei_ipl" value="board.icu.common.irq.priority2"/>
      <property id="module.driver.spi.eri_ipl" value="board.icu.common.irq.priority2"/>
      <property id="module.driver.spi.bitrate" value="15000000"/>
      <property id="module.driver.spi.bitrate_modulation" value="module.driver.spi.bitrate_modulation.disabled"/>
    </module>
    <module id="module.driver.transfer_on_dtc.1775765048">
      <property id="module.driver.transfer.name" value="g_transfer2"/>
      <property id="module.driver.transfer.mode" value="module.driver.transfer.mode.mode_normal"/>
      <property id="module.driver.transfer.size" value="module.driver.transfer.size.size_2_byte"/>
      <property id="module.driver.transfer.dest_addr_mode" value="module.driver.transfer.dest_addr_mode.addr_mode_fixed"/>
      <property id="module.driver.transfer.src_addr_mode" value="module.driver.transfer.src_addr_mode.addr_mode_fixed"/>
      <property id="module.driver.transfer.repeat_area" value="module.driver.transfer.repeat_area.repeat_area_source"/>
      <property id="module.driver.transfer.interrupt" value="module.driver.transfer.interrupt.interrupt_end"/>
      <property id="module.driver.transfer.length" value="0"/>
      <property id="module.driver.transfer.num_blocks" value="0"/>
      <property id="module.driver.transfer.number_of_descriptors" value="1"/>
      <property id="module.driver.transfer.activation_source" value="_disabled"/>
    </module>
    <module id="module.driver.transfer_on_dtc.1699898196">
      <property id="module.driver.transfer.name" value="g_transfer3"/>
      <property id="module.driver.transfer.mode" value="module.driver.transfer.mode.mode_normal"/>
      <property id="module.driver.transfer.size" value="module.driver.transfer.size.size_2_byte"/>
      <property id="module.driver.transfer.dest_addr_mode" value="module.driver.transfer.dest_addr_mode.addr_mode_fixed"/>
      <property id="module.driver.transfer.src_addr_mode" value="module.driver.transfer.src_addr_mode.addr_mode_fixed"/>
      <property id="module.driver.transfer.repeat_area" value="module.driver.transfer.repeat_area.repeat_area_source"/>
      <property id="module.driver.transfer.interrupt" value="module.driver.transfer.interrupt.interrupt_end"/>
      <property id="module.driver.transfer.length" value="0"/>
      <property id="module.driver.transfer.num_blocks" value="0"/>
      <property id="module.driver.transfer.number_of_descriptors" value="1"/>
      <property id="module.driver.transfer.activation_source" value="_disabled"/>
    </module>
    <context id="_hal.0">
      <stack module="module.driver.ioport_on_ioport.0"/>
      <stack module="module.driver.external_irq_on_icu.2031681822"/>
      <stack module="module.driver.spi_on_spi.378349567">
        <stack module="module.driver.transfer_on_dtc.1296657996" requires="module.driver.spi_on_spi.requires.transfer_tx"/>
        <stack module="module.driver.transfer_on_dtc.155583035" requires="module.driver.spi_on_spi.requires.transfer_rx"/>
      </stack>
      <stack module="module.driver.spi_on_sci_spi.1179227179">
        <stack module="module.driver.transfer_on_dtc.1775765048" requires="module.driver.spi_on_sci_spi.requires.transfer_tx"/>
        <stack module="module.driver.transfer_on_dtc.1699898196" requires="module.driver.spi_on_sci_spi.requires.transfer_rx"/>
      </stack>
    </context>
    <config id="config.driver.spi">
      <property id="config.driver.spi.param_checking_enable" value="config.driver.spi.param_checking_enable.bsp"/>
      <property id="config.driver.spi.dtc_enable" value="config.driver.spi.dtc_enable.enabled"/>
      <property id="config.driver.spi.rxi_transmit" value="config.driver.spi.rxi_transmit.disabled"/>
    </config>
    <config id="config.driver.ioport">
      <property id="config.driver.ioport.checking" value="config.driver.ioport.checking.system"/>
    </config>
    <config id="config.driver.icu">
      <property id="config.driver.icu.param_checking_enable" value="config.driver.icu.param_checking_enable.bsp"/>
    </config>
    <config id="config.driver.sci_spi">
      <property id="config.driver.sci_spi.param_checking_enable" value="config.driver.sci_spi.param_checking_enable.bsp"/>
      <property id="config.driver.sci_spi.dtc_support_enable" value="config.driver.sci_spi.dtc_support_enable.enabled"/>
    </config>
    <config id="config.driver.dtc">
      <property id="config.driver.dtc.param_checking_enable" value="config.driver.dtc.param_checking_enable.bsp"/>
      <property id="config.driver.dtc.vector_table" value=".fsp_dtc_vector_table"/>
    </config>
  </raModuleConfiguration>
  <raPinConfiguration>
    <symbolicName propertyId="p000.symbolic_name" value="PMOD1_INT"/>
    <symbolicName propertyId="p001.symbolic_name" value="PMOD2_INT"/>
    <symbolicName propertyId="p002.symbolic_name" value="PMOD3_INT"/>
    <symbolicName propertyId="p003.symbolic_name" value="USR_BTN1_S3"/>
    <symbolicName propertyId="p004.symbolic_name" value="PMOD4_INT"/>
    <symbolicName propertyId="p005.symbolic_name" value="SWITCH_S2_S3_PRESSED"/>
    <symbolicName propertyId="p006.symbolic_name" value="PMOD6_INT"/>
    <symbolicName propertyId="p007.symbolic_name" value="USR_BTN2_S2"/>
    <symbolicName propertyId="p008.symbolic_name" value="MIC_AN1"/>
    <symbolicName propertyId="p009.symbolic_name" value="MIC_AN2"/>
    <symbolicName propertyId="p010.symbolic_name" value="ETH_RMII_RST"/>
    <symbolicName propertyId="p014.symbolic_name" value="J6_PWDN"/>
    <symbolicName propertyId="p015.symbolic_name" value="J6_RET"/>
    <symbolicName propertyId="p100.symbolic_name" value="SDRAM_DQ0"/>
    <symbolicName propertyId="p101.symbolic_name" value="SDRAM_DQ1"/>
    <symbolicName propertyId="p102.symbolic_name" value="SDRAM_DQ2"/>
    <symbolicName propertyId="p103.symbolic_name" value="SDRAM_DQ3"/>
    <symbolicName propertyId="p104.symbolic_name" value="SDRAM_DQ4"/>
    <symbolicName propertyId="p105.symbolic_name" value="SDRAM_DQ5"/>
    <symbolicName propertyId="p106.symbolic_name" value="SDRAM_DQ6"/>
    <symbolicName propertyId="p107.symbolic_name" value="SDRAM_DQ7"/>
    <symbolicName propertyId="p108.symbolic_name" value="DEBUG0_TMS"/>
    <symbolicName propertyId="p109.symbolic_name" value="DEBUG0_TDO"/>
    <symbolicName propertyId="p110.symbolic_name" value="DEBUG0_TDI"/>
    <symbolicName propertyId="p111.symbolic_name" value="SDRAM_A05"/>
    <symbolicName propertyId="p112.symbolic_name" value="SDRAM_A04"/>
    <symbolicName propertyId="p113.symbolic_name" value="SDRAM_A03"/>
    <symbolicName propertyId="p114.symbolic_name" value="SDRAM_A02"/>
    <symbolicName propertyId="p115.symbolic_name" value="SDRAM_A01"/>
    <symbolicName propertyId="p200.symbolic_name" value="NMI"/>
    <symbolicName propertyId="p201.symbolic_name" value="JTAG_MD"/>
    <symbolicName propertyId="p202.symbolic_name" value="PMOD1_MISO_RXD_SW1SPI"/>
    <symbolicName propertyId="p203.symbolic_name" value="PMOD1_RESET_SW1IIC_MOSI_TXD_SW1SPI"/>
    <symbolicName propertyId="p204.symbolic_name" value="PMOD1_SCK_RTS_SW1SPI"/>
    <symbolicName propertyId="p205.symbolic_name" value="PMOD1_SCL_SW1IIC_PMOD2_SCL_SW2IIC"/>
    <symbolicName propertyId="p206.symbolic_name" value="PMOD1_SDA_SW1IIC_PMOD2_SDA_SW2IIC"/>
    <symbolicName propertyId="p207.symbolic_name" value="PMOD1_SS_CTS_SW1SPI"/>
    <symbolicName propertyId="p208.symbolic_name" value="PMOD1_GPIO3_SW1IIC"/>
    <symbolicName propertyId="p209.symbolic_name" value="PMOD1_GPIO4_SW1IIC_RESET_SW1SPI"/>
    <symbolicName propertyId="p210.symbolic_name" value="PMOD1_GPIO1_CS2"/>
    <symbolicName propertyId="p211.symbolic_name" value="ETH_RMII_MDIO"/>
    <symbolicName propertyId="p212.symbolic_name" value="CGC0_EXTAL"/>
    <symbolicName propertyId="p213.symbolic_name" value="CGC0_XTAL"/>
    <symbolicName propertyId="p214.symbolic_name" value="ETH_RMII_MDC"/>
    <symbolicName propertyId="p300.symbolic_name" value="DEBUG0_TCK"/>
    <symbolicName propertyId="p301.symbolic_name" value="SDRAM_A06"/>
    <symbolicName propertyId="p302.symbolic_name" value="SDRAM_A07"/>
    <symbolicName propertyId="p303.symbolic_name" value="SDRAM_A08"/>
    <symbolicName propertyId="p304.symbolic_name" value="SDRAM_A09"/>
    <symbolicName propertyId="p305.symbolic_name" value="SDRAM_A10"/>
    <symbolicName propertyId="p306.symbolic_name" value="SDRAM_A11"/>
    <symbolicName propertyId="p307.symbolic_name" value="SDRAM_A12"/>
    <symbolicName propertyId="p308.symbolic_name" value="SDRAM_A13"/>
    <symbolicName propertyId="p309.symbolic_name" value="SDRAM_A14"/>
    <symbolicName propertyId="p310.symbolic_name" value="J9_CAN1_DE"/>
    <symbolicName propertyId="p311.symbolic_name" value="SDRAM_RAS"/>
    <symbolicName propertyId="p312.symbolic_name" value="SDRAM_CAS"/>
    <symbolicName propertyId="p313.symbolic_name" value="PMOD1_GPIO2_CS3"/>
    <symbolicName propertyId="p314.symbolic_name" value="PMOD2_GPIO4_SW2IIC_RESET_SW2SPI"/>
    <symbolicName propertyId="p315.symbolic_name" value="PMOD5_RXD_MISO"/>
    <symbolicName propertyId="p400.symbolic_name" value="PMOD6_J6_SCL"/>
    <symbolicName propertyId="p401.symbolic_name" value="PMOD6_J6_SDA"/>
    <symbolicName propertyId="p402.symbolic_name" value="J6_VSYNC"/>
    <symbolicName propertyId="p403.symbolic_name" value="J6_PIXD7"/>
    <symbolicName propertyId="p404.symbolic_name" value="J6_PIXD6"/>
    <symbolicName propertyId="p405.symbolic_name" value="ETH_RMII_TXD_EN"/>
    <symbolicName propertyId="p406.symbolic_name" value="ETH_RMII_TXD1"/>
    <symbolicName propertyId="p407.symbolic_name" value="USBFS0_VBUS"/>
    <symbolicName propertyId="p408.symbolic_name" value="J6_PIXCLK"/>
    <symbolicName propertyId="p409.symbolic_name" value="J6_HSYNC"/>
    <symbolicName propertyId="p410.symbolic_name" value="J6_PIXD0"/>
    <symbolicName propertyId="p411.symbolic_name" value="J6_PIXD1"/>
    <symbolicName propertyId="p412.symbolic_name" value="J6_PIXD2"/>
    <symbolicName propertyId="p413.symbolic_name" value="J6_PIXD3"/>
    <symbolicName propertyId="p414.symbolic_name" value="J6_PIXD4"/>
    <symbolicName propertyId="p415.symbolic_name" value="J6_PIXD5"/>
    <symbolicName propertyId="p500.symbolic_name" value="PMOD2_GPIO1_CS2"/>
    <symbolicName propertyId="p501.symbolic_name" value="PMOD4_TXD_MOSI"/>
    <symbolicName propertyId="p502.symbolic_name" value="PMOD4_RXD_MISO"/>
    <symbolicName propertyId="p503.symbolic_name" value="PMOD4_SS_SCK"/>
    <symbolicName propertyId="p504.symbolic_name" value="PMOD4_SS_CS"/>
    <symbolicName propertyId="p505.symbolic_name" value="JLOB_RXD"/>
    <symbolicName propertyId="p506.symbolic_name" value="JLOB_TXD"/>
    <symbolicName propertyId="p507.symbolic_name" value="PMOD2_GPIO2_CS3"/>
    <symbolicName propertyId="p508.symbolic_name" value="PMOD3_RESET"/>
    <symbolicName propertyId="p511.symbolic_name" value="J9_CAN1_CRX"/>
    <symbolicName propertyId="p512.symbolic_name" value="J9_CAN1_CTX"/>
    <symbolicName propertyId="p513.symbolic_name" value="PMOD3_GPIO1_CS2"/>
    <symbolicName propertyId="p600.symbolic_name" value="PMOD3_GPIO2_CS3"/>
    <symbolicName propertyId="p601.symbolic_name" value="SDRAM_DQM0"/>
    <symbolicName propertyId="p602.symbolic_name" value="SDRAM_SDCLK"/>
    <symbolicName propertyId="p603.symbolic_name" value="SDRAM_DQ13"/>
    <symbolicName propertyId="p604.symbolic_name" value="SDRAM_DQ12"/>
    <symbolicName propertyId="p605.symbolic_name" value="SDRAM_DQ11"/>
    <symbolicName propertyId="p606.symbolic_name" value="PMOD3_SS_CTS"/>
    <symbolicName propertyId="p607.symbolic_name" value="PMOD3_RXD_MISO"/>
    <symbolicName propertyId="p608.symbolic_name" value="SDRAM_DQM1"/>
    <symbolicName propertyId="p609.symbolic_name" value="SDRAM_CKE"/>
    <symbolicName propertyId="p610.symbolic_name" value="SDRAM_WE"/>
    <symbolicName propertyId="p611.symbolic_name" value="SDRAM_SDCS"/>
    <symbolicName propertyId="p612.symbolic_name" value="SDRAM_DQ8"/>
    <symbolicName propertyId="p613.symbolic_name" value="SDRAM_DQ9"/>
    <symbolicName propertyId="p614.symbolic_name" value="SDRAM_DQ10"/>
    <symbolicName propertyId="p615.symbolic_name" value="PMOD4_RESET"/>
    <symbolicName propertyId="p700.symbolic_name" value="ETH_RMII_TXD0"/>
    <symbolicName propertyId="p701.symbolic_name" value="ETH_RMII_REF50"/>
    <symbolicName propertyId="p702.symbolic_name" value="ETH_RMII_RXD0"/>
    <symbolicName propertyId="p703.symbolic_name" value="ETH_RMII_RXD1"/>
    <symbolicName propertyId="p704.symbolic_name" value="ETH_RMII_RX_ER"/>
    <symbolicName propertyId="p705.symbolic_name" value="ETH_RMII_CRS_DV"/>
    <symbolicName propertyId="p706.symbolic_name" value="PMOD2_MISO_RXD_SW2SPI"/>
    <symbolicName propertyId="p707.symbolic_name" value="PMOD2_RESET_SW2IIC_MOSI_TXD_SW2SPI"/>
    <symbolicName propertyId="p708.symbolic_name" value="J6_XCLK"/>
    <symbolicName propertyId="p800.symbolic_name" value="SDRAM_DQ14"/>
    <symbolicName propertyId="p801.symbolic_name" value="SDRAM_DQ15"/>
    <symbolicName propertyId="p802.symbolic_name" value="PMOD4_GPIO1_CS2"/>
    <symbolicName propertyId="p803.symbolic_name" value="PMOD4_GPIO2_CS3"/>
    <symbolicName propertyId="p804.symbolic_name" value="PMOD2_GPIO3_SW2IIC"/>
    <symbolicName propertyId="p805.symbolic_name" value="PMOD6_GPIO4"/>
    <symbolicName propertyId="p806.symbolic_name" value="PMOD5_SS_CTS"/>
    <symbolicName propertyId="p900.symbolic_name" value="PMOD5_TXD_MOSI"/>
    <symbolicName propertyId="p901.symbolic_name" value="PMOD5_SCK_RTS"/>
    <symbolicName propertyId="p905.symbolic_name" value="PMOD6_RESET"/>
    <symbolicName propertyId="p906.symbolic_name" value="LED1_GREEN"/>
    <symbolicName propertyId="p907.symbolic_name" value="LED1_RED"/>
    <symbolicName propertyId="p908.symbolic_name" value="LED1_BLUE"/>
    <symbolicName propertyId="pa00.symbolic_name" value="PMOD3_TXD_MOSI"/>
    <symbolicName propertyId="pa01.symbolic_name" value="PMOD3_SCK"/>
    <symbolicName propertyId="pa08.symbolic_name" value="PMOD6_GPIO1"/>
    <symbolicName propertyId="pa09.symbolic_name" value="PMOD6_GPIO2"/>
    <symbolicName propertyId="pa10.symbolic_name" value="PMOD6_GPIO3"/>
    <symbolicName propertyId="pb00.symbolic_name" value="PMOD2_SCK_RTS_SW2SPI"/>
    <symbolicName propertyId="pb01.symbolic_name" value="PMOD2_SS_CTS_SW2SPI"/>
    <comment propertyId="p310.comment" value="shared with SDRAM A15"/>
    <comment propertyId="p400.comment" value="shared interface"/>
    <comment propertyId="p401.comment" value="shared interface"/>
    <comment propertyId="p505.comment" value="Please check ERRATA"/>
    <comment propertyId="p506.comment" value="Please check ERRATA"/>
    <pincfg active="true" name="RA6M3-AIK.pincfg" selected="true" symbol="g_bsp_pin_cfg">
      <configSetting altId="adc0.an03.p008" configurationId="adc0.an03"/>
      <configSetting altId="adc0.an04.p009" configurationId="adc0.an04"/>
      <configSetting altId="adc0.mode.custom" configurationId="adc0.mode"/>
      <configSetting altId="adc1.mode.custom" configurationId="adc1.mode"/>
      <configSetting altId="bus0.a00.p608" configurationId="bus0.a00"/>
      <configSetting altId="bus0.a01.p115" configurationId="bus0.a01"/>
      <configSetting altId="bus0.a02.p114" configurationId="bus0.a02"/>
      <configSetting altId="bus0.a03.p113" configurationId="bus0.a03"/>
      <configSetting altId="bus0.a04.p112" configurationId="bus0.a04"/>
      <configSetting altId="bus0.a05.p111" configurationId="bus0.a05"/>
      <configSetting altId="bus0.a06.p301" configurationId="bus0.a06"/>
      <configSetting altId="bus0.a07.p302" configurationId="bus0.a07"/>
      <configSetting altId="bus0.a08.p303" configurationId="bus0.a08"/>
      <configSetting altId="bus0.a09.p304" configurationId="bus0.a09"/>
      <configSetting altId="bus0.a10.p305" configurationId="bus0.a10"/>
      <configSetting altId="bus0.a11.p306" configurationId="bus0.a11"/>
      <configSetting altId="bus0.a12.p307" configurationId="bus0.a12"/>
      <configSetting altId="bus0.a13.p308" configurationId="bus0.a13"/>
      <configSetting altId="bus0.a14.p309" configurationId="bus0.a14"/>
      <configSetting altId="bus0.bclk.p602" configurationId="bus0.bclk"/>
      <configSetting altId="bus0.cs0.p610" configurationId="bus0.cs0"/>
      <configSetting altId="bus0.cs1.p609" configurationId="bus0.cs1"/>
      <configSetting altId="bus0.cs2.p311" configurationId="bus0.cs2"/>
      <configSetting altId="bus0.cs3.p312" configurationId="bus0.cs3"/>
      <configSetting altId="bus0.d00.p100" configurationId="bus0.d00"/>
      <configSetting altId="bus0.d01.p101" configurationId="bus0.d01"/>
      <configSetting altId="bus0.d02.p102" configurationId="bus0.d02"/>
      <configSetting altId="bus0.d03.p103" configurationId="bus0.d03"/>
      <configSetting altId="bus0.d04.p104" configurationId="bus0.d04"/>
      <configSetting altId="bus0.d05.p105" configurationId="bus0.d05"/>
      <configSetting altId="bus0.d06.p106" configurationId="bus0.d06"/>
      <configSetting altId="bus0.d07.p107" configurationId="bus0.d07"/>
      <configSetting altId="bus0.d08.p612" configurationId="bus0.d08"/>
      <configSetting altId="bus0.d09.p613" configurationId="bus0.d09"/>
      <configSetting altId="bus0.d10.p614" configurationId="bus0.d10"/>
      <configSetting altId="bus0.d11.p605" configurationId="bus0.d11"/>
      <configSetting altId="bus0.d12.p604" configurationId="bus0.d12"/>
      <configSetting altId="bus0.d13.p603" configurationId="bus0.d13"/>
      <configSetting altId="bus0.d14.p800" configurationId="bus0.d14"/>
      <configSetting altId="bus0.d15.p801" configurationId="bus0.d15"/>
      <configSetting altId="bus0.mode.sdram16bit" configurationId="bus0.mode"/>
      <configSetting altId="bus0.sdcs.p611" configurationId="bus0.sdcs"/>
      <configSetting altId="bus0.wr.p601" configurationId="bus0.wr"/>
      <configSetting altId="can1.crx.p511" configurationId="can1.crx"/>
      <configSetting altId="can1.ctx.p512" configurationId="can1.ctx"/>
      <configSetting altId="can1.mode.enabled.free" configurationId="can1.mode"/>
      <configSetting altId="cgc0.extal.p212" configurationId="cgc0.extal"/>
      <configSetting altId="cgc0.mode.mainsub" configurationId="cgc0.mode"/>
      <configSetting altId="cgc0.xtal.p213" configurationId="cgc0.xtal"/>
      <configSetting altId="debug0.mode.jtag" configurationId="debug0.mode"/>
      <configSetting altId="debug0.tck.p300" configurationId="debug0.tck"/>
      <configSetting altId="debug0.tdi.p110" configurationId="debug0.tdi"/>
      <configSetting altId="debug0.tdo.p109" configurationId="debug0.tdo"/>
      <configSetting altId="debug0.tms.p108" configurationId="debug0.tms"/>
      <configSetting altId="etherc0.rmii.crs_dv.p705" configurationId="etherc0.rmii.crs_dv"/>
      <configSetting altId="etherc0.rmii.mdc.p214" configurationId="etherc0.rmii.mdc"/>
      <configSetting altId="etherc0.rmii.mdio.p211" configurationId="etherc0.rmii.mdio"/>
      <configSetting altId="etherc0.rmii.mode.rmii.free" configurationId="etherc0.rmii.mode"/>
      <configSetting altId="etherc0.rmii.pairing.free" configurationId="etherc0.rmii.pairing"/>
      <configSetting altId="etherc0.rmii.ref50ck.p701" configurationId="etherc0.rmii.ref50ck"/>
      <configSetting altId="etherc0.rmii.rx_er.p704" configurationId="etherc0.rmii.rx_er"/>
      <configSetting altId="etherc0.rmii.rxd0.p702" configurationId="etherc0.rmii.rxd0"/>
      <configSetting altId="etherc0.rmii.rxd1.p703" configurationId="etherc0.rmii.rxd1"/>
      <configSetting altId="etherc0.rmii.txd0.p700" configurationId="etherc0.rmii.txd0"/>
      <configSetting altId="etherc0.rmii.txd1.p406" configurationId="etherc0.rmii.txd1"/>
      <configSetting altId="etherc0.rmii.txd_en.p405" configurationId="etherc0.rmii.txd_en"/>
      <configSetting altId="glcdc0.pairing.a" configurationId="glcdc0.pairing"/>
      <configSetting altId="iic0.mode.enabled.a" configurationId="iic0.mode"/>
      <configSetting altId="iic0.scl.p400" configurationId="iic0.scl"/>
      <configSetting altId="iic0.sda.p401" configurationId="iic0.sda"/>
      <configSetting altId="iic1.mode.enabled.a" configurationId="iic1.mode"/>
      <configSetting altId="iic1.scl.p205" configurationId="iic1.scl"/>
      <configSetting altId="iic1.sda.p206" configurationId="iic1.sda"/>
      <configSetting altId="iic2.pairing.free" configurationId="iic2.pairing"/>
      <configSetting altId="irq0.irq06.p000" configurationId="irq0.irq06"/>
      <configSetting altId="irq0.irq07.p001" configurationId="irq0.irq07"/>
      <configSetting altId="irq0.irq08.p002" configurationId="irq0.irq08"/>
      <configSetting altId="irq0.irq09.p004" configurationId="irq0.irq09"/>
      <configSetting altId="irq0.irq10.p005" configurationId="irq0.irq10"/>
      <configSetting altId="irq0.irq11.p006" configurationId="irq0.irq11"/>
      <configSetting altId="irq0.mode.enabled" configurationId="irq0.mode"/>
      <configSetting altId="p000.irq0.irq06" configurationId="p000"/>
      <configSetting altId="p000.gpio_irq.gpio_irq_enabled" configurationId="p000.gpio_irq"/>
      <configSetting altId="p000.gpio_mode.gpio_mode_irq" configurationId="p000.gpio_mode"/>
      <configSetting altId="p001.irq0.irq07" configurationId="p001"/>
      <configSetting altId="p001.gpio_irq.gpio_irq_enabled" configurationId="p001.gpio_irq"/>
      <configSetting altId="p001.gpio_mode.gpio_mode_irq" configurationId="p001.gpio_mode"/>
      <configSetting altId="p002.irq0.irq08" configurationId="p002"/>
      <configSetting altId="p002.gpio_irq.gpio_irq_enabled" configurationId="p002.gpio_irq"/>
      <configSetting altId="p002.gpio_mode.gpio_mode_irq" configurationId="p002.gpio_mode"/>
      <configSetting altId="p003.input" configurationId="p003"/>
      <configSetting altId="p003.gpio_mode.gpio_mode_in" configurationId="p003.gpio_mode"/>
      <configSetting altId="p004.irq0.irq09" configurationId="p004"/>
      <configSetting altId="p004.gpio_irq.gpio_irq_enabled" configurationId="p004.gpio_irq"/>
      <configSetting altId="p004.gpio_mode.gpio_mode_irq" configurationId="p004.gpio_mode"/>
      <configSetting altId="p005.irq0.irq10" configurationId="p005"/>
      <configSetting altId="p005.gpio_irq.gpio_irq_enabled" configurationId="p005.gpio_irq"/>
      <configSetting altId="p005.gpio_mode.gpio_mode_irq" configurationId="p005.gpio_mode"/>
      <configSetting altId="p006.irq0.irq11" configurationId="p006"/>
      <configSetting altId="p006.gpio_irq.gpio_irq_enabled" configurationId="p006.gpio_irq"/>
      <configSetting altId="p006.gpio_mode.gpio_mode_irq" configurationId="p006.gpio_mode"/>
      <configSetting altId="p007.input" configurationId="p007"/>
      <configSetting altId="p007.gpio_mode.gpio_mode_in" configurationId="p007.gpio_mode"/>
      <configSetting altId="p008.asel" configurationId="p008"/>
      <configSetting altId="p008.gpio_mode.gpio_mode_an" configurationId="p008.gpio_mode"/>
      <configSetting altId="p009.asel" configurationId="p009"/>
      <configSetting altId="p009.gpio_mode.gpio_mode_an" configurationId="p009.gpio_mode"/>
      <configSetting altId="p010.output.high" configurationId="p010"/>
      <configSetting altId="p010.gpio_mode.gpio_mode_out.high" configurationId="p010.gpio_mode"/>
      <configSetting altId="p010.gpio_otype.gpio_otype_n_ch_od" configurationId="p010.gpio_otype"/>
      <configSetting altId="p014.output.high" configurationId="p014"/>
      <configSetting altId="p014.gpio_mode.gpio_mode_out.high" configurationId="p014.gpio_mode"/>
      <configSetting altId="p015.output.high" configurationId="p015"/>
      <configSetting altId="p015.gpio_mode.gpio_mode_out.high" configurationId="p015.gpio_mode"/>
      <configSetting altId="p100.bus0.d00" configurationId="p100"/>
      <configSetting altId="p100.gpio_speed.gpio_speed_medium" configurationId="p100.gpio_drivecapacity"/>
      <configSetting altId="p100.gpio_mode.gpio_mode_peripheral" configurationId="p100.gpio_mode"/>
      <configSetting altId="p101.bus0.d01" configurationId="p101"/>
      <configSetting altId="p101.gpio_speed.gpio_speed_medium" configurationId="p101.gpio_drivecapacity"/>
      <configSetting altId="p101.gpio_mode.gpio_mode_peripheral" configurationId="p101.gpio_mode"/>
      <configSetting altId="p102.bus0.d02" configurationId="p102"/>
      <configSetting altId="p102.gpio_speed.gpio_speed_high" configurationId="p102.gpio_drivecapacity"/>
      <configSetting altId="p102.gpio_mode.gpio_mode_peripheral" configurationId="p102.gpio_mode"/>
      <configSetting altId="p103.bus0.d03" configurationId="p103"/>
      <configSetting altId="p103.gpio_speed.gpio_speed_high" configurationId="p103.gpio_drivecapacity"/>
      <configSetting altId="p103.gpio_mode.gpio_mode_peripheral" configurationId="p103.gpio_mode"/>
      <configSetting altId="p104.bus0.d04" configurationId="p104"/>
      <configSetting altId="p104.gpio_speed.gpio_speed_high" configurationId="p104.gpio_drivecapacity"/>
      <configSetting altId="p104.gpio_mode.gpio_mode_peripheral" configurationId="p104.gpio_mode"/>
      <configSetting altId="p105.bus0.d05" configurationId="p105"/>
      <configSetting altId="p105.gpio_speed.gpio_speed_high" configurationId="p105.gpio_drivecapacity"/>
      <configSetting altId="p105.gpio_mode.gpio_mode_peripheral" configurationId="p105.gpio_mode"/>
      <configSetting altId="p106.bus0.d06" configurationId="p106"/>
      <configSetting altId="p106.gpio_speed.gpio_speed_high" configurationId="p106.gpio_drivecapacity"/>
      <configSetting altId="p106.gpio_mode.gpio_mode_peripheral" configurationId="p106.gpio_mode"/>
      <configSetting altId="p107.bus0.d07" configurationId="p107"/>
      <configSetting altId="p107.gpio_speed.gpio_speed_high" configurationId="p107.gpio_drivecapacity"/>
      <configSetting altId="p107.gpio_mode.gpio_mode_peripheral" configurationId="p107.gpio_mode"/>
      <configSetting altId="p108.debug0.tms" configurationId="p108"/>
      <configSetting altId="p108.gpio_mode.gpio_mode_peripheral" configurationId="p108.gpio_mode"/>
      <configSetting altId="p109.debug0.tdo" configurationId="p109"/>
      <configSetting altId="p109.gpio_mode.gpio_mode_peripheral" configurationId="p109.gpio_mode"/>
      <configSetting altId="p110.debug0.tdi" configurationId="p110"/>
      <configSetting altId="p110.gpio_mode.gpio_mode_peripheral" configurationId="p110.gpio_mode"/>
      <configSetting altId="p111.bus0.a05" configurationId="p111"/>
      <configSetting altId="p111.gpio_speed.gpio_speed_high" configurationId="p111.gpio_drivecapacity"/>
      <configSetting altId="p111.gpio_mode.gpio_mode_peripheral" configurationId="p111.gpio_mode"/>
      <configSetting altId="p112.bus0.a04" configurationId="p112"/>
      <configSetting altId="p112.gpio_speed.gpio_speed_high" configurationId="p112.gpio_drivecapacity"/>
      <configSetting altId="p112.gpio_mode.gpio_mode_peripheral" configurationId="p112.gpio_mode"/>
      <configSetting altId="p113.bus0.a03" configurationId="p113"/>
      <configSetting altId="p113.gpio_speed.gpio_speed_high" configurationId="p113.gpio_drivecapacity"/>
      <configSetting altId="p113.gpio_mode.gpio_mode_peripheral" configurationId="p113.gpio_mode"/>
      <configSetting altId="p114.bus0.a02" configurationId="p114"/>
      <configSetting altId="p114.gpio_speed.gpio_speed_high" configurationId="p114.gpio_drivecapacity"/>
      <configSetting altId="p114.gpio_mode.gpio_mode_peripheral" configurationId="p114.gpio_mode"/>
      <configSetting altId="p115.bus0.a01" configurationId="p115"/>
      <configSetting altId="p115.gpio_speed.gpio_speed_high" configurationId="p115.gpio_drivecapacity"/>
      <configSetting altId="p115.gpio_mode.gpio_mode_peripheral" configurationId="p115.gpio_mode"/>
      <configSetting altId="p201.input" configurationId="p201"/>
      <configSetting altId="p201.gpio_mode.gpio_mode_in" configurationId="p201.gpio_mode"/>
      <configSetting altId="p202.spi1.miso" configurationId="p202"/>
      <configSetting altId="p202.gpio_mode.gpio_mode_peripheral" configurationId="p202.gpio_mode"/>
      <configSetting altId="p202.gpio_pupd.gpio_pupd_ip_up" configurationId="p202.gpio_pupd"/>
      <configSetting altId="p203.spi1.mosi" configurationId="p203"/>
      <configSetting altId="p203.gpio_mode.gpio_mode_peripheral" configurationId="p203.gpio_mode"/>
      <configSetting altId="p203.gpio_pupd.gpio_pupd_ip_up" configurationId="p203.gpio_pupd"/>
      <configSetting altId="p204.spi1.rspck" configurationId="p204"/>
      <configSetting altId="p204.gpio_mode.gpio_mode_peripheral" configurationId="p204.gpio_mode"/>
      <configSetting altId="p204.gpio_pupd.gpio_pupd_ip_up" configurationId="p204.gpio_pupd"/>
      <configSetting altId="p205.iic1.scl" configurationId="p205"/>
      <configSetting altId="p205.gpio_speed.gpio_speed_medium" configurationId="p205.gpio_drivecapacity"/>
      <configSetting altId="p205.gpio_mode.gpio_mode_peripheral" configurationId="p205.gpio_mode"/>
      <configSetting altId="p205.gpio_otype.gpio_otype_n_ch_od" configurationId="p205.gpio_otype"/>
      <configSetting altId="p206.iic1.sda" configurationId="p206"/>
      <configSetting altId="p206.gpio_speed.gpio_speed_medium" configurationId="p206.gpio_drivecapacity"/>
      <configSetting altId="p206.gpio_mode.gpio_mode_peripheral" configurationId="p206.gpio_mode"/>
      <configSetting altId="p206.gpio_otype.gpio_otype_n_ch_od" configurationId="p206.gpio_otype"/>
      <configSetting altId="p207.output.high" configurationId="p207"/>
      <configSetting altId="p207.gpio_speed.gpio_speed_medium" configurationId="p207.gpio_drivecapacity"/>
      <configSetting altId="p207.gpio_mode.gpio_mode_out.high" configurationId="p207.gpio_mode"/>
      <configSetting altId="p208.input" configurationId="p208"/>
      <configSetting altId="p208.gpio_mode.gpio_mode_in" configurationId="p208.gpio_mode"/>
      <configSetting altId="p208.gpio_pupd.gpio_pupd_ip_up" configurationId="p208.gpio_pupd"/>
      <configSetting altId="p209.output.high" configurationId="p209"/>
      <configSetting altId="p209.gpio_speed.gpio_speed_medium" configurationId="p209.gpio_drivecapacity"/>
      <configSetting altId="p209.gpio_mode.gpio_mode_out.high" configurationId="p209.gpio_mode"/>
      <configSetting altId="p210.output.high" configurationId="p210"/>
      <configSetting altId="p210.gpio_speed.gpio_speed_medium" configurationId="p210.gpio_drivecapacity"/>
      <configSetting altId="p210.gpio_mode.gpio_mode_out.high" configurationId="p210.gpio_mode"/>
      <configSetting altId="p211.etherc0.rmii.mdio" configurationId="p211"/>
      <configSetting altId="p211.gpio_speed.gpio_speed_high" configurationId="p211.gpio_drivecapacity"/>
      <configSetting altId="p211.gpio_mode.gpio_mode_peripheral" configurationId="p211.gpio_mode"/>
      <configSetting altId="p212.cgc0.extal" configurationId="p212"/>
      <configSetting altId="p212.gpio_mode.gpio_mode_peripheral" configurationId="p212.gpio_mode"/>
      <configSetting altId="p213.cgc0.xtal" configurationId="p213"/>
      <configSetting altId="p213.gpio_mode.gpio_mode_peripheral" configurationId="p213.gpio_mode"/>
      <configSetting altId="p214.etherc0.rmii.mdc" configurationId="p214"/>
      <configSetting altId="p214.gpio_speed.gpio_speed_high" configurationId="p214.gpio_drivecapacity"/>
      <configSetting altId="p214.gpio_mode.gpio_mode_peripheral" configurationId="p214.gpio_mode"/>
      <configSetting altId="p300.debug0.tck" configurationId="p300"/>
      <configSetting altId="p300.gpio_mode.gpio_mode_peripheral" configurationId="p300.gpio_mode"/>
      <configSetting altId="p301.bus0.a06" configurationId="p301"/>
      <configSetting altId="p301.gpio_speed.gpio_speed_high" configurationId="p301.gpio_drivecapacity"/>
      <configSetting altId="p301.gpio_mode.gpio_mode_peripheral" configurationId="p301.gpio_mode"/>
      <configSetting altId="p302.bus0.a07" configurationId="p302"/>
      <configSetting altId="p302.gpio_speed.gpio_speed_high" configurationId="p302.gpio_drivecapacity"/>
      <configSetting altId="p302.gpio_mode.gpio_mode_peripheral" configurationId="p302.gpio_mode"/>
      <configSetting altId="p303.bus0.a08" configurationId="p303"/>
      <configSetting altId="p303.gpio_speed.gpio_speed_high" configurationId="p303.gpio_drivecapacity"/>
      <configSetting altId="p303.gpio_mode.gpio_mode_peripheral" configurationId="p303.gpio_mode"/>
      <configSetting altId="p304.bus0.a09" configurationId="p304"/>
      <configSetting altId="p304.gpio_speed.gpio_speed_high" configurationId="p304.gpio_drivecapacity"/>
      <configSetting altId="p304.gpio_mode.gpio_mode_peripheral" configurationId="p304.gpio_mode"/>
      <configSetting altId="p305.bus0.a10" configurationId="p305"/>
      <configSetting altId="p305.gpio_speed.gpio_speed_high" configurationId="p305.gpio_drivecapacity"/>
      <configSetting altId="p305.gpio_mode.gpio_mode_peripheral" configurationId="p305.gpio_mode"/>
      <configSetting altId="p306.bus0.a11" configurationId="p306"/>
      <configSetting altId="p306.gpio_speed.gpio_speed_high" configurationId="p306.gpio_drivecapacity"/>
      <configSetting altId="p306.gpio_mode.gpio_mode_peripheral" configurationId="p306.gpio_mode"/>
      <configSetting altId="p307.bus0.a12" configurationId="p307"/>
      <configSetting altId="p307.gpio_speed.gpio_speed_high" configurationId="p307.gpio_drivecapacity"/>
      <configSetting altId="p307.gpio_mode.gpio_mode_peripheral" configurationId="p307.gpio_mode"/>
      <configSetting altId="p308.bus0.a13" configurationId="p308"/>
      <configSetting altId="p308.gpio_speed.gpio_speed_high" configurationId="p308.gpio_drivecapacity"/>
      <configSetting altId="p308.gpio_mode.gpio_mode_peripheral" configurationId="p308.gpio_mode"/>
      <configSetting altId="p309.bus0.a14" configurationId="p309"/>
      <configSetting altId="p309.gpio_speed.gpio_speed_high" configurationId="p309.gpio_drivecapacity"/>
      <configSetting altId="p309.gpio_mode.gpio_mode_peripheral" configurationId="p309.gpio_mode"/>
      <configSetting altId="p310.output.low" configurationId="p310"/>
      <configSetting altId="p310.gpio_mode.gpio_mode_out.low" configurationId="p310.gpio_mode"/>
      <configSetting altId="p311.bus0.cs2" configurationId="p311"/>
      <configSetting altId="p311.gpio_speed.gpio_speed_high" configurationId="p311.gpio_drivecapacity"/>
      <configSetting altId="p311.gpio_mode.gpio_mode_peripheral" configurationId="p311.gpio_mode"/>
      <configSetting altId="p312.bus0.cs3" configurationId="p312"/>
      <configSetting altId="p312.gpio_speed.gpio_speed_high" configurationId="p312.gpio_drivecapacity"/>
      <configSetting altId="p312.gpio_mode.gpio_mode_peripheral" configurationId="p312.gpio_mode"/>
      <configSetting altId="p313.output.high" configurationId="p313"/>
      <configSetting altId="p313.gpio_speed.gpio_speed_medium" configurationId="p313.gpio_drivecapacity"/>
      <configSetting altId="p313.gpio_mode.gpio_mode_out.high" configurationId="p313.gpio_mode"/>
      <configSetting altId="p314.output.high" configurationId="p314"/>
      <configSetting altId="p314.gpio_mode.gpio_mode_out.high" configurationId="p314.gpio_mode"/>
      <configSetting altId="p314.gpio_pupd.gpio_pupd_ip_up" configurationId="p314.gpio_pupd"/>
      <configSetting altId="p315.sci4.rxd" configurationId="p315"/>
      <configSetting altId="p315.gpio_mode.gpio_mode_peripheral" configurationId="p315.gpio_mode"/>
      <configSetting altId="p315.gpio_pupd.gpio_pupd_ip_up" configurationId="p315.gpio_pupd"/>
      <configSetting altId="p400.iic0.scl" configurationId="p400"/>
      <configSetting altId="p400.gpio_speed.gpio_speed_medium" configurationId="p400.gpio_drivecapacity"/>
      <configSetting altId="p400.gpio_mode.gpio_mode_peripheral" configurationId="p400.gpio_mode"/>
      <configSetting altId="p400.gpio_otype.gpio_otype_n_ch_od" configurationId="p400.gpio_otype"/>
      <configSetting altId="p401.iic0.sda" configurationId="p401"/>
      <configSetting altId="p401.gpio_speed.gpio_speed_medium" configurationId="p401.gpio_drivecapacity"/>
      <configSetting altId="p401.gpio_mode.gpio_mode_peripheral" configurationId="p401.gpio_mode"/>
      <configSetting altId="p401.gpio_otype.gpio_otype_n_ch_od" configurationId="p401.gpio_otype"/>
      <configSetting altId="p402.pdc0.vsync" configurationId="p402"/>
      <configSetting altId="p402.gpio_mode.gpio_mode_peripheral" configurationId="p402.gpio_mode"/>
      <configSetting altId="p403.pdc0.pixd7" configurationId="p403"/>
      <configSetting altId="p403.gpio_mode.gpio_mode_peripheral" configurationId="p403.gpio_mode"/>
      <configSetting altId="p404.pdc0.pixd6" configurationId="p404"/>
      <configSetting altId="p404.gpio_mode.gpio_mode_peripheral" configurationId="p404.gpio_mode"/>
      <configSetting altId="p405.etherc0.rmii.txd_en" configurationId="p405"/>
      <configSetting altId="p405.gpio_speed.gpio_speed_high" configurationId="p405.gpio_drivecapacity"/>
      <configSetting altId="p405.gpio_mode.gpio_mode_peripheral" configurationId="p405.gpio_mode"/>
      <configSetting altId="p406.etherc0.rmii.txd1" configurationId="p406"/>
      <configSetting altId="p406.gpio_speed.gpio_speed_high" configurationId="p406.gpio_drivecapacity"/>
      <configSetting altId="p406.gpio_mode.gpio_mode_peripheral" configurationId="p406.gpio_mode"/>
      <configSetting altId="p407.usbfs0.vbus" configurationId="p407"/>
      <configSetting altId="p407.gpio_mode.gpio_mode_peripheral" configurationId="p407.gpio_mode"/>
      <configSetting altId="p408.pdc0.pixclk" configurationId="p408"/>
      <configSetting altId="p408.gpio_mode.gpio_mode_peripheral" configurationId="p408.gpio_mode"/>
      <configSetting altId="p409.pdc0.hsync" configurationId="p409"/>
      <configSetting altId="p409.gpio_mode.gpio_mode_peripheral" configurationId="p409.gpio_mode"/>
      <configSetting altId="p410.pdc0.pixd0" configurationId="p410"/>
      <configSetting altId="p410.gpio_mode.gpio_mode_peripheral" configurationId="p410.gpio_mode"/>
      <configSetting altId="p411.pdc0.pixd1" configurationId="p411"/>
      <configSetting altId="p411.gpio_mode.gpio_mode_peripheral" configurationId="p411.gpio_mode"/>
      <configSetting altId="p412.pdc0.pixd2" configurationId="p412"/>
      <configSetting altId="p412.gpio_mode.gpio_mode_peripheral" configurationId="p412.gpio_mode"/>
      <configSetting altId="p413.pdc0.pixd3" configurationId="p413"/>
      <configSetting altId="p413.gpio_mode.gpio_mode_peripheral" configurationId="p413.gpio_mode"/>
      <configSetting altId="p414.pdc0.pixd4" configurationId="p414"/>
      <configSetting altId="p414.gpio_mode.gpio_mode_peripheral" configurationId="p414.gpio_mode"/>
      <configSetting altId="p415.pdc0.pixd5" configurationId="p415"/>
      <configSetting altId="p415.gpio_mode.gpio_mode_peripheral" configurationId="p415.gpio_mode"/>
      <configSetting altId="p500.output.high" configurationId="p500"/>
      <configSetting altId="p500.gpio_mode.gpio_mode_out.high" configurationId="p500.gpio_mode"/>
      <configSetting altId="p500.gpio_pupd.gpio_pupd_ip_up" configurationId="p500.gpio_pupd"/>
      <configSetting altId="p501.sci5.txd" configurationId="p501"/>
      <configSetting altId="p501.gpio_mode.gpio_mode_peripheral" configurationId="p501.gpio_mode"/>
      <configSetting altId="p501.gpio_pupd.gpio_pupd_ip_up" configurationId="p501.gpio_pupd"/>
      <configSetting altId="p502.sci5.rxd" configurationId="p502"/>
      <configSetting altId="p502.gpio_mode.gpio_mode_peripheral" configurationId="p502.gpio_mode"/>
      <configSetting altId="p502.gpio_pupd.gpio_pupd_ip_up" configurationId="p502.gpio_pupd"/>
      <configSetting altId="p503.sci5.sck" configurationId="p503"/>
      <configSetting altId="p503.gpio_mode.gpio_mode_peripheral" configurationId="p503.gpio_mode"/>
      <configSetting altId="p503.gpio_pupd.gpio_pupd_ip_up" configurationId="p503.gpio_pupd"/>
      <configSetting altId="p504.output.high" configurationId="p504"/>
      <configSetting altId="p504.gpio_mode.gpio_mode_out.high" configurationId="p504.gpio_mode"/>
      <configSetting altId="p504.gpio_pupd.gpio_pupd_ip_up" configurationId="p504.gpio_pupd"/>
      <configSetting altId="p505.input" configurationId="p505"/>
      <configSetting altId="p505.gpio_mode.gpio_mode_in" configurationId="p505.gpio_mode"/>
      <configSetting altId="p505.gpio_pupd.gpio_pupd_ip_up" configurationId="p505.gpio_pupd"/>
      <configSetting altId="p506.input" configurationId="p506"/>
      <configSetting altId="p506.gpio_mode.gpio_mode_in" configurationId="p506.gpio_mode"/>
      <configSetting altId="p506.gpio_pupd.gpio_pupd_ip_up" configurationId="p506.gpio_pupd"/>
      <configSetting altId="p507.output.high" configurationId="p507"/>
      <configSetting altId="p507.gpio_mode.gpio_mode_out.high" configurationId="p507.gpio_mode"/>
      <configSetting altId="p507.gpio_pupd.gpio_pupd_ip_up" configurationId="p507.gpio_pupd"/>
      <configSetting altId="p508.output.high" configurationId="p508"/>
      <configSetting altId="p508.gpio_mode.gpio_mode_out.high" configurationId="p508.gpio_mode"/>
      <configSetting altId="p508.gpio_pupd.gpio_pupd_ip_up" configurationId="p508.gpio_pupd"/>
      <configSetting altId="p511.can1.crx" configurationId="p511"/>
      <configSetting altId="p511.gpio_speed.gpio_speed_medium" configurationId="p511.gpio_drivecapacity"/>
      <configSetting altId="p511.gpio_mode.gpio_mode_peripheral" configurationId="p511.gpio_mode"/>
      <configSetting altId="p512.can1.ctx" configurationId="p512"/>
      <configSetting altId="p512.gpio_speed.gpio_speed_medium" configurationId="p512.gpio_drivecapacity"/>
      <configSetting altId="p512.gpio_mode.gpio_mode_peripheral" configurationId="p512.gpio_mode"/>
      <configSetting altId="p513.output.high" configurationId="p513"/>
      <configSetting altId="p513.gpio_mode.gpio_mode_out.high" configurationId="p513.gpio_mode"/>
      <configSetting altId="p513.gpio_pupd.gpio_pupd_ip_up" configurationId="p513.gpio_pupd"/>
      <configSetting altId="p600.output.high" configurationId="p600"/>
      <configSetting altId="p600.gpio_speed.gpio_speed_medium" configurationId="p600.gpio_drivecapacity"/>
      <configSetting altId="p600.gpio_mode.gpio_mode_out.high" configurationId="p600.gpio_mode"/>
      <configSetting altId="p600.gpio_pupd.gpio_pupd_ip_up" configurationId="p600.gpio_pupd"/>
      <configSetting altId="p601.bus0.wr" configurationId="p601"/>
      <configSetting altId="p601.gpio_speed.gpio_speed_high" configurationId="p601.gpio_drivecapacity"/>
      <configSetting altId="p601.gpio_mode.gpio_mode_peripheral" configurationId="p601.gpio_mode"/>
      <configSetting altId="p602.bus0.bclk" configurationId="p602"/>
      <configSetting altId="p602.gpio_speed.gpio_speed_high" configurationId="p602.gpio_drivecapacity"/>
      <configSetting altId="p602.gpio_mode.gpio_mode_peripheral" configurationId="p602.gpio_mode"/>
      <configSetting altId="p603.bus0.d13" configurationId="p603"/>
      <configSetting altId="p603.gpio_speed.gpio_speed_high" configurationId="p603.gpio_drivecapacity"/>
      <configSetting altId="p603.gpio_mode.gpio_mode_peripheral" configurationId="p603.gpio_mode"/>
      <configSetting altId="p604.bus0.d12" configurationId="p604"/>
      <configSetting altId="p604.gpio_speed.gpio_speed_high" configurationId="p604.gpio_drivecapacity"/>
      <configSetting altId="p604.gpio_mode.gpio_mode_peripheral" configurationId="p604.gpio_mode"/>
      <configSetting altId="p605.bus0.d11" configurationId="p605"/>
      <configSetting altId="p605.gpio_speed.gpio_speed_high" configurationId="p605.gpio_drivecapacity"/>
      <configSetting altId="p605.gpio_mode.gpio_mode_peripheral" configurationId="p605.gpio_mode"/>
      <configSetting altId="p606.output.high" configurationId="p606"/>
      <configSetting altId="p606.gpio_mode.gpio_mode_out.high" configurationId="p606.gpio_mode"/>
      <configSetting altId="p607.sci8.rxd" configurationId="p607"/>
      <configSetting altId="p607.gpio_mode.gpio_mode_peripheral" configurationId="p607.gpio_mode"/>
      <configSetting altId="p607.gpio_pupd.gpio_pupd_ip_up" configurationId="p607.gpio_pupd"/>
      <configSetting altId="p608.bus0.a00" configurationId="p608"/>
      <configSetting altId="p608.gpio_speed.gpio_speed_high" configurationId="p608.gpio_drivecapacity"/>
      <configSetting altId="p608.gpio_mode.gpio_mode_peripheral" configurationId="p608.gpio_mode"/>
      <configSetting altId="p609.bus0.cs1" configurationId="p609"/>
      <configSetting altId="p609.gpio_speed.gpio_speed_high" configurationId="p609.gpio_drivecapacity"/>
      <configSetting altId="p609.gpio_mode.gpio_mode_peripheral" configurationId="p609.gpio_mode"/>
      <configSetting altId="p610.bus0.cs0" configurationId="p610"/>
      <configSetting altId="p610.gpio_speed.gpio_speed_high" configurationId="p610.gpio_drivecapacity"/>
      <configSetting altId="p610.gpio_mode.gpio_mode_peripheral" configurationId="p610.gpio_mode"/>
      <configSetting altId="p611.bus0.sdcs" configurationId="p611"/>
      <configSetting altId="p611.gpio_speed.gpio_speed_high" configurationId="p611.gpio_drivecapacity"/>
      <configSetting altId="p611.gpio_mode.gpio_mode_peripheral" configurationId="p611.gpio_mode"/>
      <configSetting altId="p612.bus0.d08" configurationId="p612"/>
      <configSetting altId="p612.gpio_speed.gpio_speed_high" configurationId="p612.gpio_drivecapacity"/>
      <configSetting altId="p612.gpio_mode.gpio_mode_peripheral" configurationId="p612.gpio_mode"/>
      <configSetting altId="p613.bus0.d09" configurationId="p613"/>
      <configSetting altId="p613.gpio_speed.gpio_speed_high" configurationId="p613.gpio_drivecapacity"/>
      <configSetting altId="p613.gpio_mode.gpio_mode_peripheral" configurationId="p613.gpio_mode"/>
      <configSetting altId="p614.bus0.d10" configurationId="p614"/>
      <configSetting altId="p614.gpio_speed.gpio_speed_high" configurationId="p614.gpio_drivecapacity"/>
      <configSetting altId="p614.gpio_mode.gpio_mode_peripheral" configurationId="p614.gpio_mode"/>
      <configSetting altId="p615.output.high" configurationId="p615"/>
      <configSetting altId="p615.gpio_mode.gpio_mode_out.high" configurationId="p615.gpio_mode"/>
      <configSetting altId="p615.gpio_pupd.gpio_pupd_ip_up" configurationId="p615.gpio_pupd"/>
      <configSetting altId="p700.etherc0.rmii.txd0" configurationId="p700"/>
      <configSetting altId="p700.gpio_speed.gpio_speed_high" configurationId="p700.gpio_drivecapacity"/>
      <configSetting altId="p700.gpio_mode.gpio_mode_peripheral" configurationId="p700.gpio_mode"/>
      <configSetting altId="p701.etherc0.rmii.ref50ck" configurationId="p701"/>
      <configSetting altId="p701.gpio_speed.gpio_speed_high" configurationId="p701.gpio_drivecapacity"/>
      <configSetting altId="p701.gpio_mode.gpio_mode_peripheral" configurationId="p701.gpio_mode"/>
      <configSetting altId="p702.etherc0.rmii.rxd0" configurationId="p702"/>
      <configSetting altId="p702.gpio_speed.gpio_speed_high" configurationId="p702.gpio_drivecapacity"/>
      <configSetting altId="p702.gpio_mode.gpio_mode_peripheral" configurationId="p702.gpio_mode"/>
      <configSetting altId="p703.etherc0.rmii.rxd1" configurationId="p703"/>
      <configSetting altId="p703.gpio_speed.gpio_speed_high" configurationId="p703.gpio_drivecapacity"/>
      <configSetting altId="p703.gpio_mode.gpio_mode_peripheral" configurationId="p703.gpio_mode"/>
      <configSetting altId="p704.etherc0.rmii.rx_er" configurationId="p704"/>
      <configSetting altId="p704.gpio_speed.gpio_speed_high" configurationId="p704.gpio_drivecapacity"/>
      <configSetting altId="p704.gpio_mode.gpio_mode_peripheral" configurationId="p704.gpio_mode"/>
      <configSetting altId="p705.etherc0.rmii.crs_dv" configurationId="p705"/>
      <configSetting altId="p705.gpio_speed.gpio_speed_high" configurationId="p705.gpio_drivecapacity"/>
      <configSetting altId="p705.gpio_mode.gpio_mode_peripheral" configurationId="p705.gpio_mode"/>
      <configSetting altId="p706.sci3.rxd" configurationId="p706"/>
      <configSetting altId="p706.gpio_mode.gpio_mode_peripheral" configurationId="p706.gpio_mode"/>
      <configSetting altId="p706.gpio_pupd.gpio_pupd_ip_up" configurationId="p706.gpio_pupd"/>
      <configSetting altId="p707.sci3.txd" configurationId="p707"/>
      <configSetting altId="p707.gpio_mode.gpio_mode_peripheral" configurationId="p707.gpio_mode"/>
      <configSetting altId="p707.gpio_pupd.gpio_pupd_ip_up" configurationId="p707.gpio_pupd"/>
      <configSetting altId="p708.pdc0.pcko" configurationId="p708"/>
      <configSetting altId="p708.gpio_mode.gpio_mode_peripheral" configurationId="p708.gpio_mode"/>
      <configSetting altId="p800.bus0.d14" configurationId="p800"/>
      <configSetting altId="p800.gpio_speed.gpio_speed_high" configurationId="p800.gpio_drivecapacity"/>
      <configSetting altId="p800.gpio_mode.gpio_mode_peripheral" configurationId="p800.gpio_mode"/>
      <configSetting altId="p801.bus0.d15" configurationId="p801"/>
      <configSetting altId="p801.gpio_speed.gpio_speed_high" configurationId="p801.gpio_drivecapacity"/>
      <configSetting altId="p801.gpio_mode.gpio_mode_peripheral" configurationId="p801.gpio_mode"/>
      <configSetting altId="p802.output.high" configurationId="p802"/>
      <configSetting altId="p802.gpio_mode.gpio_mode_out.high" configurationId="p802.gpio_mode"/>
      <configSetting altId="p803.output.high" configurationId="p803"/>
      <configSetting altId="p803.gpio_mode.gpio_mode_out.high" configurationId="p803.gpio_mode"/>
      <configSetting altId="p804.input" configurationId="p804"/>
      <configSetting altId="p804.gpio_mode.gpio_mode_in" configurationId="p804.gpio_mode"/>
      <configSetting altId="p804.gpio_pupd.gpio_pupd_ip_up" configurationId="p804.gpio_pupd"/>
      <configSetting altId="p805.output.low" configurationId="p805"/>
      <configSetting altId="p805.gpio_mode.gpio_mode_out.low" configurationId="p805.gpio_mode"/>
      <configSetting altId="p805.gpio_pupd.gpio_pupd_ip_up" configurationId="p805.gpio_pupd"/>
      <configSetting altId="p806.input" configurationId="p806"/>
      <configSetting altId="p806.gpio_mode.gpio_mode_in" configurationId="p806.gpio_mode"/>
      <configSetting altId="p806.gpio_pupd.gpio_pupd_ip_up" configurationId="p806.gpio_pupd"/>
      <configSetting altId="p900.sci4.txd" configurationId="p900"/>
      <configSetting altId="p900.gpio_mode.gpio_mode_peripheral" configurationId="p900.gpio_mode"/>
      <configSetting altId="p900.gpio_pupd.gpio_pupd_ip_up" configurationId="p900.gpio_pupd"/>
      <configSetting altId="p901.sci4.sck" configurationId="p901"/>
      <configSetting altId="p901.gpio_mode.gpio_mode_peripheral" configurationId="p901.gpio_mode"/>
      <configSetting altId="p901.gpio_pupd.gpio_pupd_ip_up" configurationId="p901.gpio_pupd"/>
      <configSetting altId="p905.output.high" configurationId="p905"/>
      <configSetting altId="p905.gpio_mode.gpio_mode_out.high" configurationId="p905.gpio_mode"/>
      <configSetting altId="p905.gpio_pupd.gpio_pupd_ip_up" configurationId="p905.gpio_pupd"/>
      <configSetting altId="p906.output.low" configurationId="p906"/>
      <configSetting altId="p906.gpio_mode.gpio_mode_out.low" configurationId="p906.gpio_mode"/>
      <configSetting altId="p907.output.low" configurationId="p907"/>
      <configSetting altId="p907.gpio_mode.gpio_mode_out.low" configurationId="p907.gpio_mode"/>
      <configSetting altId="p908.output.low" configurationId="p908"/>
      <configSetting altId="p908.gpio_mode.gpio_mode_out.low" configurationId="p908.gpio_mode"/>
      <configSetting altId="pa00.sci8.txd" configurationId="pa00"/>
      <configSetting altId="pa00.gpio_mode.gpio_mode_peripheral" configurationId="pa00.gpio_mode"/>
      <configSetting altId="pa00.gpio_pupd.gpio_pupd_ip_up" configurationId="pa00.gpio_pupd"/>
      <configSetting altId="pa01.sci8.sck" configurationId="pa01"/>
      <configSetting altId="pa01.gpio_mode.gpio_mode_peripheral" configurationId="pa01.gpio_mode"/>
      <configSetting altId="pa01.gpio_pupd.gpio_pupd_ip_up" configurationId="pa01.gpio_pupd"/>
      <configSetting altId="pa08.input" configurationId="pa08"/>
      <configSetting altId="pa08.gpio_mode.gpio_mode_in" configurationId="pa08.gpio_mode"/>
      <configSetting altId="pa08.gpio_pupd.gpio_pupd_ip_up" configurationId="pa08.gpio_pupd"/>
      <configSetting altId="pa09.input" configurationId="pa09"/>
      <configSetting altId="pa09.gpio_mode.gpio_mode_in" configurationId="pa09.gpio_mode"/>
      <configSetting altId="pa09.gpio_pupd.gpio_pupd_ip_up" configurationId="pa09.gpio_pupd"/>
      <configSetting altId="pa10.input" configurationId="pa10"/>
      <configSetting altId="pa10.gpio_mode.gpio_mode_in" configurationId="pa10.gpio_mode"/>
      <configSetting altId="pa10.gpio_pupd.gpio_pupd_ip_up" configurationId="pa10.gpio_pupd"/>
      <configSetting altId="pb00.sci3.sck" configurationId="pb00"/>
      <configSetting altId="pb00.gpio_mode.gpio_mode_peripheral" configurationId="pb00.gpio_mode"/>
      <configSetting altId="pb00.gpio_pupd.gpio_pupd_ip_up" configurationId="pb00.gpio_pupd"/>
      <configSetting altId="pb01.output.high" configurationId="pb01"/>
      <configSetting altId="pb01.gpio_mode.gpio_mode_out.high" configurationId="pb01.gpio_mode"/>
      <configSetting altId="pb01.gpio_pupd.gpio_pupd_ip_up" configurationId="pb01.gpio_pupd"/>
      <configSetting altId="pdc0.hsync.p409" configurationId="pdc0.hsync"/>
      <configSetting altId="pdc0.mode.enabled.free" configurationId="pdc0.mode"/>
      <configSetting altId="pdc0.pcko.p708" configurationId="pdc0.pcko"/>
      <configSetting altId="pdc0.pixclk.p408" configurationId="pdc0.pixclk"/>
      <configSetting altId="pdc0.pixd0.p410" configurationId="pdc0.pixd0"/>
      <configSetting altId="pdc0.pixd1.p411" configurationId="pdc0.pixd1"/>
      <configSetting altId="pdc0.pixd2.p412" configurationId="pdc0.pixd2"/>
      <configSetting altId="pdc0.pixd3.p413" configurationId="pdc0.pixd3"/>
      <configSetting altId="pdc0.pixd4.p414" configurationId="pdc0.pixd4"/>
      <configSetting altId="pdc0.pixd5.p415" configurationId="pdc0.pixd5"/>
      <configSetting altId="pdc0.pixd6.p404" configurationId="pdc0.pixd6"/>
      <configSetting altId="pdc0.pixd7.p403" configurationId="pdc0.pixd7"/>
      <configSetting altId="pdc0.vsync.p402" configurationId="pdc0.vsync"/>
      <configSetting altId="qspi0.pairing.b" configurationId="qspi0.pairing"/>
      <configSetting altId="sci3.mode.spi.b" configurationId="sci3.mode"/>
      <configSetting altId="sci3.pairing.b" configurationId="sci3.pairing"/>
      <configSetting altId="sci3.rxd.p706" configurationId="sci3.rxd"/>
      <configSetting altId="sci3.sck.pb00" configurationId="sci3.sck"/>
      <configSetting altId="sci3.txd.p707" configurationId="sci3.txd"/>
      <configSetting altId="sci4.mode.spi.c" configurationId="sci4.mode"/>
      <configSetting altId="sci4.pairing.c" configurationId="sci4.pairing"/>
      <configSetting altId="sci4.rxd.p315" configurationId="sci4.rxd"/>
      <configSetting altId="sci4.sck.p901" configurationId="sci4.sck"/>
      <configSetting altId="sci4.txd.p900" configurationId="sci4.txd"/>
      <configSetting altId="sci5.mode.spi.a" configurationId="sci5.mode"/>
      <configSetting altId="sci5.pairing.a" configurationId="sci5.pairing"/>
      <configSetting altId="sci5.rxd.p502" configurationId="sci5.rxd"/>
      <configSetting altId="sci5.sck.p503" configurationId="sci5.sck"/>
      <configSetting altId="sci5.txd.p501" configurationId="sci5.txd"/>
      <configSetting altId="sci7.pairing.a" configurationId="sci7.pairing"/>
      <configSetting altId="sci8.mode.spi.c" configurationId="sci8.mode"/>
      <configSetting altId="sci8.pairing.c" configurationId="sci8.pairing"/>
      <configSetting altId="sci8.rxd.p607" configurationId="sci8.rxd"/>
      <configSetting altId="sci8.sck.pa01" configurationId="sci8.sck"/>
      <configSetting altId="sci8.txd.pa00" configurationId="sci8.txd"/>
      <configSetting altId="spi0.pairing.free" configurationId="spi0.pairing"/>
      <configSetting altId="spi1.miso.p202" configurationId="spi1.miso"/>
      <configSetting altId="spi1.mode.enabled.a" configurationId="spi1.mode"/>
      <configSetting altId="spi1.mosi.p203" configurationId="spi1.mosi"/>
      <configSetting altId="spi1.rspck.p204" configurationId="spi1.rspck"/>
      <configSetting altId="usbfs0.mode.device" configurationId="usbfs0.mode"/>
      <configSetting altId="usbfs0.vbus.p407" configurationId="usbfs0.vbus"/>
      <lockSetting id="adc0.an03" lock="true"/>
      <lockSetting id="adc0.an04" lock="true"/>
      <lockSetting id="bus0.a00" lock="true"/>
      <lockSetting id="bus0.a01" lock="true"/>
      <lockSetting id="bus0.a02" lock="true"/>
      <lockSetting id="bus0.a03" lock="true"/>
      <lockSetting id="bus0.a04" lock="true"/>
      <lockSetting id="bus0.a05" lock="true"/>
      <lockSetting id="bus0.a06" lock="true"/>
      <lockSetting id="bus0.a07" lock="true"/>
      <lockSetting id="bus0.a08" lock="true"/>
      <lockSetting id="bus0.a09" lock="true"/>
      <lockSetting id="bus0.a10" lock="true"/>
      <lockSetting id="bus0.a11" lock="true"/>
      <lockSetting id="bus0.a12" lock="true"/>
      <lockSetting id="bus0.a13" lock="true"/>
      <lockSetting id="bus0.a14" lock="true"/>
      <lockSetting id="bus0.bclk" lock="true"/>
      <lockSetting id="bus0.cs0" lock="true"/>
      <lockSetting id="bus0.cs1" lock="true"/>
      <lockSetting id="bus0.cs2" lock="true"/>
      <lockSetting id="bus0.cs3" lock="true"/>
      <lockSetting id="bus0.d00" lock="true"/>
      <lockSetting id="bus0.d01" lock="true"/>
      <lockSetting id="bus0.d02" lock="true"/>
      <lockSetting id="bus0.d03" lock="true"/>
      <lockSetting id="bus0.d04" lock="true"/>
      <lockSetting id="bus0.d05" lock="true"/>
      <lockSetting id="bus0.d06" lock="true"/>
      <lockSetting id="bus0.d07" lock="true"/>
      <lockSetting id="bus0.d08" lock="true"/>
      <lockSetting id="bus0.d09" lock="true"/>
      <lockSetting id="bus0.d10" lock="true"/>
      <lockSetting id="bus0.d11" lock="true"/>
      <lockSetting id="bus0.d12" lock="true"/>
      <lockSetting id="bus0.d13" lock="true"/>
      <lockSetting id="bus0.d14" lock="true"/>
      <lockSetting id="bus0.d15" lock="true"/>
      <lockSetting id="bus0.sdcs" lock="true"/>
      <lockSetting id="bus0.wr" lock="true"/>
      <lockSetting id="can1.crx" lock="true"/>
      <lockSetting id="can1.ctx" lock="true"/>
      <lockSetting id="cgc0.extal" lock="true"/>
      <lockSetting id="cgc0.xtal" lock="true"/>
      <lockSetting id="debug0.tck" lock="true"/>
      <lockSetting id="debug0.tdi" lock="true"/>
      <lockSetting id="debug0.tdo" lock="true"/>
      <lockSetting id="debug0.tms" lock="true"/>
      <lockSetting id="etherc0.rmii.crs_dv" lock="true"/>
      <lockSetting id="etherc0.rmii.mdc" lock="true"/>
      <lockSetting id="etherc0.rmii.mdio" lock="true"/>
      <lockSetting id="etherc0.rmii.ref50ck" lock="true"/>
      <lockSetting id="etherc0.rmii.rx_er" lock="true"/>
      <lockSetting id="etherc0.rmii.rxd0" lock="true"/>
      <lockSetting id="etherc0.rmii.rxd1" lock="true"/>
      <lockSetting id="etherc0.rmii.txd0" lock="true"/>
      <lockSetting id="etherc0.rmii.txd1" lock="true"/>
      <lockSetting id="etherc0.rmii.txd_en" lock="true"/>
      <lockSetting id="iic0.scl" lock="true"/>
      <lockSetting id="iic0.sda" lock="true"/>
      <lockSetting id="iic1.scl" lock="true"/>
      <lockSetting id="iic1.sda" lock="true"/>
      <lockSetting id="pdc0.hsync" lock="true"/>
      <lockSetting id="pdc0.pcko" lock="true"/>
      <lockSetting id="pdc0.pixclk" lock="true"/>
      <lockSetting id="pdc0.pixd0" lock="true"/>
      <lockSetting id="pdc0.pixd1" lock="true"/>
      <lockSetting id="pdc0.pixd2" lock="true"/>
      <lockSetting id="pdc0.pixd3" lock="true"/>
      <lockSetting id="pdc0.pixd4" lock="true"/>
      <lockSetting id="pdc0.pixd5" lock="true"/>
      <lockSetting id="pdc0.pixd6" lock="true"/>
      <lockSetting id="pdc0.pixd7" lock="true"/>
      <lockSetting id="pdc0.vsync" lock="true"/>
      <lockSetting id="usbfs0.vbus" lock="true"/>
    </pincfg>
    <pincfg active="false" name="R7FA6M3AH3CFC.pincfg" selected="false" symbol="">
      <configSetting altId="debug0.mode.jtag" configurationId="debug0.mode"/>
      <configSetting altId="debug0.tck.p300" configurationId="debug0.tck"/>
      <configSetting altId="debug0.tdi.p110" configurationId="debug0.tdi"/>
      <configSetting altId="debug0.tdo.p109" configurationId="debug0.tdo"/>
      <configSetting altId="debug0.tms.p108" configurationId="debug0.tms"/>
      <configSetting altId="p108.debug0.tms" configurationId="p108"/>
      <configSetting altId="p108.gpio_mode.gpio_mode_peripheral" configurationId="p108.gpio_mode"/>
      <configSetting altId="p109.debug0.tdo" configurationId="p109"/>
      <configSetting altId="p109.gpio_mode.gpio_mode_peripheral" configurationId="p109.gpio_mode"/>
      <configSetting altId="p110.debug0.tdi" configurationId="p110"/>
      <configSetting altId="p110.gpio_mode.gpio_mode_peripheral" configurationId="p110.gpio_mode"/>
      <configSetting altId="p300.debug0.tck" configurationId="p300"/>
      <configSetting altId="p300.gpio_mode.gpio_mode_peripheral" configurationId="p300.gpio_mode"/>
    </pincfg>
  </raPinConfiguration>
</raConfiguration>
